,CustomerID,ProdTaken,Age,TypeofContact,CityTier,DurationOfPitch,Occupation,Gender,NumberOfPersonVisiting,NumberOfFollowups,ProductPitched,PreferredPropertyStar,MaritalStatus,NumberOfTrips,Passport,PitchSatisfactionScore,OwnCar,NumberOfChildrenVisiting,Designation,MonthlyIncome
0,200000,1,41,Self Enquiry,3,6,Salaried,Female,3,3,Deluxe,3,Single,1,1,2,1,0,Manager,20993
1,200001,0,49,Company Invited,1,14,Salaried,Male,3,4,Deluxe,4,Divorced,2,0,3,1,2,Manager,20130
2,200002,1,37,Self Enquiry,1,8,Free Lancer,Male,3,4,Basic,3,Single,7,1,3,0,0,Executive,17090
3,200003,0,33,Company Invited,1,9,Salaried,Female,2,3,Basic,3,Divorced,2,1,5,1,1,Executive,17909
5,200005,0,32,Company Invited,1,8,Salaried,Male,3,3,Basic,3,Single,1,0,5,1,1,Executive,18068
6,200006,0,59,Self Enquiry,1,9,Small Business,Female,2,2,Basic,5,Divorced,5,1,2,1,1,Executive,17670
7,200007,0,30,Self Enquiry,1,30,Salaried,Male,3,3,Basic,3,Married,2,0,2,0,1,Executive,17693
8,200008,0,38,Company Invited,1,29,Salaried,Male,2,4,Standard,3,Unmarried,1,0,3,0,0,Senior Manager,24526
9,200009,0,36,Self Enquiry,1,33,Small Business,Male,3,3,Deluxe,3,Divorced,7,0,3,1,0,Manager,20237
10,200010,0,35,Self Enquiry,1,22,Small Business,Male,2,2,Basic,4,Divorced,1,0,3,1,1,Executive,17426
12,200012,0,31,Self Enquiry,1,32,Salaried,Male,2,3,Basic,3,Married,2,0,3,0,1,Executive,17911
13,200013,0,34,Self Enquiry,1,25,Small Business,Male,3,3,Basic,3,Married,1,0,3,0,2,Executive,17661
14,200014,1,28,Self Enquiry,1,30,Salaried,Male,2,4,Basic,3,Single,6,1,2,0,0,Executive,17028
15,200015,0,29,Self Enquiry,1,27,Salaried,Female,2,2,Standard,5,Married,2,0,5,1,1,Senior Manager,24980
16,200016,0,32,Self Enquiry,1,11,Salaried,Male,3,2,Basic,4,Married,1,1,2,1,0,Executive,18298
17,200017,0,22,Company Invited,1,22,Small Business,Male,3,2,Basic,3,Married,2,1,3,0,0,Executive,17935
18,200018,0,53,Self Enquiry,3,8,Salaried,Female,3,4,Super Deluxe,3,Divorced,3,0,3,1,0,AVP,30427
22,200022,0,34,Self Enquiry,1,13,Salaried,Fe Male,2,3,Standard,4,Unmarried,1,0,3,1,0,Senior Manager,26994
23,200023,0,21,Self Enquiry,1,21,Salaried,Male,3,3,Basic,3,Single,2,0,3,1,1,Executive,16232
24,200024,1,34,Self Enquiry,1,12,Small Business,Male,2,3,Basic,5,Single,3,0,2,1,1,Executive,17960
25,200025,0,53,Self Enquiry,1,11,Salaried,Female,2,3,King,3,Married,5,0,5,0,1,VP,34094
27,200027,0,42,Self Enquiry,3,14,Small Business,Male,2,3,Deluxe,4,Divorced,1,0,3,0,1,Manager,21825
28,200028,0,44,Self Enquiry,1,13,Small Business,Female,2,4,Standard,3,Divorced,4,0,4,1,0,Senior Manager,25248
29,200029,0,46,Self Enquiry,3,8,Small Business,Female,2,3,King,5,Single,4,0,2,0,1,VP,33947
30,200030,0,33,Self Enquiry,1,8,Small Business,Male,3,3,Basic,3,Single,5,0,3,1,2,Executive,17496
31,200031,0,44,Self Enquiry,1,16,Salaried,Male,2,3,Deluxe,3,Divorced,3,1,3,1,1,Manager,21465
32,200032,0,30,Self Enquiry,1,15,Small Business,Male,2,4,Basic,3,Single,2,0,4,1,1,Executive,17206
33,200033,1,39,Self Enquiry,3,11,Large Business,Male,2,3,Deluxe,3,Divorced,4,0,2,0,1,Manager,17086
34,200034,1,24,Self Enquiry,1,6,Small Business,Male,3,3,Basic,3,Divorced,3,1,3,1,2,Executive,17293
35,200035,0,43,Self Enquiry,1,8,Small Business,Female,3,2,Basic,3,Married,2,0,2,0,1,Executive,17645
36,200036,1,50,Self Enquiry,3,9,Small Business,Male,2,4,Basic,3,Divorced,2,1,4,0,0,Executive,17683
37,200037,0,35,Self Enquiry,3,8,Small Business,Female,3,3,Basic,3,Divorced,2,0,2,1,0,Executive,17014
39,200039,0,33,Company Invited,3,6,Salaried,Female,2,2,Deluxe,5,Divorced,3,0,3,1,0,Manager,20376
40,200040,0,35,Self Enquiry,1,10,Salaried,Male,3,3,Basic,3,Married,2,0,4,0,0,Executive,16951
41,200041,0,27,Self Enquiry,1,8,Salaried,Female,2,3,Basic,5,Married,2,0,3,0,1,Executive,17341
42,200042,1,26,Self Enquiry,1,31,Salaried,Male,2,5,Basic,3,Single,2,0,2,1,1,Executive,17293
43,200043,0,27,Company Invited,3,14,Salaried,Male,2,3,Standard,3,Unmarried,2,0,2,1,0,Senior Manager,23726
45,200045,1,41,Self Enquiry,1,18,Large Business,Female,2,3,King,3,Divorced,2,0,4,1,0,VP,34545
47,200047,0,37,Self Enquiry,1,25,Salaried,Male,3,3,Basic,4,Divorced,5,0,4,1,1,Executive,18022
48,200048,0,46,Company Invited,3,11,Small Business,Male,3,3,Deluxe,3,Single,5,1,5,1,1,Manager,20772
49,200049,0,35,Self Enquiry,1,14,Salaried,Male,2,2,Basic,3,Divorced,2,0,5,1,1,Executive,17269
50,200050,1,48,Self Enquiry,1,6,Salaried,Male,3,4,Standard,3,Single,1,1,5,0,2,Senior Manager,20381
52,200052,0,44,Self Enquiry,3,6,Small Business,Female,3,3,Deluxe,5,Married,6,1,2,0,0,Manager,20454
53,200053,0,35,Company Invited,1,17,Small Business,Male,3,4,Standard,5,Divorced,3,1,5,1,1,Senior Manager,24884
55,200055,0,33,Company Invited,1,6,Salaried,Fe Male,3,3,Standard,3,Unmarried,2,1,2,1,0,Senior Manager,28458
56,200056,0,35,Company Invited,3,24,Salaried,Male,3,3,Standard,5,Divorced,2,0,4,1,0,Senior Manager,24069
58,200058,0,31,Self Enquiry,1,13,Salaried,Male,2,3,Deluxe,3,Married,4,0,3,1,0,Manager,20915
59,200059,0,37,Self Enquiry,1,6,Salaried,Male,2,4,Deluxe,3,Married,2,0,5,1,1,Manager,20993
60,200060,0,32,Self Enquiry,1,6,Small Business,Male,2,3,Deluxe,3,Divorced,2,1,4,1,0,Manager,21162
61,200061,0,38,Company Invited,1,35,Salaried,Female,2,3,Deluxe,3,Single,2,0,3,1,0,Manager,17406
62,200062,0,50,Self Enquiry,1,13,Small Business,Female,2,4,King,3,Married,6,1,4,1,1,VP,33740
63,200063,0,59,Self Enquiry,3,31,Salaried,Female,2,3,Standard,5,Unmarried,1,0,3,1,0,Senior Manager,22637
64,200064,0,36,Self Enquiry,1,14,Large Business,Female,2,3,Standard,3,Married,2,0,4,1,1,Senior Manager,25096
65,200065,0,55,Self Enquiry,1,14,Small Business,Female,2,3,Super Deluxe,3,Married,3,1,3,0,1,AVP,29756
66,200066,0,36,Company Invited,1,17,Salaried,Male,3,4,Deluxe,4,Unmarried,2,0,4,1,1,Manager,21499
67,200067,0,45,Self Enquiry,1,13,Salaried,Male,2,3,Standard,5,Married,3,0,3,1,1,Senior Manager,24724
68,200068,0,35,Company Invited,1,6,Small Business,Male,3,3,Basic,5,Divorced,5,0,2,0,1,Executive,17194
70,200070,0,59,Company Invited,3,6,Salaried,Female,2,4,Deluxe,3,Single,1,0,5,1,1,Manager,20473
71,200071,0,29,Self Enquiry,1,8,Salaried,Male,3,3,Basic,4,Divorced,1,0,4,0,0,Executive,17703
72,200072,0,31,Self Enquiry,1,6,Small Business,Male,2,3,Basic,4,Single,2,0,3,0,0,Executive,17501
73,200073,0,32,Self Enquiry,1,6,Salaried,Male,3,3,Deluxe,4,Divorced,2,0,3,0,0,Manager,21220
74,200074,0,36,Self Enquiry,1,12,Salaried,Female,2,2,Deluxe,3,Divorced,4,0,2,0,0,Manager,18038
77,200077,0,45,Self Enquiry,1,12,Salaried,Male,2,3,Standard,5,Divorced,5,1,3,0,0,Senior Manager,28245
78,200078,0,37,Self Enquiry,1,13,Small Business,Male,1,3,Standard,3,Single,5,0,2,0,0,Senior Manager,28664
80,200080,0,30,Self Enquiry,1,6,Salaried,Male,2,4,Deluxe,3,Divorced,2,1,2,1,1,Manager,20126
81,200081,0,35,Self Enquiry,1,6,Small Business,Male,1,4,Basic,3,Single,2,0,4,1,0,Executive,17859
82,200082,0,55,Self Enquiry,3,6,Salaried,Male,3,3,Standard,3,Divorced,4,0,2,0,1,Senior Manager,25239
83,200083,0,38,Company Invited,1,12,Small Business,Female,3,5,Deluxe,3,Married,1,1,2,0,2,Manager,20329
85,200085,0,56,Self Enquiry,1,13,Salaried,Male,2,5,Standard,3,Unmarried,5,0,2,0,0,Senior Manager,22260
86,200086,0,23,Self Enquiry,3,8,Large Business,Male,3,3,Basic,5,Married,4,0,3,1,1,Executive,17322
87,200087,0,51,Self Enquiry,1,15,Salaried,Male,3,3,Basic,3,Divorced,4,0,3,1,0,Executive,17075
89,200089,1,46,Self Enquiry,3,15,Small Business,Male,3,4,Standard,3,Unmarried,2,0,5,0,1,Senior Manager,24619
90,200090,0,40,Company Invited,1,6,Salaried,Male,3,4,Super Deluxe,4,Divorced,2,0,2,1,2,AVP,28503
91,200091,0,51,Self Enquiry,3,27,Small Business,Male,3,3,Deluxe,3,Single,1,1,5,1,1,Manager,20441
92,200092,0,30,Self Enquiry,3,10,Small Business,Female,3,4,Deluxe,4,Married,2,1,3,1,1,Manager,20209
93,200093,0,46,Company Invited,1,6,Small Business,Male,2,4,Standard,5,Divorced,3,1,2,1,1,Senior Manager,25673
95,200095,0,54,Self Enquiry,1,8,Large Business,Female,2,3,Standard,3,Divorced,1,0,4,1,0,Senior Manager,28549
98,200098,0,58,Self Enquiry,3,16,Small Business,Male,2,3,Super Deluxe,3,Single,1,0,3,1,1,AVP,28872
99,200099,0,44,Company Invited,1,29,Small Business,Male,3,3,Deluxe,4,Divorced,5,0,3,1,0,Manager,17042
100,200100,1,37,Self Enquiry,2,12,Salaried,Male,3,3,Basic,5,Married,5,1,2,1,0,Executive,17073
101,200101,0,32,Self Enquiry,1,6,Salaried,Male,3,3,Basic,5,Single,2,0,2,0,2,Executive,17956
102,200102,1,20,Company Invited,1,12,Salaried,Female,3,4,Basic,3,Single,2,1,2,1,1,Executive,17926
104,200104,0,37,Company Invited,1,8,Salaried,Male,3,4,Deluxe,3,Married,6,0,2,0,1,Manager,20163
105,200105,0,59,Company Invited,2,8,Salaried,Female,2,4,King,3,Divorced,1,0,2,1,1,VP,33844
106,200106,0,50,Company Invited,1,6,Salaried,Female,3,3,King,4,Divorced,4,1,2,0,2,VP,33172
107,200107,1,25,Self Enquiry,3,11,Small Business,Male,2,4,Deluxe,3,Single,2,1,3,1,0,Manager,20744
108,200108,0,25,Self Enquiry,1,13,Small Business,Male,3,4,Basic,3,Divorced,2,0,2,1,2,Executive,17889
109,200109,0,22,Self Enquiry,1,21,Small Business,Female,2,3,Basic,3,Single,2,0,2,1,1,Executive,17871
110,200110,0,51,Company Invited,1,6,Small Business,Female,1,4,Standard,5,Unmarried,4,0,2,1,0,Senior Manager,22484
111,200111,1,34,Company Invited,1,13,Salaried,Male,3,5,Deluxe,3,Single,2,1,5,1,1,Manager,21074
112,200112,0,54,Company Invited,2,32,Salaried,Female,1,2,Super Deluxe,3,Single,3,1,3,1,0,AVP,32328
113,200113,0,24,Self Enquiry,1,24,Salaried,Male,2,3,Basic,3,Divorced,1,0,4,1,0,Executive,17774
115,200115,0,37,Self Enquiry,3,9,Salaried,Male,2,3,Standard,3,Unmarried,3,0,3,0,0,Senior Manager,22428
116,200116,0,34,Self Enquiry,1,11,Small Business,Fe Male,2,4,Standard,5,Unmarried,3,0,2,0,0,Senior Manager,26631
117,200117,0,36,Company Invited,3,17,Large Business,Female,3,3,Standard,3,Divorced,1,0,5,0,0,Senior Manager,24738
118,200118,0,36,Self Enquiry,1,9,Salaried,Female,2,3,Basic,3,Married,6,0,2,1,0,Executive,17835
119,200119,0,43,Company Invited,3,32,Salaried,Male,3,3,Super Deluxe,3,Divorced,2,1,2,0,0,AVP,31959
120,200120,0,30,Company Invited,1,29,Salaried,Male,3,5,Basic,3,Married,2,0,3,1,2,Executive,17613
121,200121,0,33,Company Invited,3,28,Small Business,Male,3,3,Deluxe,4,Divorced,1,0,2,0,1,Manager,21146
123,200123,0,51,Self Enquiry,1,12,Salaried,Male,2,3,King,3,Single,1,0,5,1,0,VP,34537
124,200124,1,31,Self Enquiry,3,12,Salaried,Male,3,5,Deluxe,3,Divorced,5,1,3,1,1,Manager,21172
125,200125,0,26,Self Enquiry,1,12,Salaried,Female,2,4,Basic,4,Divorced,2,0,3,1,0,Executive,17368
126,200126,1,58,Self Enquiry,1,29,Small Business,Female,3,3,Standard,3,Divorced,2,0,3,1,0,Senior Manager,25312
127,200127,1,19,Self Enquiry,3,28,Small Business,Male,2,3,Basic,3,Single,2,1,2,0,1,Executive,16675
128,200128,0,22,Self Enquiry,1,8,Large Business,Male,3,3,Basic,3,Divorced,1,0,5,1,2,Executive,17523
129,200129,0,49,Self Enquiry,1,26,Small Business,Female,3,3,Deluxe,5,Divorced,2,0,2,1,2,Manager,21567
131,200131,0,50,Company Invited,3,18,Small Business,Fe Male,3,3,Standard,3,Unmarried,5,0,5,0,0,Senior Manager,24208
133,200133,0,41,Self Enquiry,3,15,Salaried,Male,3,3,Standard,3,Married,4,1,2,0,1,Senior Manager,23189
134,200134,0,26,Self Enquiry,2,31,Salaried,Female,3,3,Basic,3,Divorced,2,0,4,1,0,Executive,17942
136,200136,1,51,Company Invited,1,14,Salaried,Male,2,5,Standard,3,Unmarried,3,0,2,0,1,Senior Manager,25650
137,200137,0,39,Self Enquiry,3,10,Salaried,Female,2,4,Deluxe,3,Divorced,5,0,5,1,0,Manager,20902
138,200138,0,25,Self Enquiry,3,34,Salaried,Male,2,4,Deluxe,3,Divorced,3,0,4,0,0,Manager,23639
139,200139,0,30,Self Enquiry,2,15,Salaried,Male,2,3,Deluxe,3,Divorced,1,1,3,1,1,Manager,21347
142,200142,0,38,Self Enquiry,1,9,Large Business,Female,2,3,Deluxe,3,Single,4,1,5,0,0,Manager,1000
143,200143,0,30,Self Enquiry,1,24,Salaried,Female,3,3,Basic,3,Single,2,0,2,1,0,Executive,17632
145,200145,0,30,Self Enquiry,1,11,Large Business,Female,2,3,Basic,5,Married,6,0,5,1,1,Executive,18204
146,200146,0,30,Self Enquiry,1,8,Small Business,Male,2,4,Basic,3,Single,1,0,4,0,0,Executive,17720
147,200147,0,41,Company Invited,1,16,Salaried,Male,3,4,Super Deluxe,5,Married,5,0,2,1,0,AVP,32181
148,200148,0,41,Self Enquiry,1,15,Salaried,Male,3,3,Basic,5,Divorced,3,0,2,0,2,Executive,17238
149,200149,0,19,Self Enquiry,1,9,Small Business,Female,3,3,Basic,4,Single,2,0,3,1,2,Executive,16483
150,200150,0,40,Company Invited,1,32,Small Business,Female,2,3,Deluxe,4,Married,2,0,2,1,0,Manager,20605
151,200151,0,35,Self Enquiry,3,6,Small Business,Male,3,3,Standard,4,Divorced,2,0,4,1,2,Senior Manager,22295
152,200152,0,53,Self Enquiry,3,12,Small Business,Male,2,3,Deluxe,3,Divorced,3,1,5,0,0,Manager,17306
153,200153,0,45,Self Enquiry,1,15,Salaried,Male,2,3,Deluxe,4,Married,1,0,4,1,0,Manager,17348
154,200154,0,32,Company Invited,3,14,Small Business,Fe Male,2,3,Standard,3,Unmarried,2,0,4,1,1,Senior Manager,23998
156,200156,0,51,Self Enquiry,1,13,Small Business,Male,2,4,Deluxe,3,Divorced,3,0,3,1,1,Manager,21132
157,200157,0,58,Self Enquiry,1,15,Small Business,Female,3,4,Basic,4,Divorced,5,1,2,1,0,Executive,18346
158,200158,0,40,Self Enquiry,3,10,Small Business,Male,3,4,Standard,3,Divorced,1,0,2,1,0,Senior Manager,25855
159,200159,0,34,Company Invited,3,8,Small Business,Female,3,3,Basic,3,Divorced,7,0,5,1,2,Executive,17231
160,200160,0,22,Self Enquiry,1,25,Small Business,Male,3,3,Basic,3,Divorced,2,0,2,0,1,Executive,17323
161,200161,0,27,Company Invited,1,15,Small Business,Male,2,3,Basic,4,Married,7,0,3,0,0,Executive,17024
162,200162,0,28,Self Enquiry,1,27,Small Business,Male,2,3,Basic,3,Divorced,2,0,2,0,0,Executive,17713
163,200163,0,57,Self Enquiry,1,30,Salaried,Male,2,2,Standard,3,Married,4,1,4,1,1,Senior Manager,24439
164,200164,0,27,Company Invited,1,9,Small Business,Male,3,4,Basic,3,Married,2,1,2,0,2,Executive,17566
166,200166,0,41,Self Enquiry,1,20,Salaried,Male,2,3,Basic,3,Married,5,0,4,1,1,Executive,17451
167,200167,0,30,Self Enquiry,3,11,Salaried,Female,2,3,Standard,3,Divorced,3,0,4,1,1,Senior Manager,24419
168,200168,0,38,Self Enquiry,3,6,Salaried,Fe Male,2,4,Deluxe,3,Unmarried,5,0,2,1,1,Manager,23686
169,200169,0,32,Self Enquiry,1,12,Salaried,Male,2,3,Basic,3,Single,4,0,2,0,1,Executive,18038
170,200170,0,27,Self Enquiry,1,23,Large Business,Male,2,3,Basic,4,Divorced,1,1,4,1,0,Executive,18058
171,200171,1,19,Company Invited,3,6,Large Business,Female,3,5,Basic,5,Single,1,0,3,1,1,Executive,17325
172,200172,0,36,Company Invited,1,9,Small Business,Male,1,3,Basic,4,Single,5,0,4,1,0,Executive,17088
173,200173,0,30,Company Invited,1,15,Small Business,Male,3,3,Deluxe,5,Married,2,0,2,0,1,Manager,18072
176,200176,0,33,Self Enquiry,1,8,Salaried,Male,2,3,Basic,3,Single,1,0,3,0,1,Executive,17500
177,200177,1,19,Self Enquiry,1,8,Salaried,Male,2,4,Basic,3,Single,2,0,5,0,0,Executive,16102
178,200178,0,46,Self Enquiry,3,6,Small Business,Female,3,3,Standard,5,Married,2,0,2,1,1,Senior Manager,25453
179,200179,0,38,Self Enquiry,1,15,Salaried,Female,3,3,Basic,3,Single,2,0,2,1,1,Executive,17288
181,200181,0,34,Self Enquiry,1,33,Small Business,Female,3,3,Basic,4,Single,3,0,3,1,0,Executive,17311
182,200182,1,41,Self Enquiry,3,26,Small Business,Female,3,3,Basic,4,Single,2,1,4,0,2,Executive,18140
185,200185,0,33,Self Enquiry,1,20,Small Business,Female,3,3,Basic,4,Divorced,2,0,5,0,0,Executive,17756
186,200186,0,40,Self Enquiry,1,10,Small Business,Female,2,3,King,3,Divorced,2,0,5,0,1,VP,34033
187,200187,0,55,Self Enquiry,1,20,Small Business,Male,3,2,King,4,Single,1,0,2,0,2,VP,33722
188,200188,0,34,Company Invited,1,8,Salaried,Male,2,4,Deluxe,3,Divorced,2,0,4,0,0,Manager,24547
189,200189,0,51,Self Enquiry,1,9,Small Business,Female,3,3,Super Deluxe,4,Single,4,0,5,0,1,AVP,28734
191,200191,0,27,Self Enquiry,1,15,Small Business,Female,2,3,Basic,4,Single,2,0,3,1,0,Executive,17279
192,200192,1,35,Self Enquiry,1,29,Salaried,Male,2,4,Deluxe,3,Divorced,4,1,4,1,1,Manager,20916
193,200193,0,43,Company Invited,1,13,Small Business,Male,2,2,Basic,3,Married,5,0,4,0,1,Executive,17089
194,200194,0,45,Company Invited,1,8,Small Business,Male,3,4,Super Deluxe,3,Divorced,1,0,4,1,0,AVP,31792
197,200197,0,42,Company Invited,1,27,Small Business,Female,2,3,Deluxe,3,Married,3,0,2,0,0,Manager,20265
198,200198,0,38,Self Enquiry,1,8,Salaried,Male,2,3,Deluxe,3,Divorced,1,0,2,0,1,Manager,21553
199,200199,0,38,Self Enquiry,1,35,Large Business,Male,2,3,Deluxe,3,Divorced,4,0,2,0,1,Manager,21261
201,200201,0,49,Company Invited,1,24,Salaried,Male,3,3,Deluxe,3,Married,2,1,2,0,1,Manager,21804
203,200203,0,40,Self Enquiry,1,25,Small Business,Male,2,3,Deluxe,3,Divorced,1,1,2,1,1,Manager,17741
204,200204,1,38,Self Enquiry,1,35,Small Business,Male,3,3,Deluxe,5,Divorced,1,1,3,0,1,Manager,21673
205,200205,1,29,Self Enquiry,3,33,Small Business,Female,2,3,Standard,3,Divorced,2,0,3,1,1,Senior Manager,22639
206,200206,0,22,Self Enquiry,1,11,Salaried,Male,2,2,Basic,4,Married,2,1,4,0,0,Executive,17328
207,200207,0,36,Company Invited,1,24,Small Business,Female,3,3,Basic,3,Single,2,0,3,1,2,Executive,17153
209,200209,0,46,Self Enquiry,1,6,Small Business,Male,3,3,Standard,5,Married,1,0,2,0,0,Senior Manager,24396
210,200210,1,32,Self Enquiry,3,10,Small Business,Male,2,5,Standard,3,Divorced,2,0,2,1,1,Senior Manager,25400
211,200211,0,30,Company Invited,1,6,Salaried,Male,2,4,Standard,3,Unmarried,2,0,5,1,1,Senior Manager,23474
212,200212,0,27,Company Invited,3,26,Salaried,Fe Male,2,3,Deluxe,3,Unmarried,2,0,2,1,1,Manager,24981
213,200213,0,51,Self Enquiry,1,14,Salaried,Male,2,4,Standard,4,Divorced,6,0,3,1,1,Senior Manager,27490
214,200214,1,30,Self Enquiry,1,9,Large Business,Female,2,3,Basic,5,Single,6,1,4,1,1,Executive,17657
215,200215,0,41,Self Enquiry,3,12,Salaried,Fe Male,3,3,Standard,3,Single,4,1,2,0,1,Senior Manager,28591
216,200216,1,30,Company Invited,3,32,Small Business,Female,2,4,Deluxe,5,Unmarried,6,0,2,0,1,Manager,21696
217,200217,1,29,Self Enquiry,1,6,Large Business,Male,2,3,Basic,3,Single,1,0,2,0,0,Executive,17058
218,200218,0,45,Company Invited,3,12,Small Business,Fe Male,2,4,Standard,3,Unmarried,7,0,4,1,0,Senior Manager,23865
219,200219,0,54,Self Enquiry,3,9,Small Business,Female,2,3,Deluxe,5,Divorced,3,0,4,1,1,Manager,20940
220,200220,0,36,Self Enquiry,1,11,Salaried,Male,3,3,Deluxe,4,Single,1,0,2,0,2,Manager,20914
221,200221,0,33,Self Enquiry,1,10,Small Business,Female,2,4,Basic,4,Divorced,7,0,4,0,0,Executive,17622
222,200222,0,37,Company Invited,1,17,Salaried,Male,2,3,Standard,3,Married,2,1,3,0,1,Senior Manager,27185
223,200223,0,38,Self Enquiry,3,9,Salaried,Male,3,3,Standard,3,Married,1,0,2,1,1,Senior Manager,25609
225,200225,0,59,Self Enquiry,1,9,Salaried,Male,3,4,Basic,3,Divorced,4,0,3,0,1,Executive,17177
226,200226,0,37,Company Invited,3,10,Small Business,Male,2,3,Basic,3,Married,5,0,4,1,0,Executive,17177
227,200227,0,29,Company Invited,3,6,Small Business,Female,2,3,Standard,3,Divorced,2,0,3,1,0,Senior Manager,22918
228,200228,0,35,Company Invited,3,6,Small Business,Fe Male,3,3,Standard,3,Unmarried,2,0,5,1,0,Senior Manager,23789
229,200229,1,29,Self Enquiry,1,24,Small Business,Male,2,4,Basic,3,Single,2,1,3,0,1,Executive,17389
230,200230,0,52,Self Enquiry,1,8,Salaried,Female,2,4,Basic,3,Single,1,0,3,0,0,Executive,18212
231,200231,0,42,Self Enquiry,1,10,Large Business,Male,2,3,King,3,Divorced,2,0,2,0,1,VP,34232
232,200232,0,59,Self Enquiry,2,12,Small Business,Male,2,3,Basic,3,Divorced,1,0,4,1,0,Executive,17267
233,200233,0,50,Self Enquiry,3,6,Small Business,Female,3,3,King,3,Married,4,0,2,1,1,VP,34517
234,200234,1,33,Self Enquiry,1,20,Small Business,Male,2,3,Basic,3,Divorced,6,1,2,0,1,Executive,17436
235,200235,0,43,Self Enquiry,3,22,Small Business,Female,3,3,Super Deluxe,3,Divorced,6,1,3,0,1,AVP,31064
236,200236,1,33,Self Enquiry,1,8,Salaried,Female,2,3,Basic,5,Divorced,1,0,3,1,0,Executive,17707
237,200237,0,52,Company Invited,3,8,Salaried,Male,3,4,King,3,Single,2,1,2,1,2,VP,34068
240,200240,0,39,Self Enquiry,1,6,Small Business,Female,3,3,Basic,3,Married,1,0,3,0,1,Executive,17232
242,200242,0,41,Self Enquiry,1,25,Salaried,Male,2,3,Deluxe,5,Married,3,0,2,1,0,Manager,18072
243,200243,0,40,Self Enquiry,1,30,Large Business,Male,3,3,Deluxe,3,Married,2,0,3,1,1,Manager,18319
244,200244,0,45,Self Enquiry,1,6,Salaried,Male,3,2,King,3,Divorced,1,0,4,1,2,VP,34202
245,200245,0,31,Company Invited,1,9,Small Business,Male,3,3,Standard,3,Married,1,0,4,1,2,Senior Manager,28675
246,200246,0,33,Self Enquiry,1,11,Salaried,Female,3,4,Basic,3,Divorced,2,0,2,0,2,Executive,17911
247,200247,0,34,Self Enquiry,1,8,Salaried,Male,2,4,Deluxe,5,Divorced,7,0,4,0,1,Manager,20957
249,200249,0,45,Company Invited,1,13,Salaried,Male,3,2,Deluxe,3,Divorced,5,0,2,0,2,Manager,21434
250,200250,1,37,Company Invited,1,16,Small Business,Male,3,3,Standard,3,Married,7,0,3,1,2,Senior Manager,25048
251,200251,0,39,Company Invited,1,8,Large Business,Fe Male,3,3,Standard,3,Unmarried,1,0,2,1,1,Senior Manager,25938
252,200252,0,29,Self Enquiry,1,21,Salaried,Male,2,3,Basic,3,Single,2,0,3,0,0,Executive,17340
253,200253,0,42,Self Enquiry,1,23,Salaried,Female,2,2,Deluxe,5,Unmarried,4,1,2,0,0,Manager,21545
254,200254,0,29,Self Enquiry,3,26,Small Business,Male,2,3,Deluxe,3,Married,3,0,2,1,1,Manager,21931
256,200256,0,42,Self Enquiry,1,8,Small Business,Female,2,4,Basic,5,Married,1,1,4,1,0,Executive,17593
257,200257,0,40,Self Enquiry,1,8,Small Business,Male,2,3,King,3,Married,1,0,5,0,0,VP,34436
258,200258,0,51,Self Enquiry,1,6,Salaried,Male,3,3,Basic,3,Divorced,2,0,4,1,0,Executive,17723
260,200260,0,32,Company Invited,1,13,Salaried,Male,3,2,Basic,4,Divorced,2,0,2,0,1,Executive,17794
261,200261,0,38,Company Invited,3,8,Salaried,Male,2,4,Deluxe,3,Divorced,4,0,5,1,1,Manager,20249
262,200262,0,32,Self Enquiry,1,8,Large Business,Male,2,4,Deluxe,5,Single,5,0,4,0,1,Manager,17176
263,200263,0,46,Self Enquiry,3,8,Large Business,Female,3,5,Super Deluxe,4,Divorced,4,1,5,1,2,AVP,31872
265,200265,0,29,Self Enquiry,3,8,Small Business,Male,3,4,Deluxe,4,Divorced,3,0,4,0,1,Manager,21644
266,200266,0,31,Self Enquiry,1,29,Small Business,Male,3,4,Deluxe,3,Divorced,1,0,3,1,1,Manager,20582
268,200268,0,45,Self Enquiry,1,26,Small Business,Male,3,3,Super Deluxe,3,Divorced,1,1,3,0,0,AVP,28496
269,200269,0,36,Self Enquiry,1,12,Salaried,Male,2,3,Basic,3,Divorced,1,0,5,1,1,Executive,18210
270,200270,0,55,Self Enquiry,1,6,Small Business,Male,2,3,King,5,Single,1,1,2,1,0,VP,34045
271,200271,1,47,Company Invited,1,35,Salaried,Male,2,3,Standard,4,Divorced,2,1,3,1,0,Senior Manager,26849
272,200272,0,28,Self Enquiry,1,15,Small Business,Male,3,3,Basic,3,Divorced,2,0,2,1,1,Executive,17070
273,200273,0,37,Self Enquiry,3,12,Small Business,Male,3,3,Deluxe,3,Divorced,5,0,3,0,0,Manager,21502
274,200274,0,21,Self Enquiry,1,9,Small Business,Male,3,4,Basic,3,Single,2,0,5,1,1,Executive,18230
275,200275,0,37,Company Invited,1,6,Small Business,Female,1,3,Standard,3,Married,3,1,3,0,0,Senior Manager,28603
276,200276,0,35,Self Enquiry,1,28,Salaried,Female,3,2,Standard,4,Married,1,0,5,1,1,Senior Manager,26996
277,200277,0,38,Self Enquiry,3,13,Small Business,Female,2,2,Deluxe,5,Married,2,1,3,0,0,Manager,20605
278,200278,0,26,Company Invited,1,6,Salaried,Female,2,3,Deluxe,4,Married,2,0,5,0,1,Manager,21397
279,200279,0,50,Self Enquiry,1,10,Salaried,Male,3,3,King,4,Married,4,0,5,1,0,VP,34144
280,200280,0,53,Self Enquiry,1,9,Small Business,Male,2,3,Super Deluxe,3,Divorced,4,1,5,0,0,AVP,32584
281,200281,0,42,Self Enquiry,3,6,Salaried,Male,2,3,Deluxe,3,Divorced,2,0,3,1,0,Manager,19907
283,200283,0,55,Self Enquiry,1,26,Large Business,Male,2,3,Deluxe,3,Divorced,4,1,2,1,1,Manager,20415
285,200285,0,37,Self Enquiry,1,6,Salaried,Female,2,3,Basic,3,Single,2,0,2,1,1,Executive,17115
286,200286,1,44,Company Invited,1,30,Salaried,Male,2,3,Basic,3,Married,4,1,5,0,1,Executive,18161
287,200287,0,38,Self Enquiry,1,29,Salaried,Male,2,3,Deluxe,3,Married,1,0,3,0,0,Manager,20745
288,200288,1,26,Self Enquiry,1,22,Small Business,Male,2,3,Basic,4,Married,3,1,2,1,1,Executive,17373
289,200289,0,28,Self Enquiry,1,14,Salaried,Female,3,3,Basic,3,Single,2,0,4,0,1,Executive,18310
290,200290,0,49,Company Invited,1,16,Salaried,Female,2,3,King,5,Single,1,1,3,0,0,VP,33665
292,200292,0,31,Company Invited,3,11,Small Business,Female,2,3,Basic,4,Married,2,0,3,0,1,Executive,17789
293,200293,1,26,Self Enquiry,3,10,Small Business,Male,2,4,Deluxe,3,Single,2,1,2,1,1,Manager,20828
294,200294,0,37,Company Invited,1,15,Small Business,Male,2,3,Basic,3,Divorced,2,1,2,0,0,Executive,17326
295,200295,0,42,Company Invited,3,32,Small Business,Female,3,3,Super Deluxe,4,Divorced,6,0,3,1,2,AVP,28525
296,200296,1,18,Self Enquiry,1,9,Salaried,Male,2,3,Basic,3,Single,2,0,4,0,0,Executive,16420
297,200297,0,35,Self Enquiry,3,22,Small Business,Male,3,3,Standard,4,Divorced,1,0,2,1,2,Senior Manager,23020
299,200299,0,51,Self Enquiry,1,8,Small Business,Male,2,5,Deluxe,4,Married,6,0,2,0,0,Manager,20482
300,200300,0,41,Self Enquiry,3,8,Salaried,Male,2,3,Super Deluxe,4,Single,2,0,3,1,0,AVP,31015
301,200301,0,18,Self Enquiry,3,16,Small Business,Female,3,4,Basic,3,Single,2,0,2,1,2,Executive,16200
302,200302,0,28,Self Enquiry,1,22,Small Business,Male,3,2,Deluxe,5,Single,1,0,5,0,2,Manager,20661
303,200303,0,31,Self Enquiry,3,13,Large Business,Male,3,2,Deluxe,3,Divorced,5,0,2,1,0,Manager,21929
304,200304,0,39,Self Enquiry,1,6,Small Business,Male,2,2,Standard,3,Married,1,0,3,1,0,Senior Manager,24613
305,200305,0,36,Company Invited,1,30,Salaried,Female,2,3,Deluxe,4,Divorced,1,0,3,0,0,Manager,20674
306,200306,0,32,Self Enquiry,3,13,Salaried,Male,3,4,Deluxe,3,Divorced,2,0,3,1,2,Manager,20484
307,200307,0,38,Self Enquiry,1,31,Salaried,Female,2,4,Standard,4,Divorced,4,0,3,1,0,Senior Manager,27061
308,200308,0,58,Company Invited,1,6,Salaried,Male,2,5,Deluxe,3,Married,3,1,2,1,1,Manager,20660
310,200310,0,31,Self Enquiry,2,8,Salaried,Male,3,4,Deluxe,5,Divorced,4,0,3,0,1,Manager,21410
311,200311,0,45,Company Invited,1,13,Salaried,Male,3,3,Standard,5,Married,2,0,2,1,2,Senior Manager,20210
312,200312,0,31,Self Enquiry,1,8,Salaried,Male,2,3,Basic,3,Married,1,1,4,1,1,Executive,17695
313,200313,0,33,Company Invited,1,11,Salaried,Female,3,3,Standard,4,Divorced,7,0,3,1,2,Senior Manager,26878
314,200314,0,39,Self Enquiry,1,16,Small Business,Male,2,3,Super Deluxe,5,Divorced,2,1,3,1,1,AVP,32068
315,200315,0,43,Company Invited,1,16,Salaried,Female,2,3,Basic,3,Single,1,0,5,0,1,Executive,17455
316,200316,0,49,Self Enquiry,1,6,Large Business,Female,2,4,Super Deluxe,3,Single,1,1,3,1,0,AVP,28964
318,200318,0,27,Self Enquiry,1,11,Salaried,Female,2,3,Basic,4,Single,2,1,3,0,1,Executive,17478
319,200319,0,32,Self Enquiry,3,14,Large Business,Female,3,4,Deluxe,4,Divorced,2,1,2,1,0,Manager,20228
321,200321,0,31,Self Enquiry,3,13,Small Business,Male,3,3,Deluxe,3,Married,5,0,2,0,0,Manager,22547
324,200324,0,30,Self Enquiry,1,34,Small Business,Female,3,3,Deluxe,3,Divorced,2,0,3,0,2,Manager,20775
325,200325,0,31,Company Invited,1,13,Salaried,Female,2,4,Standard,3,Divorced,2,0,2,1,1,Senior Manager,23943
326,200326,0,39,Company Invited,1,5,Small Business,Male,2,4,King,3,Divorced,2,0,5,1,1,VP,34272
327,200327,1,39,Self Enquiry,3,9,Small Business,Female,2,3,Deluxe,3,Divorced,5,1,4,1,1,Manager,20238
329,200329,0,47,Self Enquiry,1,11,Salaried,Male,2,3,King,3,Divorced,5,0,2,0,1,VP,33300
330,200330,0,43,Company Invited,1,16,Salaried,Female,2,4,Deluxe,3,Married,2,0,3,0,0,Manager,20257
331,200331,0,27,Company Invited,3,6,Small Business,Male,3,3,Deluxe,4,Divorced,1,1,2,0,2,Manager,21349
333,200333,0,43,Self Enquiry,1,13,Salaried,Female,2,3,Standard,5,Divorced,1,0,5,1,0,Senior Manager,24985
335,200335,0,40,Self Enquiry,3,6,Small Business,Male,2,5,Deluxe,3,Divorced,3,1,3,1,0,Manager,22457
336,200336,1,29,Self Enquiry,1,14,Salaried,Male,3,5,Basic,5,Divorced,2,1,3,1,1,Executive,17119
338,200338,0,30,Self Enquiry,3,11,Small Business,Female,1,4,Deluxe,3,Married,2,0,2,0,0,Manager,21118
339,200339,0,27,Self Enquiry,3,14,Small Business,Female,2,3,Deluxe,4,Divorced,2,0,2,0,0,Manager,21214
340,200340,0,37,Self Enquiry,1,11,Small Business,Male,3,3,Deluxe,3,Married,1,0,3,0,0,Manager,21347
341,200341,0,38,Self Enquiry,1,21,Salaried,Male,3,4,Standard,3,Married,1,1,5,1,1,Senior Manager,26510
342,200342,0,31,Self Enquiry,1,13,Small Business,Female,2,3,Standard,3,Unmarried,2,1,4,1,1,Senior Manager,22143
343,200343,0,29,Self Enquiry,3,16,Small Business,Female,2,4,Deluxe,4,Married,2,1,5,0,1,Manager,23268
344,200344,0,35,Self Enquiry,1,11,Large Business,Male,3,3,Standard,4,Unmarried,1,0,3,0,0,Senior Manager,23095
345,200345,0,23,Self Enquiry,1,32,Salaried,Male,2,3,Basic,3,Married,2,0,2,1,1,Executive,17904
346,200346,0,41,Self Enquiry,1,12,Small Business,Male,3,4,Deluxe,4,Single,7,1,3,1,0,Manager,21032
347,200347,0,47,Company Invited,3,10,Small Business,Male,2,3,Deluxe,3,Single,4,0,4,0,1,Manager,17976
348,200348,0,42,Self Enquiry,1,29,Salaried,Female,2,3,Super Deluxe,3,Single,3,0,3,0,0,AVP,30992
350,200350,0,42,Self Enquiry,2,8,Large Business,Male,2,3,Basic,3,Married,1,1,4,1,0,Executive,17696
351,200351,0,32,Self Enquiry,1,8,Small Business,Female,3,3,Basic,4,Divorced,2,0,4,0,0,Executive,17370
352,200352,0,48,Self Enquiry,3,35,Small Business,Female,3,3,Standard,3,Divorced,4,0,4,0,0,Senior Manager,27504
353,200353,0,37,Self Enquiry,1,12,Small Business,Male,2,2,Deluxe,5,Married,5,1,3,1,1,Manager,20974
355,200355,0,26,Self Enquiry,3,6,Salaried,Male,2,3,Deluxe,3,Divorced,2,0,5,1,0,Manager,20296
356,200356,0,42,Self Enquiry,1,8,Salaried,Male,3,4,Deluxe,3,Unmarried,4,0,2,0,1,Manager,21781
357,200357,1,21,Company Invited,3,6,Large Business,Female,2,4,Basic,4,Single,2,1,5,1,1,Executive,17174
358,200358,0,36,Company Invited,3,6,Small Business,Female,2,3,Deluxe,3,Unmarried,5,0,2,1,1,Manager,21653
359,200359,0,36,Company Invited,3,9,Small Business,Male,2,4,Standard,3,Divorced,5,0,2,0,1,Senior Manager,24699
360,200360,0,57,Self Enquiry,1,6,Small Business,Male,2,3,Deluxe,3,Divorced,3,0,3,1,1,Manager,21755
361,200361,0,40,Self Enquiry,1,16,Salaried,Female,2,2,Basic,3,Divorced,4,1,3,0,1,Executive,17213
362,200362,0,21,Company Invited,3,15,Small Business,Male,2,3,Basic,3,Single,2,0,4,0,0,Executive,17610
363,200363,1,33,Self Enquiry,3,11,Small Business,Female,2,3,Basic,3,Single,2,1,2,1,0,Executive,17851
365,200365,0,46,Company Invited,1,13,Small Business,Female,1,3,Deluxe,3,Divorced,3,0,5,0,0,Manager,20258
366,200366,1,41,Company Invited,3,10,Small Business,Male,2,3,Deluxe,4,Unmarried,2,0,3,1,0,Manager,24355
367,200367,0,50,Self Enquiry,1,16,Large Business,Male,3,4,Standard,3,Unmarried,7,0,5,0,2,Senior Manager,25496
368,200368,1,40,Self Enquiry,3,28,Small Business,Male,3,4,Deluxe,3,Divorced,3,1,3,1,1,Manager,21380
369,200369,0,31,Self Enquiry,1,15,Salaried,Male,2,4,Basic,4,Single,1,1,3,1,0,Executive,17657
370,200370,1,21,Self Enquiry,3,18,Salaried,Female,2,2,Basic,4,Single,2,0,5,0,1,Executive,17716
371,200371,0,29,Self Enquiry,1,29,Salaried,Male,2,3,Basic,3,Single,1,0,3,1,0,Executive,17201
372,200372,0,35,Self Enquiry,1,15,Salaried,Male,3,4,Deluxe,4,Unmarried,1,0,2,1,2,Manager,21540
374,200374,0,28,Self Enquiry,3,15,Salaried,Male,3,3,Deluxe,3,Single,2,0,3,1,0,Manager,20253
375,200375,0,49,Self Enquiry,1,13,Salaried,Male,2,4,Standard,3,Unmarried,1,0,2,1,1,Senior Manager,25965
377,200377,0,36,Self Enquiry,1,8,Salaried,Female,3,3,Basic,3,Divorced,5,0,5,1,0,Executive,17543
378,200378,1,34,Company Invited,3,25,Small Business,Male,3,2,Deluxe,3,Single,1,1,2,1,2,Manager,20304
379,200379,0,55,Self Enquiry,1,8,Salaried,Female,3,3,Super Deluxe,3,Single,3,1,5,0,1,AVP,31659
381,200381,0,30,Self Enquiry,3,8,Large Business,Male,3,3,Basic,4,Divorced,2,0,3,1,2,Executive,17476
382,200382,1,26,Company Invited,1,9,Large Business,Male,3,3,Basic,5,Single,1,0,3,0,2,Executive,18102
383,200383,0,22,Self Enquiry,1,17,Small Business,Female,2,3,Basic,4,Divorced,2,0,2,1,0,Executive,17244
384,200384,0,36,Self Enquiry,3,8,Small Business,Male,3,4,Standard,3,Divorced,2,0,2,1,0,Senior Manager,22596
385,200385,1,30,Company Invited,1,10,Large Business,Male,2,3,Basic,3,Single,19,1,4,1,1,Executive,17285
386,200386,0,37,Self Enquiry,1,20,Salaried,Female,3,3,Basic,5,Married,2,0,4,1,0,Executive,18034
387,200387,0,40,Self Enquiry,3,8,Small Business,Female,2,3,Deluxe,4,Married,1,0,2,0,1,Manager,20715
388,200388,0,42,Self Enquiry,1,6,Salaried,Female,3,3,Basic,5,Married,4,0,3,1,1,Executive,17576
390,200390,0,43,Self Enquiry,1,18,Salaried,Male,2,4,Super Deluxe,4,Married,2,0,3,0,1,AVP,29336
392,200392,0,54,Self Enquiry,1,11,Small Business,Male,2,3,King,5,Divorced,5,0,4,1,0,VP,34406
393,200393,0,34,Company Invited,3,10,Small Business,Female,3,3,Deluxe,3,Divorced,1,0,2,1,0,Manager,21538
395,200395,0,43,Company Invited,1,27,Small Business,Male,3,3,Basic,3,Divorced,1,0,4,0,2,Executive,17258
399,200399,0,31,Self Enquiry,1,6,Salaried,Male,3,4,Basic,5,Divorced,2,0,4,0,0,Executive,17218
400,200400,0,39,Company Invited,1,6,Salaried,Male,2,3,King,3,Married,2,1,3,0,1,VP,34197
401,200401,0,56,Company Invited,3,12,Salaried,Female,2,2,Super Deluxe,5,Divorced,1,0,3,1,0,AVP,28212
402,200402,0,30,Self Enquiry,3,18,Large Business,Female,2,3,Deluxe,3,Unmarried,1,0,2,1,0,Manager,21577
403,200403,0,41,Self Enquiry,3,6,Small Business,Male,2,2,Standard,5,Divorced,2,0,3,1,1,Senior Manager,23392
406,200406,0,52,Self Enquiry,1,9,Small Business,Male,2,4,Standard,3,Divorced,3,1,2,0,0,Senior Manager,22969
407,200407,0,45,Self Enquiry,1,16,Salaried,Male,3,3,Basic,3,Divorced,4,0,5,1,0,Executive,17654
408,200408,0,52,Self Enquiry,1,10,Salaried,Female,1,3,Super Deluxe,3,Divorced,3,0,5,1,0,AVP,31555
410,200410,0,30,Self Enquiry,1,8,Salaried,Female,2,5,Deluxe,3,Single,3,0,2,0,1,Manager,21091
411,200411,0,60,Self Enquiry,1,13,Salaried,Female,2,3,King,5,Divorced,6,0,5,0,0,VP,34566
414,200414,1,24,Self Enquiry,3,6,Large Business,Female,3,3,Basic,4,Single,2,1,4,1,2,Executive,18202
415,200415,1,34,Company Invited,3,12,Small Business,Female,2,5,Basic,3,Married,1,0,4,1,1,Executive,17351
416,200416,0,38,Company Invited,1,8,Salaried,Male,2,3,Basic,3,Divorced,2,1,5,1,1,Executive,16702
417,200417,0,40,Self Enquiry,3,8,Salaried,Female,3,3,King,3,Divorced,1,0,3,0,0,VP,33041
418,200418,0,26,Self Enquiry,1,29,Salaried,Female,2,3,Basic,3,Married,2,0,3,1,1,Executive,17886
419,200419,0,30,Company Invited,1,9,Salaried,Male,2,3,Basic,3,Divorced,5,0,3,0,1,Executive,17097
420,200420,0,29,Self Enquiry,1,9,Small Business,Male,3,4,Standard,3,Divorced,2,0,2,1,2,Senior Manager,26935
421,200421,1,29,Self Enquiry,1,31,Large Business,Female,3,4,Basic,4,Divorced,6,0,3,0,2,Executive,17546
422,200422,1,19,Self Enquiry,2,8,Large Business,Male,2,4,Basic,3,Single,2,0,3,1,1,Executive,17564
423,200423,0,30,Company Invited,3,28,Salaried,Female,3,3,Standard,5,Divorced,1,0,2,1,0,Senior Manager,23412
424,200424,0,57,Self Enquiry,3,35,Small Business,Male,2,4,Super Deluxe,3,Married,4,0,3,0,0,AVP,29118
425,200425,0,50,Self Enquiry,1,35,Salaried,Male,2,4,Super Deluxe,3,Divorced,1,0,5,1,1,AVP,32046
426,200426,0,30,Company Invited,1,8,Small Business,Female,2,3,Basic,3,Single,1,0,4,1,0,Executive,17564
427,200427,0,60,Company Invited,3,34,Small Business,Female,3,4,Standard,5,Divorced,5,0,2,1,0,Senior Manager,25266
428,200428,0,47,Self Enquiry,1,8,Small Business,Female,3,3,Deluxe,3,Married,6,0,2,0,1,Manager,20070
429,200429,0,46,Self Enquiry,1,8,Salaried,Male,2,3,Super Deluxe,3,Divorced,7,0,5,0,0,AVP,32861
432,200432,0,34,Self Enquiry,1,8,Salaried,Male,3,4,Basic,3,Married,4,0,5,1,0,Executive,17768
433,200433,0,46,Self Enquiry,3,16,Small Business,Female,3,4,Standard,3,Divorced,3,1,2,1,1,Senior Manager,24071
434,200434,0,31,Self Enquiry,1,15,Salaried,Male,2,3,Standard,4,Married,2,0,3,1,1,Senior Manager,25648
435,200435,1,33,Self Enquiry,1,21,Small Business,Male,2,3,Standard,3,Divorced,1,1,5,0,0,Senior Manager,28610
437,200437,0,30,Self Enquiry,3,13,Small Business,Male,2,3,Basic,4,Single,1,0,2,1,0,Executive,17983
438,200438,0,35,Self Enquiry,1,22,Salaried,Male,3,3,Standard,3,Divorced,5,1,2,0,1,Senior Manager,22632
439,200439,1,31,Company Invited,1,26,Salaried,Male,3,3,Standard,3,Divorced,4,0,3,1,0,Senior Manager,24824
440,200440,1,34,Company Invited,2,29,Salaried,Female,2,3,Standard,5,Married,1,1,3,1,0,Senior Manager,24950
441,200441,0,42,Company Invited,1,11,Salaried,Male,3,3,Basic,3,Divorced,5,0,3,1,0,Executive,17093
442,200442,0,36,Company Invited,3,16,Small Business,Male,2,3,Standard,3,Unmarried,2,0,2,1,1,Senior Manager,24980
445,200445,0,55,Self Enquiry,3,24,Salaried,Female,2,3,Super Deluxe,4,Single,4,0,2,0,1,AVP,31835
446,200446,0,41,Company Invited,3,16,Salaried,Male,2,3,Deluxe,3,Single,1,0,2,0,1,Manager,21230
448,200448,0,40,Self Enquiry,1,12,Salaried,Fe Male,3,3,Super Deluxe,3,Unmarried,1,0,5,1,2,AVP,28237
450,200450,0,31,Self Enquiry,3,8,Salaried,Male,3,3,Deluxe,3,Unmarried,5,1,5,1,1,Manager,21582
451,200451,0,42,Self Enquiry,1,30,Small Business,Male,2,3,Standard,5,Divorced,2,1,2,1,1,Senior Manager,22406
453,200453,1,26,Company Invited,2,23,Salaried,Female,2,3,Basic,3,Married,1,1,5,0,1,Executive,17741
455,200455,0,33,Self Enquiry,1,6,Small Business,Female,3,2,Super Deluxe,3,Married,5,0,2,0,2,AVP,31184
456,200456,0,31,Self Enquiry,3,13,Salaried,Male,2,4,Standard,3,Married,1,0,3,1,0,Senior Manager,26557
457,200457,1,18,Company Invited,3,11,Small Business,Male,3,3,Basic,4,Single,2,1,4,1,2,Executive,16878
458,200458,0,40,Company Invited,3,34,Salaried,Male,2,5,Standard,5,Married,4,0,5,1,0,Senior Manager,25932
459,200459,0,41,Company Invited,1,8,Salaried,Female,3,4,Deluxe,3,Unmarried,3,1,2,0,0,Manager,21811
462,200462,0,34,Self Enquiry,3,27,Salaried,Male,3,2,Deluxe,3,Single,2,0,3,1,0,Manager,20337
463,200463,1,26,Self Enquiry,1,30,Large Business,Male,3,5,Basic,3,Single,2,1,3,1,2,Executive,17340
464,200464,0,37,Self Enquiry,1,6,Large Business,Female,2,3,Standard,3,Unmarried,5,0,5,1,1,Senior Manager,22491
465,200465,0,46,Company Invited,1,24,Small Business,Female,2,3,Standard,3,Divorced,6,0,3,1,0,Senior Manager,25527
466,200466,0,41,Self Enquiry,3,8,Salaried,Female,3,3,Super Deluxe,5,Divorced,1,0,5,1,1,AVP,31595
467,200467,0,37,Company Invited,3,15,Small Business,Male,3,3,Standard,4,Married,2,0,2,1,0,Senior Manager,23834
468,200468,0,52,Self Enquiry,1,12,Large Business,Male,3,3,Deluxe,5,Married,4,1,4,1,2,Manager,20577
470,200470,0,24,Company Invited,3,30,Small Business,Male,2,3,Basic,3,Divorced,1,0,4,0,1,Executive,17400
471,200471,0,38,Self Enquiry,1,16,Small Business,Female,3,3,Deluxe,3,Divorced,4,0,3,1,2,Manager,24824
472,200472,0,37,Self Enquiry,1,6,Salaried,Female,3,3,Deluxe,4,Divorced,7,0,2,1,1,Manager,21447
473,200473,0,49,Self Enquiry,1,24,Salaried,Male,2,4,King,3,Married,2,1,3,0,1,VP,34502
474,200474,0,24,Self Enquiry,1,29,Small Business,Male,2,2,Basic,3,Divorced,2,1,4,0,1,Executive,17725
475,200475,0,26,Self Enquiry,3,34,Small Business,Male,3,3,Deluxe,4,Divorced,2,0,3,1,0,Manager,21272
476,200476,0,24,Self Enquiry,1,23,Salaried,Male,3,4,Basic,4,Divorced,2,0,3,1,1,Executive,17127
477,200477,0,50,Company Invited,2,9,Small Business,Male,2,3,King,4,Divorced,2,0,2,1,0,VP,33200
478,200478,0,25,Self Enquiry,3,19,Small Business,Male,2,3,Basic,3,Divorced,2,0,3,1,0,Executive,17096
479,200479,1,24,Company Invited,1,13,Salaried,Female,2,3,Basic,3,Divorced,2,1,4,0,0,Executive,17886
480,200480,1,30,Company Invited,3,18,Salaried,Male,3,4,Basic,5,Divorced,2,0,5,1,0,Executive,17033
484,200484,0,31,Self Enquiry,3,12,Small Business,Male,3,2,Deluxe,3,Married,5,0,5,1,2,Manager,20460
485,200485,0,27,Self Enquiry,1,12,Small Business,Female,3,4,Basic,3,Married,1,0,2,1,1,Executive,17187
486,200486,0,37,Self Enquiry,3,8,Small Business,Male,3,3,Deluxe,3,Divorced,5,1,3,0,1,Manager,24602
487,200487,0,20,Self Enquiry,1,6,Salaried,Female,2,4,Basic,4,Single,2,0,4,1,0,Executive,17836
489,200489,0,43,Self Enquiry,1,12,Salaried,Male,2,4,Super Deluxe,3,Married,5,1,3,1,0,AVP,31627
490,200490,0,38,Self Enquiry,1,6,Salaried,Female,2,3,Basic,5,Single,4,0,2,1,1,Executive,17619
491,200491,0,43,Company Invited,1,15,Small Business,Male,3,3,Deluxe,3,Married,4,1,3,1,0,Manager,20679
492,200492,0,48,Self Enquiry,1,6,Salaried,Female,2,4,Super Deluxe,5,Divorced,1,0,4,0,1,AVP,30402
493,200493,0,44,Self Enquiry,2,6,Salaried,Female,2,4,Deluxe,3,Single,5,0,5,1,1,Manager,20985
494,200494,0,34,Self Enquiry,3,20,Large Business,Female,2,3,Basic,3,Married,2,1,5,1,1,Executive,17579
495,200495,1,27,Self Enquiry,3,8,Small Business,Male,2,3,Basic,5,Married,1,0,5,0,1,Executive,18041
497,200497,0,44,Self Enquiry,1,9,Salaried,Male,2,3,King,3,Divorced,5,1,2,1,0,VP,34513
498,200498,0,22,Self Enquiry,1,12,Small Business,Male,3,3,Basic,3,Divorced,1,0,2,1,0,Executive,17773
499,200499,0,33,Self Enquiry,3,14,Small Business,Male,2,3,Deluxe,3,Married,1,0,2,1,1,Manager,22104
500,200500,0,32,Self Enquiry,1,15,Salaried,Female,3,3,Deluxe,3,Divorced,2,1,5,1,2,Manager,21322
501,200501,0,30,Company Invited,1,9,Small Business,Female,3,3,Basic,3,Married,2,0,3,1,1,Executive,17083
502,200502,0,53,Self Enquiry,3,6,Small Business,Female,2,3,Deluxe,5,Unmarried,1,0,2,1,1,Manager,23381
503,200503,0,34,Self Enquiry,1,6,Salaried,Male,2,3,Basic,3,Divorced,2,0,3,1,0,Executive,17691
505,200505,0,26,Self Enquiry,1,12,Salaried,Female,3,3,Basic,3,Divorced,2,1,2,0,0,Executive,17659
506,200506,0,37,Self Enquiry,1,9,Salaried,Male,2,3,Standard,3,Divorced,2,0,2,1,0,Senior Manager,24434
507,200507,0,29,Self Enquiry,3,9,Small Business,Female,3,3,Deluxe,3,Divorced,2,0,2,0,0,Manager,20561
508,200508,0,35,Self Enquiry,1,12,Salaried,Male,2,5,Deluxe,3,Unmarried,2,0,5,1,0,Manager,21646
509,200509,0,33,Company Invited,1,12,Salaried,Male,1,3,Deluxe,3,Married,4,0,5,1,0,Manager,22725
510,200510,0,54,Self Enquiry,2,25,Small Business,Male,2,3,Standard,4,Divorced,3,0,3,1,0,Senior Manager,25725
511,200511,0,36,Self Enquiry,1,15,Small Business,Male,2,4,Deluxe,4,Married,3,1,4,1,0,Manager,23847
512,200512,0,27,Self Enquiry,1,9,Small Business,Male,2,4,Basic,3,Single,1,0,2,0,0,Executive,17045
513,200513,1,20,Self Enquiry,1,16,Small Business,Male,2,3,Basic,3,Single,2,1,5,0,0,Executive,16009
514,200514,1,33,Company Invited,1,9,Salaried,Male,3,3,Basic,5,Single,2,1,5,1,2,Executive,18348
515,200515,0,35,Company Invited,1,9,Salaried,Male,2,4,Basic,3,Divorced,2,0,2,1,1,Executive,16281
516,200516,0,23,Self Enquiry,1,10,Small Business,Male,2,2,Basic,5,Divorced,3,0,4,0,1,Executive,17819
519,200519,0,29,Company Invited,1,6,Salaried,Male,3,5,Basic,3,Married,2,0,2,1,0,Executive,17720
520,200520,0,48,Self Enquiry,3,8,Small Business,Male,2,2,Deluxe,4,Divorced,4,0,3,1,0,Manager,23120
523,200523,0,50,Self Enquiry,1,34,Small Business,Male,3,2,Basic,3,Divorced,2,1,2,1,2,Executive,18221
524,200524,0,34,Self Enquiry,1,15,Small Business,Fe Male,2,4,Standard,4,Unmarried,2,0,2,1,1,Senior Manager,23621
527,200527,0,32,Self Enquiry,3,16,Small Business,Male,2,3,Deluxe,3,Single,2,0,4,0,1,Manager,20396
528,200528,1,50,Company Invited,3,14,Large Business,Male,2,3,Deluxe,3,Divorced,4,1,5,1,0,Manager,21796
529,200529,0,38,Self Enquiry,1,6,Salaried,Female,2,2,Deluxe,3,Unmarried,1,0,2,1,1,Manager,22625
530,200530,0,27,Self Enquiry,1,6,Salaried,Female,3,3,Standard,5,Divorced,2,0,4,1,2,Senior Manager,22412
531,200531,0,32,Self Enquiry,1,9,Salaried,Fe Male,2,3,Standard,3,Unmarried,4,0,2,1,1,Senior Manager,26159
533,200533,0,40,Company Invited,3,11,Salaried,Male,2,4,Standard,5,Divorced,6,1,5,0,1,Senior Manager,25475
534,200534,0,53,Self Enquiry,1,13,Salaried,Male,2,2,Super Deluxe,3,Divorced,4,0,2,0,0,AVP,29814
535,200535,0,41,Self Enquiry,2,16,Salaried,Male,3,4,King,3,Married,4,0,2,1,0,VP,34141
536,200536,0,60,Self Enquiry,3,22,Small Business,Male,2,3,Deluxe,5,Single,1,0,4,1,0,Manager,20405
537,200537,0,27,Company Invited,1,16,Salaried,Male,2,3,Standard,5,Married,2,0,3,1,0,Senior Manager,23793
538,200538,0,41,Self Enquiry,2,6,Salaried,Male,2,4,King,3,Divorced,2,0,2,1,1,VP,34189
540,200540,1,28,Self Enquiry,1,6,Salaried,Female,3,5,Basic,4,Single,1,1,2,1,0,Executive,17216
541,200541,0,36,Company Invited,1,14,Salaried,Female,3,2,Standard,5,Divorced,1,0,3,0,0,Senior Manager,26713
542,200542,0,38,Self Enquiry,1,6,Salaried,Female,2,3,Standard,3,Unmarried,5,1,2,0,1,Senior Manager,22861
544,200544,0,47,Company Invited,3,9,Small Business,Female,2,3,Super Deluxe,3,Married,1,1,5,1,1,AVP,28770
545,200545,0,30,Self Enquiry,3,33,Small Business,Male,2,3,Deluxe,3,Married,1,0,3,1,0,Manager,20304
546,200546,0,29,Self Enquiry,3,16,Salaried,Male,2,3,Basic,3,Single,2,0,4,0,0,Executive,17642
547,200547,1,42,Company Invited,1,25,Small Business,Male,2,2,Basic,3,Married,7,1,3,1,1,Executive,17759
548,200548,0,43,Company Invited,3,21,Salaried,Male,2,4,Deluxe,3,Divorced,4,0,5,0,1,Manager,21804
549,200549,0,34,Self Enquiry,1,14,Small Business,Female,3,3,Deluxe,3,Single,4,0,4,1,1,Manager,21142
550,200550,0,23,Self Enquiry,1,15,Small Business,Male,2,3,Basic,5,Divorced,2,0,3,0,1,Executive,17500
551,200551,0,39,Self Enquiry,2,9,Salaried,Female,2,2,Deluxe,4,Divorced,1,0,2,1,0,Manager,21389
552,200552,0,56,Self Enquiry,1,15,Small Business,Male,2,3,Super Deluxe,3,Divorced,1,0,4,0,0,AVP,26103
553,200553,0,40,Self Enquiry,1,8,Small Business,Female,2,4,Basic,3,Single,1,1,3,1,1,Executive,17342
554,200554,0,27,Self Enquiry,1,13,Small Business,Female,2,4,Deluxe,5,Unmarried,1,0,3,1,0,Manager,21811
555,200555,0,29,Self Enquiry,3,16,Small Business,Male,2,3,Basic,4,Married,2,0,2,0,1,Executive,17297
556,200556,0,53,Self Enquiry,1,12,Salaried,Male,2,3,Deluxe,3,Single,3,0,5,1,0,Manager,17450
557,200557,0,35,Company Invited,1,8,Salaried,Female,3,3,Deluxe,5,Married,3,0,4,0,0,Manager,20093
558,200558,0,32,Company Invited,1,30,Salaried,Male,3,3,Deluxe,3,Divorced,2,0,4,1,0,Manager,20309
559,200559,0,38,Self Enquiry,1,8,Small Business,Male,3,3,Basic,3,Divorced,7,1,4,0,0,Executive,18057
560,200560,0,34,Self Enquiry,1,14,Salaried,Female,2,3,Deluxe,5,Married,4,0,5,1,0,Manager,20121
561,200561,0,52,Self Enquiry,3,9,Small Business,Male,2,4,Super Deluxe,5,Divorced,2,0,5,1,0,AVP,31856
562,200562,1,33,Self Enquiry,1,6,Salaried,Male,3,3,Basic,3,Single,2,1,3,1,0,Executive,17686
563,200563,0,25,Self Enquiry,3,32,Small Business,Female,2,3,Deluxe,3,Single,2,0,4,0,0,Manager,21180
564,200564,0,45,Self Enquiry,3,8,Large Business,Male,2,5,Deluxe,3,Unmarried,1,0,5,0,0,Manager,21632
566,200566,1,47,Company Invited,3,33,Salaried,Female,3,1,Deluxe,3,Unmarried,5,1,4,1,2,Manager,21397
567,200567,0,34,Self Enquiry,3,8,Salaried,Male,2,3,Deluxe,3,Single,2,0,5,0,0,Manager,21274
569,200569,0,36,Company Invited,3,14,Salaried,Male,3,4,Standard,5,Unmarried,2,0,2,0,2,Senior Manager,22587
573,200573,1,26,Self Enquiry,3,14,Large Business,Male,2,4,Deluxe,5,Single,7,0,3,1,1,Manager,20326
574,200574,0,34,Self Enquiry,1,6,Salaried,Female,3,1,Basic,3,Single,3,0,2,0,0,Executive,18280
575,200575,0,54,Self Enquiry,1,25,Small Business,Female,3,3,Deluxe,5,Married,1,1,3,0,0,Manager,20485
577,200577,0,37,Self Enquiry,1,16,Salaried,Female,2,3,Basic,5,Married,1,1,3,1,1,Executive,17782
578,200578,0,38,Company Invited,1,8,Salaried,Female,3,1,Deluxe,5,Single,7,1,2,1,2,Manager,20980
580,200580,0,35,Self Enquiry,3,14,Salaried,Female,3,3,Basic,3,Divorced,2,0,3,0,0,Executive,17572
583,200583,0,34,Self Enquiry,3,14,Salaried,Female,3,3,Deluxe,5,Divorced,6,0,2,1,0,Manager,21500
584,200584,0,42,Company Invited,1,14,Salaried,Male,3,3,King,3,Married,2,0,5,0,1,VP,33430
585,200585,1,23,Self Enquiry,1,12,Salaried,Male,3,1,Basic,5,Divorced,2,1,3,1,2,Executive,16601
586,200586,0,24,Company Invited,1,15,Salaried,Male,2,4,Basic,4,Married,2,0,5,1,0,Executive,17694
587,200587,0,52,Self Enquiry,1,17,Salaried,Female,2,3,Deluxe,3,Divorced,1,0,2,1,1,Manager,18149
588,200588,0,50,Self Enquiry,1,8,Small Business,Male,3,3,Super Deluxe,3,Divorced,6,0,2,0,1,AVP,32639
589,200589,1,29,Self Enquiry,1,6,Salaried,Female,2,4,Basic,5,Divorced,2,1,2,0,0,Executive,17319
590,200590,0,33,Self Enquiry,1,13,Small Business,Male,2,3,Standard,3,Divorced,1,0,4,0,0,Senior Manager,26691
591,200591,1,33,Self Enquiry,3,22,Small Business,Female,3,3,Deluxe,5,Single,6,0,3,1,0,Manager,20324
592,200592,0,47,Self Enquiry,1,8,Salaried,Female,2,3,Super Deluxe,3,Divorced,2,1,4,1,0,AVP,31752
593,200593,0,36,Self Enquiry,1,6,Salaried,Female,2,3,Deluxe,4,Divorced,1,0,5,0,0,Manager,20228
594,200594,0,29,Self Enquiry,1,29,Salaried,Male,2,1,Basic,3,Divorced,2,0,2,1,1,Executive,17700
595,200595,1,58,Self Enquiry,1,8,Salaried,Male,2,3,King,4,Single,1,1,3,1,1,VP,34246
596,200596,0,35,Self Enquiry,1,6,Salaried,Female,2,1,Basic,3,Single,4,0,3,0,0,Executive,17506
597,200597,0,42,Self Enquiry,1,6,Salaried,Female,2,4,Deluxe,3,Divorced,1,1,3,0,1,Manager,21062
599,200599,0,36,Self Enquiry,2,19,Salaried,Male,2,3,Basic,4,Divorced,5,0,3,1,0,Executive,17143
600,200600,0,32,Self Enquiry,1,10,Salaried,Female,3,4,Deluxe,3,Divorced,2,0,4,1,0,Manager,21162
601,200601,0,40,Company Invited,1,22,Small Business,Male,2,4,Deluxe,3,Single,7,0,5,1,1,Manager,20094
602,200602,0,30,Self Enquiry,1,8,Small Business,Female,2,4,Deluxe,3,Unmarried,6,1,2,1,1,Manager,21877
603,200603,0,45,Self Enquiry,1,8,Salaried,Female,3,4,Basic,3,Single,2,0,3,1,1,Executive,17274
605,200605,0,38,Company Invited,1,18,Salaried,Male,2,4,Deluxe,5,Married,3,0,5,1,0,Manager,21288
606,200606,0,34,Company Invited,1,22,Salaried,Female,3,4,Basic,3,Single,2,0,5,1,1,Executive,17553
607,200607,1,49,Self Enquiry,3,17,Small Business,Female,2,3,Standard,3,Divorced,2,0,4,0,1,Senior Manager,22654
608,200608,1,55,Self Enquiry,3,8,Small Business,Male,2,3,Deluxe,3,Single,5,0,2,0,1,Manager,20160
609,200609,0,43,Self Enquiry,1,20,Salaried,Male,3,3,Super Deluxe,5,Divorced,7,0,5,1,0,AVP,32159
610,200610,0,27,Self Enquiry,1,11,Large Business,Male,2,4,Standard,3,Married,2,1,3,0,0,Senior Manager,27808
611,200611,0,35,Self Enquiry,1,13,Salaried,Male,2,3,Standard,3,Unmarried,4,0,3,0,0,Senior Manager,25221
614,200614,1,26,Company Invited,1,11,Small Business,Female,2,4,Basic,3,Divorced,2,1,2,0,1,Executive,17366
615,200615,0,27,Company Invited,1,9,Small Business,Male,2,3,Basic,3,Divorced,2,0,2,1,0,Executive,16706
616,200616,0,51,Self Enquiry,3,32,Small Business,Female,3,3,Super Deluxe,3,Divorced,3,0,3,0,1,AVP,31307
617,200617,0,44,Self Enquiry,1,10,Small Business,Male,2,3,Deluxe,4,Single,1,0,2,1,0,Manager,20933
620,200620,0,35,Self Enquiry,1,33,Small Business,Female,2,4,Basic,5,Single,2,0,4,1,1,Executive,17559
621,200621,0,36,Self Enquiry,3,6,Salaried,Male,2,3,Deluxe,3,Divorced,2,1,3,1,1,Manager,21201
624,200624,0,53,Self Enquiry,3,13,Small Business,Female,3,4,Standard,3,Divorced,1,1,2,0,0,Senior Manager,25934
625,200625,0,45,Self Enquiry,3,15,Small Business,Male,3,3,Standard,5,Married,5,1,2,1,0,Senior Manager,25761
626,200626,0,32,Self Enquiry,1,14,Small Business,Female,3,1,Deluxe,3,Divorced,6,0,3,1,2,Manager,20175
627,200627,0,52,Company Invited,1,31,Small Business,Female,2,4,Super Deluxe,3,Divorced,4,0,5,0,1,AVP,28826
628,200628,0,37,Self Enquiry,3,22,Small Business,Male,3,4,Deluxe,3,Married,5,0,5,1,2,Manager,21334
631,200631,0,44,Self Enquiry,1,14,Salaried,Male,3,1,Basic,3,Divorced,3,1,3,1,2,Executive,17818
632,200632,0,42,Company Invited,1,8,Small Business,Male,2,3,Basic,3,Single,6,1,2,0,1,Executive,17515
633,200633,0,36,Self Enquiry,2,14,Salaried,Male,3,4,Basic,5,Divorced,1,0,2,1,2,Executive,17342
635,200635,0,35,Self Enquiry,1,15,Salaried,Female,3,4,Standard,3,Divorced,2,1,4,1,1,Senior Manager,25685
636,200636,1,35,Company Invited,1,31,Salaried,Female,3,3,Basic,4,Married,2,1,3,0,0,Executive,17022
637,200637,0,32,Company Invited,1,6,Salaried,Male,3,3,Basic,3,Married,1,0,5,0,0,Executive,17314
640,200640,0,24,Company Invited,1,10,Salaried,Male,2,4,Basic,3,Divorced,1,0,3,0,0,Executive,18162
641,200641,0,32,Company Invited,3,11,Salaried,Male,2,3,Deluxe,4,Divorced,2,0,3,1,1,Manager,21524
642,200642,0,38,Self Enquiry,3,15,Small Business,Male,3,4,Basic,4,Divorced,1,0,4,0,0,Executive,17899
643,200643,0,42,Self Enquiry,1,9,Salaried,Female,3,1,Deluxe,3,Divorced,3,1,5,0,0,Manager,20231
644,200644,0,31,Self Enquiry,1,17,Salaried,Male,2,3,Basic,3,Divorced,4,1,3,1,1,Executive,17356
645,200645,1,29,Self Enquiry,3,6,Small Business,Female,2,4,Basic,3,Married,7,1,2,0,1,Executive,17800
646,200646,0,53,Self Enquiry,3,14,Small Business,Male,3,3,Super Deluxe,3,Divorced,6,0,3,0,2,AVP,26836
647,200647,0,35,Self Enquiry,1,31,Large Business,Male,3,4,Standard,4,Divorced,4,0,3,1,1,Senior Manager,25903
648,200648,0,37,Company Invited,3,27,Small Business,Female,2,3,Basic,3,Divorced,6,0,2,1,1,Executive,17973
649,200649,0,53,Self Enquiry,1,29,Salaried,Female,3,3,Super Deluxe,3,Single,7,0,5,1,1,AVP,29275
650,200650,0,43,Company Invited,1,6,Salaried,Female,2,3,Deluxe,3,Divorced,5,0,2,1,1,Manager,20562
652,200652,0,37,Company Invited,3,25,Small Business,Male,2,3,Standard,4,Unmarried,2,1,5,0,0,Senior Manager,22642
653,200653,0,50,Company Invited,1,8,Salaried,Male,3,3,Super Deluxe,5,Married,2,0,5,1,2,AVP,32924
654,200654,0,39,Self Enquiry,2,8,Salaried,Female,2,4,Deluxe,3,Divorced,1,0,3,0,0,Manager,20204
655,200655,0,33,Self Enquiry,2,9,Salaried,Male,2,3,Basic,4,Married,4,1,5,0,1,Executive,17277
656,200656,1,32,Self Enquiry,1,31,Salaried,Male,2,3,Basic,3,Single,2,1,5,1,0,Executive,17795
657,200657,0,29,Self Enquiry,1,13,Small Business,Female,3,4,Basic,3,Married,7,0,5,1,0,Executive,17532
658,200658,0,44,Self Enquiry,1,15,Salaried,Male,3,3,Basic,5,Divorced,2,1,3,1,0,Executive,17559
659,200659,0,28,Self Enquiry,3,11,Small Business,Male,3,3,Deluxe,3,Single,2,0,3,1,0,Manager,19908
660,200660,1,58,Company Invited,1,8,Salaried,Male,2,4,Basic,3,Married,1,1,2,0,0,Executive,17380
662,200662,1,20,Self Enquiry,3,8,Small Business,Female,2,4,Basic,3,Single,2,0,4,0,1,Executive,17044
663,200663,1,21,Self Enquiry,1,24,Salaried,Female,3,3,Basic,3,Single,2,0,3,1,1,Executive,17693
664,200664,0,36,Self Enquiry,1,20,Salaried,Male,3,3,Deluxe,3,Divorced,1,1,5,1,2,Manager,21586
665,200665,0,47,Self Enquiry,3,8,Salaried,Female,3,4,Basic,3,Single,2,1,2,1,0,Executive,18294
667,200667,1,41,Self Enquiry,1,8,Salaried,Female,2,5,Basic,3,Married,5,1,3,0,0,Executive,17778
668,200668,0,28,Self Enquiry,1,15,Small Business,Female,3,3,Basic,3,Married,6,0,3,1,1,Executive,17377
669,200669,1,39,Self Enquiry,1,12,Small Business,Male,3,3,Basic,5,Divorced,1,1,2,1,1,Executive,17404
670,200670,0,27,Self Enquiry,1,10,Salaried,Female,3,3,Basic,3,Single,2,0,2,1,1,Executive,17318
671,200671,0,34,Self Enquiry,1,16,Salaried,Male,2,3,Basic,4,Married,2,0,2,1,0,Executive,17008
672,200672,0,42,Self Enquiry,3,20,Small Business,Female,3,4,Deluxe,3,Single,1,0,3,0,0,Manager,21244
673,200673,0,33,Self Enquiry,1,6,Salaried,Male,3,4,Basic,5,Single,4,1,4,0,0,Executive,17799
674,200674,0,58,Self Enquiry,1,11,Large Business,Female,2,4,Standard,4,Married,3,1,5,1,1,Senior Manager,25552
675,200675,0,31,Self Enquiry,3,13,Salaried,Male,2,4,Basic,3,Divorced,4,0,4,1,1,Executive,17329
677,200677,0,49,Self Enquiry,1,14,Salaried,Female,2,3,Standard,4,Divorced,5,0,4,0,0,Senior Manager,22403
678,200678,0,48,Self Enquiry,1,26,Small Business,Male,2,3,Basic,3,Divorced,5,0,2,0,0,Executive,17259
679,200679,0,31,Company Invited,3,26,Small Business,Female,2,3,Deluxe,3,Divorced,2,0,2,1,0,Manager,21932
681,200681,0,38,Self Enquiry,1,6,Large Business,Female,3,3,Standard,5,Divorced,2,0,4,1,2,Senior Manager,28582
682,200682,0,32,Company Invited,1,6,Salaried,Female,3,4,Basic,4,Divorced,7,0,3,1,0,Executive,17332
683,200683,1,25,Self Enquiry,3,25,Small Business,Male,2,4,Basic,4,Divorced,2,1,2,0,0,Executive,17413
684,200684,0,40,Self Enquiry,3,16,Small Business,Male,3,4,Standard,4,Married,3,0,4,1,1,Senior Manager,24705
687,200687,0,36,Self Enquiry,1,8,Small Business,Male,3,3,Basic,3,Single,5,0,5,1,0,Executive,17519
688,200688,1,19,Self Enquiry,3,27,Salaried,Male,2,4,Basic,4,Single,2,1,2,0,1,Executive,17121
689,200689,1,20,Self Enquiry,1,10,Large Business,Male,2,3,Basic,5,Single,2,0,3,1,1,Executive,17973
690,200690,0,31,Self Enquiry,1,18,Small Business,Female,2,3,Deluxe,3,Divorced,1,1,4,0,1,Manager,20855
692,200692,0,32,Self Enquiry,1,9,Small Business,Female,3,3,Deluxe,5,Divorced,2,0,2,1,1,Manager,21725
693,200693,1,36,Self Enquiry,3,9,Salaried,Male,2,4,Standard,3,Divorced,2,1,2,1,0,Senior Manager,25325
694,200694,0,33,Self Enquiry,1,6,Salaried,Female,2,4,Deluxe,3,Unmarried,1,0,4,0,0,Manager,21949
695,200695,1,37,Self Enquiry,3,6,Salaried,Male,2,4,Standard,3,Divorced,6,0,2,1,1,Senior Manager,25609
697,200697,0,29,Company Invited,3,26,Large Business,Female,2,3,Basic,3,Divorced,2,0,3,0,1,Executive,17157
699,200699,0,52,Self Enquiry,1,6,Salaried,Male,3,3,Super Deluxe,3,Divorced,3,0,2,1,1,AVP,32099
700,200700,1,58,Self Enquiry,1,8,Large Business,Male,2,3,Basic,3,Single,5,0,2,1,1,Executive,17479
701,200701,0,53,Self Enquiry,3,8,Small Business,Male,2,3,Super Deluxe,3,Married,7,0,3,1,0,AVP,29852
702,200702,0,30,Self Enquiry,3,14,Salaried,Male,3,3,Standard,3,Married,6,0,3,1,0,Senior Manager,22264
703,200703,0,38,Company Invited,3,16,Large Business,Female,2,3,Deluxe,3,Single,2,1,3,0,1,Manager,20666
704,200704,0,35,Self Enquiry,3,9,Salaried,Male,3,3,Standard,3,Married,7,0,5,0,1,Senior Manager,22823
705,200705,0,39,Self Enquiry,3,8,Salaried,Male,2,1,Standard,3,Unmarried,1,0,2,1,1,Senior Manager,22880
706,200706,1,40,Company Invited,3,30,Salaried,Fe Male,3,1,Super Deluxe,4,Unmarried,5,1,3,1,2,AVP,28194
707,200707,0,47,Company Invited,1,22,Small Business,Male,3,1,Deluxe,3,Married,2,1,2,0,0,Manager,20067
708,200708,0,36,Company Invited,3,14,Large Business,Male,2,3,Deluxe,3,Married,5,0,3,1,0,Manager,20079
709,200709,1,31,Company Invited,1,15,Small Business,Male,2,4,Basic,5,Single,1,1,3,1,0,Executive,17321
710,200710,0,33,Company Invited,3,23,Salaried,Male,2,3,Super Deluxe,3,Single,2,0,3,1,1,AVP,32444
711,200711,1,29,Self Enquiry,1,16,Salaried,Female,3,4,Basic,5,Single,7,1,5,1,1,Executive,17404
713,200713,0,45,Self Enquiry,1,6,Small Business,Female,3,3,Basic,3,Married,4,0,5,0,1,Executive,17270
714,200714,0,50,Self Enquiry,1,6,Small Business,Male,3,3,Super Deluxe,3,Married,1,0,5,0,2,AVP,32399
715,200715,0,33,Company Invited,1,6,Salaried,Female,2,1,Deluxe,4,Divorced,2,1,3,0,1,Manager,20488
716,200716,0,41,Company Invited,1,15,Small Business,Male,3,3,King,3,Married,3,0,4,1,2,VP,34419
717,200717,0,27,Self Enquiry,1,22,Large Business,Female,2,3,Basic,4,Divorced,1,0,2,1,0,Executive,17811
720,200720,1,30,Self Enquiry,1,28,Salaried,Female,2,3,Basic,3,Divorced,5,1,2,0,1,Executive,17132
721,200721,0,50,Self Enquiry,1,30,Salaried,Male,3,3,Super Deluxe,3,Divorced,4,1,4,0,0,AVP,28973
722,200722,0,38,Company Invited,1,16,Small Business,Male,3,3,Basic,3,Divorced,1,0,5,0,2,Executive,17684
723,200723,0,46,Self Enquiry,1,13,Small Business,Male,3,3,Standard,3,Married,7,0,2,0,2,Senior Manager,25845
727,200727,0,18,Company Invited,1,11,Salaried,Male,3,3,Basic,3,Single,2,0,2,1,1,Executive,16051
728,200728,0,54,Self Enquiry,1,23,Large Business,Female,2,3,Standard,3,Divorced,1,0,5,1,0,Senior Manager,25739
729,200729,0,35,Self Enquiry,1,31,Small Business,Female,2,3,Standard,3,Married,2,1,3,1,1,Senior Manager,25388
730,200730,0,30,Self Enquiry,1,14,Salaried,Female,3,1,Standard,5,Divorced,1,1,2,0,2,Senior Manager,26416
731,200731,1,20,Self Enquiry,1,17,Small Business,Female,3,4,Basic,5,Single,2,1,3,0,1,Executive,17600
732,200732,1,30,Company Invited,1,11,Small Business,Female,2,3,Basic,4,Single,1,0,3,0,0,Executive,17422
733,200733,0,26,Self Enquiry,1,8,Small Business,Male,2,1,Deluxe,3,Divorced,2,0,3,1,1,Manager,20472
734,200734,0,22,Self Enquiry,1,14,Salaried,Male,3,5,Basic,5,Divorced,2,0,2,1,0,Executive,17451
736,200736,0,48,Self Enquiry,1,10,Salaried,Male,3,4,Standard,3,Unmarried,1,0,5,1,1,Senior Manager,25999
738,200738,0,39,Self Enquiry,1,6,Salaried,Female,3,4,Super Deluxe,3,Divorced,2,0,3,0,1,AVP,27742
741,200741,0,42,Self Enquiry,3,11,Small Business,Male,2,3,King,3,Divorced,7,0,4,0,1,VP,33303
742,200742,0,50,Self Enquiry,1,15,Salaried,Male,3,3,Basic,3,Divorced,5,0,5,1,0,Executive,17380
743,200743,0,59,Self Enquiry,1,8,Salaried,Female,3,4,Super Deluxe,3,Single,4,1,5,0,2,AVP,28726
745,200745,0,55,Company Invited,1,24,Small Business,Male,3,3,Deluxe,4,Divorced,4,1,5,1,2,Manager,21385
747,200747,0,38,Self Enquiry,3,9,Salaried,Male,2,3,Deluxe,3,Unmarried,1,1,3,1,1,Manager,21861
750,200750,0,44,Self Enquiry,3,34,Small Business,Female,2,1,Super Deluxe,3,Divorced,4,1,2,1,1,AVP,28320
751,200751,0,50,Company Invited,3,6,Salaried,Female,3,3,Deluxe,3,Divorced,1,0,2,1,1,Manager,21347
752,200752,1,36,Self Enquiry,1,22,Salaried,Female,2,1,Basic,5,Single,2,0,2,1,0,Executive,17743
753,200753,0,39,Company Invited,1,28,Small Business,Fe Male,2,3,Standard,5,Unmarried,2,1,5,1,0,Senior Manager,25880
754,200754,0,33,Company Invited,3,14,Salaried,Female,2,4,Basic,3,Single,1,0,2,1,1,Executive,17342
755,200755,0,45,Self Enquiry,3,17,Salaried,Female,2,3,Super Deluxe,3,Divorced,4,0,4,1,1,AVP,32650
757,200757,0,34,Self Enquiry,3,6,Small Business,Male,3,1,Deluxe,3,Married,1,0,5,1,2,Manager,24725
758,200758,0,59,Self Enquiry,3,6,Large Business,Male,3,3,Standard,3,Divorced,4,1,2,0,1,Senior Manager,26904
759,200759,0,45,Self Enquiry,2,30,Small Business,Male,2,3,Basic,4,Single,2,0,4,0,0,Executive,17177
760,200760,0,53,Company Invited,3,8,Small Business,Female,2,4,Standard,4,Divorced,3,0,2,0,1,Senior Manager,22525
762,200762,1,26,Company Invited,1,8,Salaried,Male,2,3,Basic,5,Divorced,7,1,5,1,0,Executive,17042
763,200763,0,34,Self Enquiry,3,16,Salaried,Female,2,3,Basic,3,Divorced,2,1,2,0,1,Executive,17220
764,200764,0,28,Self Enquiry,3,16,Small Business,Male,3,3,Basic,4,Divorced,2,0,5,1,1,Executive,16052
765,200765,0,38,Company Invited,1,9,Salaried,Male,2,3,Basic,3,Divorced,4,0,3,1,1,Executive,17821
766,200766,0,50,Self Enquiry,1,8,Small Business,Male,3,3,King,3,Divorced,3,1,2,1,1,VP,34237
768,200768,0,40,Self Enquiry,3,32,Small Business,Male,3,3,Deluxe,5,Divorced,2,0,2,1,1,Manager,23396
769,200769,0,26,Company Invited,1,6,Small Business,Female,3,4,Basic,3,Married,2,0,2,1,0,Executive,17007
770,200770,0,46,Self Enquiry,1,6,Small Business,Male,2,3,King,3,Married,1,0,5,1,1,VP,34627
771,200771,0,54,Self Enquiry,3,8,Salaried,Female,2,4,Standard,3,Divorced,7,0,5,1,0,Senior Manager,25686
772,200772,0,56,Company Invited,1,15,Small Business,Female,3,3,Basic,3,Divorced,3,0,2,0,0,Executive,17942
773,200773,0,36,Self Enquiry,1,18,Small Business,Fe Male,2,4,Standard,3,Unmarried,1,0,2,1,0,Senior Manager,23858
774,200774,0,55,Company Invited,1,8,Small Business,Male,2,4,Super Deluxe,5,Single,1,0,3,1,1,AVP,31756
775,200775,0,43,Self Enquiry,3,31,Small Business,Male,3,4,Standard,3,Married,6,0,4,1,1,Senior Manager,25798
776,200776,1,20,Company Invited,3,15,Small Business,Female,2,3,Basic,3,Single,2,1,4,0,0,Executive,17323
777,200777,1,21,Self Enquiry,1,16,Salaried,Female,2,4,Basic,5,Single,2,0,3,1,0,Executive,16416
779,200779,1,51,Self Enquiry,1,10,Salaried,Male,2,3,Basic,3,Divorced,1,1,2,1,1,Executive,17461
780,200780,1,28,Company Invited,1,30,Large Business,Male,3,4,Standard,5,Unmarried,2,0,2,0,0,Senior Manager,23722
782,200782,0,30,Self Enquiry,1,26,Salaried,Male,2,3,Deluxe,5,Divorced,1,0,4,1,0,Manager,24957
784,200784,0,38,Self Enquiry,1,23,Salaried,Female,3,4,Standard,3,Divorced,1,0,2,0,2,Senior Manager,23823
785,200785,0,40,Self Enquiry,1,26,Large Business,Male,3,3,Standard,3,Divorced,5,0,3,1,1,Senior Manager,25322
787,200787,0,55,Company Invited,1,8,Salaried,Male,3,3,Standard,4,Divorced,4,0,2,1,1,Senior Manager,25976
789,200789,1,44,Self Enquiry,2,6,Small Business,Male,3,4,Standard,5,Divorced,1,0,4,1,0,Senior Manager,25482
790,200790,0,33,Self Enquiry,1,11,Salaried,Male,2,4,Standard,3,Married,5,0,3,0,0,Senior Manager,22119
791,200791,1,35,Self Enquiry,3,10,Large Business,Male,2,3,Standard,5,Unmarried,1,1,4,1,1,Senior Manager,24582
793,200793,0,28,Self Enquiry,1,21,Salaried,Male,2,3,Basic,3,Married,2,0,4,1,1,Executive,17207
794,200794,0,34,Company Invited,1,9,Salaried,Male,2,3,Deluxe,3,Unmarried,1,0,2,1,0,Manager,22756
795,200795,0,37,Self Enquiry,3,16,Salaried,Female,2,4,Deluxe,3,Married,3,1,4,0,0,Manager,21694
797,200797,1,26,Self Enquiry,1,27,Small Business,Male,2,3,Basic,3,Married,2,0,5,1,1,Executive,17377
798,200798,1,33,Self Enquiry,1,31,Small Business,Male,2,4,Basic,4,Single,5,1,4,0,0,Executive,17313
799,200799,0,42,Self Enquiry,1,8,Small Business,Male,2,3,Super Deluxe,5,Divorced,1,0,3,1,1,AVP,32665
800,200800,1,28,Company Invited,1,6,Small Business,Male,2,4,Basic,4,Married,2,0,4,0,0,Executive,17596
803,200803,0,34,Company Invited,1,9,Salaried,Male,2,4,Basic,3,Divorced,4,0,2,1,0,Executive,17979
804,200804,0,48,Company Invited,1,6,Small Business,Male,2,1,Super Deluxe,3,Single,3,0,2,0,0,AVP,31885
805,200805,0,45,Company Invited,3,15,Salaried,Female,3,4,Deluxe,3,Divorced,2,0,3,0,0,Manager,20593
806,200806,0,52,Self Enquiry,1,13,Salaried,Male,2,3,Standard,4,Unmarried,1,0,3,1,1,Senior Manager,25445
807,200807,0,38,Self Enquiry,3,16,Small Business,Male,3,4,Standard,3,Married,1,1,3,1,0,Senior Manager,23740
808,200808,0,29,Self Enquiry,1,34,Salaried,Female,3,3,Basic,3,Married,5,0,5,0,1,Executive,17514
809,200809,0,28,Self Enquiry,1,9,Small Business,Female,3,3,Standard,4,Married,1,0,4,0,0,Senior Manager,22655
810,200810,0,46,Self Enquiry,3,9,Small Business,Male,2,3,Super Deluxe,3,Divorced,4,0,2,1,0,AVP,32465
811,200811,0,38,Self Enquiry,3,8,Small Business,Male,2,3,Standard,4,Unmarried,1,0,4,1,0,Senior Manager,22351
812,200812,0,43,Company Invited,1,33,Salaried,Female,2,3,Standard,5,Divorced,1,0,4,0,0,Senior Manager,25820
813,200813,1,39,Company Invited,1,8,Salaried,Male,2,3,Super Deluxe,3,Married,1,0,3,1,0,AVP,27169
814,200814,0,40,Self Enquiry,1,20,Small Business,Male,2,4,King,3,Single,2,0,3,1,1,VP,34626
815,200815,0,21,Self Enquiry,1,6,Large Business,Female,3,4,Basic,4,Single,2,1,5,0,2,Executive,17070
816,200816,0,39,Company Invited,1,15,Salaried,Male,3,3,Deluxe,4,Unmarried,21,0,2,1,0,Manager,21782
817,200817,0,36,Company Invited,1,24,Salaried,Male,3,3,Deluxe,3,Unmarried,3,0,3,1,0,Manager,22779
818,200818,0,31,Company Invited,3,26,Salaried,Male,3,1,Basic,3,Divorced,1,0,5,1,1,Executive,17791
819,200819,0,28,Self Enquiry,1,8,Salaried,Male,3,4,Basic,4,Divorced,1,0,2,0,2,Executive,18201
821,200821,0,49,Self Enquiry,3,14,Large Business,Male,2,4,Super Deluxe,4,Divorced,7,0,4,1,0,AVP,28120
823,200823,0,29,Company Invited,1,16,Salaried,Female,3,3,Basic,4,Married,1,0,5,1,0,Executive,18291
825,200825,0,29,Self Enquiry,1,14,Small Business,Male,3,4,Deluxe,3,Divorced,2,1,3,0,0,Manager,20056
826,200826,0,38,Self Enquiry,2,6,Salaried,Male,2,1,Basic,3,Divorced,2,0,4,1,0,Executive,17844
827,200827,0,28,Company Invited,1,12,Salaried,Male,2,4,Basic,3,Married,2,1,4,1,0,Executive,17703
828,200828,1,18,Company Invited,1,14,Small Business,Male,3,3,Basic,3,Single,2,0,5,0,0,Executive,16904
829,200829,1,33,Self Enquiry,3,15,Small Business,Female,3,3,Deluxe,5,Unmarried,1,1,3,0,1,Manager,23224
831,200831,1,31,Company Invited,1,21,Small Business,Male,3,3,Basic,3,Divorced,2,0,4,1,2,Executive,17610
832,200832,0,37,Self Enquiry,1,31,Small Business,Female,2,4,Deluxe,3,Married,1,0,3,0,1,Manager,20731
833,200833,0,27,Self Enquiry,1,12,Salaried,Male,2,4,Basic,3,Divorced,2,0,2,1,1,Executive,17539
834,200834,0,34,Self Enquiry,3,15,Salaried,Female,3,3,Deluxe,3,Divorced,2,0,2,1,2,Manager,20714
836,200836,1,29,Self Enquiry,3,29,Salaried,Female,2,4,Standard,5,Divorced,2,0,3,0,0,Senior Manager,22336
837,200837,0,40,Company Invited,1,15,Small Business,Fe Male,2,3,Standard,3,Unmarried,1,0,4,0,0,Senior Manager,28499
838,200838,1,42,Company Invited,3,18,Salaried,Male,2,3,Super Deluxe,5,Single,1,1,5,1,1,AVP,28758
839,200839,0,42,Self Enquiry,3,10,Small Business,Male,2,3,Deluxe,5,Single,1,0,5,1,1,Manager,20155
840,200840,0,35,Self Enquiry,1,6,Small Business,Male,2,4,Basic,3,Divorced,7,0,2,1,1,Executive,17258
842,200842,1,28,Self Enquiry,1,18,Salaried,Female,3,3,Basic,3,Divorced,2,1,4,1,0,Executive,17515
844,200844,0,30,Self Enquiry,3,16,Small Business,Male,3,4,Deluxe,3,Divorced,2,0,2,1,0,Manager,21578
846,200846,0,35,Self Enquiry,1,8,Salaried,Male,2,4,Standard,4,Married,3,0,4,1,0,Senior Manager,25274
847,200847,0,34,Company Invited,1,6,Small Business,Male,3,4,Deluxe,5,Single,1,0,2,1,2,Manager,20343
848,200848,0,35,Company Invited,1,10,Salaried,Male,2,4,Basic,3,Divorced,2,0,2,1,0,Executive,17376
849,200849,1,43,Self Enquiry,3,15,Small Business,Female,2,5,Deluxe,3,Single,1,0,2,1,1,Manager,20346
850,200850,0,32,Company Invited,3,8,Salaried,Female,3,3,Basic,5,Married,2,0,3,0,1,Executive,17827
852,200852,0,29,Self Enquiry,1,12,Small Business,Female,2,3,Basic,3,Divorced,2,0,3,0,0,Executive,18131
853,200853,0,19,Self Enquiry,1,15,Salaried,Male,2,3,Basic,5,Single,2,0,3,0,0,Executive,17552
855,200855,0,37,Self Enquiry,1,6,Salaried,Female,2,4,Deluxe,3,Divorced,2,0,2,1,1,Manager,21474
856,200856,0,20,Self Enquiry,1,9,Salaried,Male,2,4,Basic,3,Single,2,0,3,0,1,Executive,18033
857,200857,1,44,Self Enquiry,1,16,Salaried,Male,3,3,Basic,3,Single,2,1,3,1,2,Executive,17936
858,200858,0,53,Self Enquiry,1,13,Small Business,Female,2,3,King,3,Married,4,0,2,1,0,VP,33606
859,200859,0,29,Self Enquiry,1,21,Salaried,Female,3,5,Basic,3,Divorced,1,1,5,1,0,Executive,17168
860,200860,1,22,Company Invited,1,9,Salaried,Male,2,4,Basic,3,Divorced,1,1,3,0,0,Executive,17853
861,200861,0,46,Self Enquiry,3,8,Small Business,Female,3,3,Super Deluxe,5,Divorced,1,0,2,1,0,AVP,32048
862,200862,0,44,Company Invited,1,23,Salaried,Male,3,5,Basic,3,Single,3,0,4,1,0,Executive,17290
864,200864,1,41,Company Invited,1,11,Salaried,Male,3,4,Basic,5,Married,7,0,3,1,0,Executive,17107
867,200867,0,50,Company Invited,1,8,Small Business,Female,1,3,Super Deluxe,5,Divorced,3,0,3,1,0,AVP,32856
868,200868,0,28,Self Enquiry,1,25,Small Business,Male,3,4,Basic,5,Divorced,2,0,3,1,2,Executive,18196
869,200869,0,46,Self Enquiry,1,21,Salaried,Male,2,3,King,4,Divorced,6,0,3,1,1,VP,34081
870,200870,0,35,Self Enquiry,3,23,Salaried,Male,3,3,Deluxe,5,Divorced,4,1,3,1,1,Manager,23966
871,200871,1,24,Self Enquiry,1,23,Salaried,Female,3,3,Basic,4,Divorced,2,0,2,0,1,Executive,17210
873,200873,0,36,Self Enquiry,1,12,Salaried,Male,2,5,Basic,3,Married,2,0,2,0,0,Executive,17741
876,200876,0,20,Self Enquiry,3,27,Small Business,Male,2,1,Basic,3,Single,2,0,3,0,0,Executive,17678
877,200877,0,46,Self Enquiry,1,8,Large Business,Male,2,3,Deluxe,3,Married,3,0,2,1,0,Manager,22379
878,200878,0,42,Company Invited,2,8,Small Business,Male,3,1,Deluxe,5,Divorced,1,0,2,0,2,Manager,21272
879,200879,0,60,Self Enquiry,3,13,Small Business,Male,2,1,Deluxe,3,Married,1,1,5,0,0,Manager,20220
880,200880,0,32,Company Invited,1,19,Salaried,Female,3,4,Basic,4,Divorced,2,0,5,0,0,Executive,17743
882,200882,0,36,Self Enquiry,1,6,Large Business,Female,3,5,Standard,5,Married,3,1,2,1,2,Senior Manager,25252
883,200883,0,33,Self Enquiry,1,15,Small Business,Male,2,3,Basic,3,Divorced,1,0,2,1,0,Executive,17781
884,200884,0,40,Self Enquiry,3,16,Large Business,Female,2,4,Deluxe,4,Married,1,0,5,1,0,Manager,21852
887,200887,0,42,Company Invited,1,32,Small Business,Female,2,3,Standard,5,Divorced,4,1,3,0,1,Senior Manager,28191
888,200888,0,35,Company Invited,3,14,Small Business,Female,3,4,Standard,3,Divorced,5,1,5,1,2,Senior Manager,25377
889,200889,0,27,Self Enquiry,1,20,Salaried,Male,2,3,Basic,5,Divorced,2,1,4,1,0,Executive,17235
890,200890,0,54,Company Invited,1,6,Salaried,Female,2,3,Standard,3,Married,1,0,5,1,1,Senior Manager,25502
891,200891,0,44,Self Enquiry,1,8,Salaried,Female,3,1,Basic,3,Divorced,2,0,4,1,0,Executive,17011
892,200892,1,19,Company Invited,1,16,Small Business,Female,3,4,Basic,4,Single,2,1,5,1,1,Executive,16859
894,200894,0,54,Self Enquiry,1,9,Salaried,Male,2,3,Super Deluxe,3,Divorced,4,0,5,1,1,AVP,32779
895,200895,0,31,Self Enquiry,1,17,Small Business,Male,3,3,Deluxe,5,Divorced,2,1,2,0,2,Manager,21833
896,200896,0,31,Self Enquiry,1,30,Small Business,Female,3,4,Deluxe,5,Unmarried,2,0,5,0,2,Manager,21812
897,200897,0,59,Self Enquiry,3,9,Salaried,Female,2,4,Deluxe,3,Single,6,0,3,0,0,Manager,20171
899,200899,0,49,Self Enquiry,1,10,Small Business,Male,2,4,King,3,Divorced,3,0,3,0,0,VP,33711
901,200901,0,48,Self Enquiry,1,8,Large Business,Male,3,1,Basic,4,Single,6,0,2,0,2,Executive,17559
902,200902,0,27,Self Enquiry,1,10,Salaried,Male,3,3,Basic,3,Married,2,0,4,1,1,Executive,17517
903,200903,0,29,Self Enquiry,1,13,Salaried,Male,2,3,Deluxe,3,Married,2,1,3,0,0,Manager,21623
904,200904,0,48,Self Enquiry,1,6,Salaried,Male,3,4,King,3,Single,7,0,3,1,0,VP,33265
905,200905,0,29,Self Enquiry,1,6,Salaried,Female,2,4,Super Deluxe,3,Married,4,0,2,0,1,AVP,31124
906,200906,0,34,Self Enquiry,1,26,Large Business,Female,2,1,Basic,3,Divorced,1,0,1,1,0,Executive,17585
907,200907,0,44,Self Enquiry,3,11,Small Business,Male,2,3,King,4,Divorced,1,0,5,1,1,VP,33213
908,200908,0,33,Self Enquiry,3,16,Small Business,Male,2,1,Standard,3,Married,1,1,4,1,1,Senior Manager,23380
909,200909,0,19,Self Enquiry,1,31,Salaried,Female,2,1,Basic,3,Single,2,1,5,1,0,Executive,17994
910,200910,0,23,Self Enquiry,1,6,Salaried,Male,2,3,Basic,3,Divorced,2,0,4,0,1,Executive,16223
911,200911,1,25,Company Invited,3,30,Salaried,Male,3,5,Basic,3,Single,2,1,1,1,1,Executive,16118
912,200912,0,26,Self Enquiry,1,10,Salaried,Male,2,3,Basic,3,Single,2,1,1,0,0,Executive,17875
913,200913,1,45,Self Enquiry,3,8,Small Business,Female,3,5,King,4,Single,3,1,5,0,2,VP,33824
914,200914,0,55,Company Invited,1,14,Small Business,Male,2,4,Super Deluxe,4,Married,2,1,3,1,1,AVP,28577
915,200915,1,21,Company Invited,1,16,Salaried,Female,2,4,Basic,3,Single,2,0,4,1,0,Executive,17625
916,200916,0,46,Self Enquiry,3,10,Small Business,Female,2,4,King,4,Divorced,3,0,5,1,0,VP,33789
919,200919,0,59,Self Enquiry,1,24,Small Business,Male,3,3,Standard,3,Unmarried,7,0,3,1,1,Senior Manager,25512
921,200921,0,28,Company Invited,1,6,Small Business,Male,2,3,Basic,3,Single,1,1,4,0,0,Executive,17154
922,200922,0,44,Self Enquiry,1,10,Salaried,Male,3,1,King,5,Married,2,0,5,1,2,VP,34190
925,200925,0,42,Self Enquiry,1,13,Small Business,Female,3,1,Deluxe,4,Divorced,7,1,1,0,0,Manager,17372
926,200926,0,43,Self Enquiry,3,10,Small Business,Fe Male,2,4,Standard,3,Unmarried,4,0,3,1,0,Senior Manager,25231
927,200927,0,36,Self Enquiry,1,8,Salaried,Female,2,3,Deluxe,4,Single,1,1,3,1,0,Manager,20410
928,200928,1,44,Self Enquiry,1,21,Small Business,Female,3,3,Standard,3,Divorced,2,0,3,0,1,Senior Manager,22978
930,200930,0,51,Company Invited,1,12,Small Business,Female,2,4,Basic,3,Single,1,0,5,1,1,Executive,17838
932,200932,1,29,Self Enquiry,1,13,Large Business,Female,2,3,Basic,3,Married,4,1,4,1,1,Executive,18339
933,200933,0,28,Self Enquiry,1,6,Large Business,Male,2,3,Basic,5,Single,3,0,4,0,0,Executive,17080
934,200934,0,25,Self Enquiry,1,6,Small Business,Female,2,3,Basic,4,Single,2,0,3,1,0,Executive,17096
935,200935,0,32,Self Enquiry,3,14,Small Business,Male,2,1,Deluxe,3,Divorced,2,0,5,0,0,Manager,21209
936,200936,0,45,Company Invited,1,31,Small Business,Female,2,3,King,4,Single,4,0,4,1,1,VP,33061
937,200937,0,39,Self Enquiry,1,19,Small Business,Female,3,4,Super Deluxe,4,Married,7,1,3,1,2,AVP,32123
938,200938,0,58,Self Enquiry,1,29,Salaried,Male,2,3,Basic,3,Married,2,0,3,1,1,Executive,17372
942,200942,0,36,Self Enquiry,1,16,Large Business,Female,3,3,Standard,3,Divorced,4,0,3,0,2,Senior Manager,22094
944,200944,0,28,Company Invited,1,6,Salaried,Female,2,5,Deluxe,3,Divorced,1,0,3,1,0,Manager,21674
945,200945,0,50,Self Enquiry,1,34,Salaried,Female,2,3,Super Deluxe,5,Divorced,5,1,5,0,0,AVP,31880
946,200946,1,40,Self Enquiry,3,31,Small Business,Male,2,4,Standard,4,Unmarried,3,1,5,0,1,Senior Manager,24094
947,200947,1,52,Self Enquiry,3,11,Salaried,Male,3,3,Standard,4,Unmarried,1,1,4,1,1,Senior Manager,23446
948,200948,0,30,Self Enquiry,1,23,Small Business,Female,3,3,Standard,5,Divorced,2,1,4,0,2,Senior Manager,26916
950,200950,0,31,Company Invited,3,8,Salaried,Female,2,3,Standard,3,Married,2,1,1,1,0,Senior Manager,24852
951,200951,0,41,Company Invited,3,16,Small Business,Male,2,5,Deluxe,4,Single,2,0,1,1,0,Manager,21151
952,200952,1,31,Company Invited,3,6,Salaried,Female,2,3,Basic,4,Single,2,1,5,1,1,Executive,17302
953,200953,1,44,Self Enquiry,1,9,Salaried,Male,2,3,Basic,5,Divorced,5,0,5,1,1,Executive,17362
954,200954,0,42,Company Invited,1,8,Salaried,Male,2,3,Super Deluxe,3,Divorced,1,1,4,0,1,AVP,32861
955,200955,0,55,Self Enquiry,1,8,Small Business,Female,2,5,King,3,Divorced,5,0,4,1,1,VP,34187
958,200958,0,34,Self Enquiry,1,15,Salaried,Male,2,3,Standard,3,Married,1,0,5,1,1,Senior Manager,23500
962,200962,0,51,Self Enquiry,2,11,Salaried,Male,2,3,Super Deluxe,4,Married,2,1,3,1,1,AVP,29026
963,200963,0,38,Self Enquiry,3,8,Salaried,Female,2,3,Deluxe,5,Married,4,0,4,0,1,Manager,21893
964,200964,0,34,Self Enquiry,3,21,Small Business,Female,3,3,Deluxe,5,Single,2,0,1,1,2,Manager,21125
966,200966,1,58,Self Enquiry,1,13,Small Business,Female,2,4,Standard,5,Divorced,1,1,4,1,0,Senior Manager,25008
967,200967,0,40,Self Enquiry,1,6,Salaried,Male,2,3,Basic,4,Divorced,4,0,1,1,1,Executive,17387
969,200969,0,48,Self Enquiry,1,10,Salaried,Male,2,3,Standard,3,Unmarried,2,0,5,1,1,Senior Manager,22898
970,200970,0,27,Self Enquiry,3,17,Small Business,Female,3,1,Basic,3,Divorced,1,0,3,1,1,Executive,17534
971,200971,0,51,Self Enquiry,1,17,Large Business,Fe Male,2,4,Super Deluxe,4,Unmarried,4,0,1,0,1,AVP,28142
972,200972,0,18,Company Invited,1,6,Salaried,Female,3,3,Basic,3,Single,2,0,5,1,1,Executive,16611
973,200973,0,35,Self Enquiry,1,6,Small Business,Female,2,4,Deluxe,3,Divorced,1,0,1,1,1,Manager,20363
974,200974,0,27,Company Invited,3,8,Salaried,Male,2,5,Deluxe,3,Single,4,0,4,1,1,Manager,20071
975,200975,1,55,Self Enquiry,3,19,Small Business,Male,2,1,Super Deluxe,3,Single,7,1,3,1,1,AVP,28695
976,200976,0,56,Self Enquiry,1,29,Salaried,Male,3,3,Super Deluxe,4,Divorced,5,1,4,1,2,AVP,28402
977,200977,0,34,Company Invited,1,32,Large Business,Female,3,4,Basic,3,Married,2,0,1,1,0,Executive,17029
978,200978,0,40,Self Enquiry,1,8,Small Business,Female,2,1,Deluxe,3,Married,6,0,3,1,0,Manager,21377
979,200979,0,34,Self Enquiry,1,35,Small Business,Male,2,3,Deluxe,3,Divorced,5,0,3,0,0,Manager,20429
980,200980,1,31,Company Invited,3,8,Salaried,Female,2,4,Basic,3,Single,1,0,5,0,1,Executive,17785
982,200982,0,38,Company Invited,1,13,Salaried,Male,2,1,Basic,3,Married,2,0,3,0,0,Executive,17610
983,200983,0,34,Self Enquiry,1,8,Large Business,Female,3,3,Deluxe,3,Unmarried,2,0,5,1,1,Manager,21687
985,200985,1,31,Self Enquiry,1,28,Small Business,Male,3,3,Deluxe,3,Divorced,2,1,5,1,0,Manager,21179
986,200986,0,39,Self Enquiry,3,27,Salaried,Male,2,4,Deluxe,3,Divorced,4,1,1,0,1,Manager,21120
987,200987,0,51,Company Invited,3,8,Small Business,Male,2,3,Standard,4,Divorced,3,0,4,0,0,Senior Manager,25596
988,200988,0,41,Company Invited,1,28,Salaried,Female,3,3,Deluxe,3,Married,4,1,5,0,0,Manager,20467
989,200989,0,37,Self Enquiry,1,10,Salaried,Male,2,3,Basic,3,Divorced,1,1,5,1,1,Executive,17996
990,200990,0,33,Company Invited,3,11,Salaried,Male,3,3,Deluxe,3,Divorced,7,0,1,1,2,Manager,24998
992,200992,0,39,Company Invited,1,31,Salaried,Male,3,3,Standard,3,Divorced,4,0,1,0,0,Senior Manager,25920
993,200993,0,25,Self Enquiry,3,24,Salaried,Male,3,1,Deluxe,3,Divorced,3,0,1,0,0,Manager,21232
994,200994,0,52,Company Invited,1,34,Small Business,Female,2,1,Super Deluxe,3,Divorced,3,1,4,0,0,AVP,28247
996,200996,0,27,Self Enquiry,3,16,Small Business,Female,3,4,Deluxe,3,Divorced,2,1,3,1,2,Manager,20769
997,200997,1,27,Self Enquiry,1,23,Salaried,Female,2,3,Basic,3,Single,2,1,5,1,0,Executive,17394
999,200999,0,42,Self Enquiry,2,16,Salaried,Female,2,3,Super Deluxe,5,Divorced,1,0,3,0,1,AVP,31799
1000,201000,0,52,Self Enquiry,1,14,Salaried,Female,2,3,Basic,5,Divorced,1,0,1,1,1,Executive,17950
1002,201002,0,35,Company Invited,1,24,Salaried,Male,2,3,Standard,3,Unmarried,3,0,3,0,0,Senior Manager,24362
1003,201003,0,25,Self Enquiry,1,6,Large Business,Male,2,3,Basic,3,Divorced,5,0,5,1,1,Executive,18229
1005,201005,0,29,Self Enquiry,2,23,Salaried,Male,2,4,Standard,5,Unmarried,2,0,3,0,0,Senior Manager,22988
1007,201007,1,29,Company Invited,1,20,Salaried,Female,2,3,Standard,3,Unmarried,1,1,5,1,0,Senior Manager,22553
1008,201008,0,54,Self Enquiry,1,6,Small Business,Female,2,3,Super Deluxe,3,Single,7,0,4,1,1,AVP,32328
1010,201010,0,55,Self Enquiry,1,6,Small Business,Male,2,1,Super Deluxe,3,Married,3,0,5,1,0,AVP,29732
1011,201011,0,36,Self Enquiry,3,9,Small Business,Fe Male,2,3,Deluxe,4,Unmarried,4,1,4,0,1,Manager,24278
1012,201012,1,31,Company Invited,3,6,Salaried,Female,2,5,Basic,3,Single,2,0,3,1,1,Executive,16359
1014,201014,0,31,Self Enquiry,1,14,Salaried,Female,3,3,Super Deluxe,4,Single,4,0,1,1,0,AVP,31422
1015,201015,0,34,Company Invited,1,6,Salaried,Male,3,3,Basic,5,Married,6,0,1,1,2,Executive,17996
1016,201016,1,31,Self Enquiry,1,14,Salaried,Female,2,4,Basic,4,Single,2,0,4,0,1,Executive,16261
1017,201017,0,27,Self Enquiry,1,17,Salaried,Male,3,3,Basic,5,Divorced,1,0,5,1,2,Executive,17099
1018,201018,0,36,Self Enquiry,1,10,Salaried,Male,2,4,Deluxe,3,Single,2,0,5,1,1,Manager,20810
1019,201019,0,36,Self Enquiry,3,22,Small Business,Female,3,4,Deluxe,5,Divorced,5,0,5,1,0,Manager,20647
1023,201023,0,56,Self Enquiry,1,6,Salaried,Female,2,3,Basic,5,Divorced,3,0,5,1,1,Executive,17066
1024,201024,0,47,Self Enquiry,1,8,Small Business,Female,2,3,Super Deluxe,3,Divorced,4,0,5,1,0,AVP,32169
1026,201026,0,32,Self Enquiry,3,13,Small Business,Male,3,3,Deluxe,3,Divorced,5,0,5,1,1,Manager,24204
1027,201027,0,34,Self Enquiry,1,6,Salaried,Female,2,4,Basic,4,Divorced,6,0,1,1,1,Executive,18294
1028,201028,0,41,Self Enquiry,1,11,Small Business,Male,2,1,Basic,3,Divorced,3,1,1,1,1,Executive,17127
1030,201030,0,31,Self Enquiry,3,14,Salaried,Male,2,3,Standard,3,Married,2,0,3,1,0,Senior Manager,25793
1031,201031,1,46,Self Enquiry,3,15,Small Business,Male,2,3,Standard,3,Married,5,0,3,0,1,Senior Manager,25096
1033,201033,1,31,Company Invited,1,6,Salaried,Female,3,1,Standard,4,Unmarried,2,0,3,1,2,Senior Manager,22446
1034,201034,0,45,Self Enquiry,1,26,Small Business,Male,3,5,Standard,5,Married,3,1,3,0,0,Senior Manager,25851
1035,201035,0,31,Self Enquiry,2,14,Small Business,Female,3,1,Basic,4,Single,1,0,1,0,2,Executive,17109
1037,201037,0,45,Self Enquiry,1,35,Large Business,Male,2,3,Standard,3,Divorced,5,1,5,1,0,Senior Manager,24380
1038,201038,0,48,Self Enquiry,3,13,Small Business,Male,3,3,Deluxe,5,Married,5,0,4,1,1,Manager,20486
1039,201039,1,34,Self Enquiry,2,15,Large Business,Female,2,3,Basic,3,Divorced,2,0,1,1,0,Executive,17742
1040,201040,0,40,Company Invited,1,14,Small Business,Male,2,4,Standard,4,Married,3,0,1,1,1,Senior Manager,28757
1041,201041,0,28,Self Enquiry,3,11,Small Business,Male,2,3,Deluxe,5,Unmarried,1,0,1,1,0,Manager,23463
1042,201042,0,44,Company Invited,1,11,Salaried,Male,2,4,Basic,3,Single,4,0,1,0,1,Executive,18162
1043,201043,0,53,Self Enquiry,1,8,Small Business,Male,2,1,Super Deluxe,4,Single,5,0,1,1,0,AVP,31598
1044,201044,0,49,Self Enquiry,1,11,Large Business,Male,3,3,Deluxe,3,Divorced,3,0,3,0,0,Manager,21651
1045,201045,0,40,Self Enquiry,1,8,Small Business,Male,3,3,Basic,3,Married,3,0,1,0,0,Executive,17345
1049,201049,0,30,Self Enquiry,3,22,Salaried,Male,3,3,Deluxe,3,Divorced,1,0,3,0,2,Manager,20301
1052,201052,0,30,Company Invited,1,13,Large Business,Male,3,3,Basic,3,Married,2,0,5,0,0,Executive,16274
1053,201053,0,57,Self Enquiry,1,6,Salaried,Male,3,1,Deluxe,3,Divorced,1,0,3,1,2,Manager,19900
1054,201054,0,49,Self Enquiry,1,13,Salaried,Male,2,3,Standard,4,Married,4,0,4,0,1,Senior Manager,25466
1055,201055,0,34,Company Invited,1,21,Small Business,Male,3,3,Super Deluxe,5,Married,1,0,4,1,2,AVP,32007
1056,201056,1,28,Company Invited,3,6,Large Business,Male,3,3,Basic,3,Divorced,4,0,3,1,0,Executive,17909
1057,201057,1,29,Company Invited,3,19,Large Business,Female,2,3,Deluxe,4,Single,6,0,3,0,1,Manager,20765
1059,201059,0,35,Self Enquiry,3,13,Salaried,Male,3,3,Basic,3,Divorced,2,0,3,1,0,Executive,17404
1060,201060,1,24,Company Invited,1,15,Small Business,Male,2,3,Basic,5,Single,3,1,3,0,1,Executive,18172
1061,201061,0,24,Company Invited,3,19,Salaried,Female,3,3,Basic,4,Divorced,2,0,1,0,0,Executive,17033
1062,201062,0,44,Company Invited,1,8,Small Business,Male,2,3,Standard,3,Unmarried,6,1,1,0,1,Senior Manager,25209
1063,201063,0,29,Self Enquiry,3,25,Salaried,Male,3,4,Deluxe,3,Married,2,0,4,1,0,Manager,23620
1064,201064,0,30,Self Enquiry,2,6,Salaried,Male,2,3,Basic,3,Married,1,0,1,0,1,Executive,17064
1068,201068,1,28,Company Invited,1,8,Small Business,Male,2,4,Basic,5,Single,1,0,4,0,0,Executive,17561
1069,201069,0,28,Self Enquiry,1,6,Salaried,Male,3,4,Basic,3,Married,2,0,4,0,1,Executive,16563
1072,201072,0,29,Company Invited,1,8,Salaried,Female,3,3,Basic,4,Divorced,1,0,5,0,2,Executive,18180
1073,201073,0,28,Self Enquiry,1,35,Salaried,Male,3,5,Deluxe,4,Divorced,2,0,1,1,2,Manager,21549
1074,201074,0,33,Self Enquiry,1,14,Salaried,Male,3,3,Deluxe,3,Unmarried,3,1,3,0,2,Manager,21388
1075,201075,0,32,Self Enquiry,1,16,Small Business,Male,1,3,Standard,3,Unmarried,3,0,1,0,0,Senior Manager,26244
1076,201076,0,54,Company Invited,1,17,Small Business,Female,2,3,Super Deluxe,3,Married,4,0,3,1,0,AVP,31032
1077,201077,1,29,Self Enquiry,1,6,Large Business,Male,3,4,Basic,5,Single,7,0,3,0,2,Executive,17362
1078,201078,0,44,Self Enquiry,1,34,Salaried,Male,2,3,Super Deluxe,5,Divorced,4,0,1,1,0,AVP,31328
1079,201079,0,39,Self Enquiry,1,12,Salaried,Female,2,3,Standard,4,Unmarried,5,0,3,0,1,Senior Manager,23376
1080,201080,0,46,Self Enquiry,3,9,Salaried,Female,2,3,Super Deluxe,4,Divorced,1,0,4,1,0,AVP,31606
1081,201081,0,35,Self Enquiry,1,22,Salaried,Fe Male,3,4,Standard,4,Unmarried,2,0,1,1,2,Senior Manager,23606
1082,201082,0,23,Self Enquiry,1,26,Salaried,Male,3,3,Deluxe,3,Single,1,0,4,1,2,Manager,17272
1083,201083,1,40,Self Enquiry,1,15,Salaried,Male,2,3,Basic,5,Single,4,0,1,1,1,Executive,17018
1084,201084,0,34,Self Enquiry,3,6,Large Business,Male,3,4,Standard,3,Divorced,2,1,1,1,1,Senior Manager,22083
1086,201086,0,50,Company Invited,1,28,Small Business,Male,2,5,Super Deluxe,3,Single,2,1,1,1,1,AVP,29411
1087,201087,0,34,Self Enquiry,3,13,Large Business,Male,2,3,Basic,3,Married,1,1,1,0,1,Executive,17308
1090,201090,0,29,Self Enquiry,1,14,Salaried,Female,2,5,Deluxe,5,Married,4,0,1,0,0,Manager,24715
1092,201092,0,45,Self Enquiry,1,34,Large Business,Male,3,3,Basic,3,Married,5,0,3,1,2,Executive,17132
1093,201093,0,42,Company Invited,1,8,Salaried,Male,2,3,Standard,3,Married,3,1,3,1,0,Senior Manager,25124
1094,201094,0,40,Self Enquiry,3,15,Small Business,Male,2,3,Deluxe,5,Married,1,0,3,1,1,Manager,20473
1095,201095,0,33,Self Enquiry,1,34,Salaried,Male,3,3,Deluxe,3,Married,2,1,1,1,0,Manager,20207
1096,201096,0,40,Self Enquiry,2,12,Small Business,Male,2,3,Super Deluxe,3,Single,2,1,3,1,1,AVP,31437
1097,201097,0,24,Self Enquiry,1,27,Large Business,Male,2,4,Basic,5,Married,1,0,3,0,0,Executive,17296
1099,201099,0,45,Self Enquiry,1,6,Large Business,Male,3,3,Standard,4,Married,2,0,3,1,1,Senior Manager,22441
1100,201100,0,35,Self Enquiry,3,34,Salaried,Female,3,4,Basic,3,Married,1,0,4,1,2,Executive,17430
1101,201101,0,32,Self Enquiry,1,11,Salaried,Female,3,4,Deluxe,4,Married,4,0,3,1,0,Manager,20878
1102,201102,0,36,Self Enquiry,3,8,Salaried,Male,3,3,Basic,3,Single,4,1,3,0,0,Executive,17644
1103,201103,0,48,Self Enquiry,3,22,Salaried,Female,3,3,Deluxe,3,Married,1,0,4,1,0,Manager,21439
1104,201104,0,29,Self Enquiry,1,15,Salaried,Male,3,1,Basic,3,Married,7,0,5,1,0,Executive,17451
1105,201105,0,33,Self Enquiry,3,14,Salaried,Male,2,3,Deluxe,5,Married,3,0,5,1,0,Manager,21392
1106,201106,1,30,Self Enquiry,3,6,Salaried,Male,3,4,Deluxe,5,Married,2,0,4,1,1,Manager,24714
1107,201107,0,38,Company Invited,2,16,Salaried,Male,3,3,Deluxe,3,Married,4,0,3,0,2,Manager,21077
1108,201108,0,35,Self Enquiry,1,6,Small Business,Male,3,4,Basic,5,Single,2,0,1,0,2,Executive,17450
1109,201109,0,30,Self Enquiry,3,35,Large Business,Male,2,3,Standard,4,Married,4,0,4,0,1,Senior Manager,24250
1110,201110,1,35,Self Enquiry,1,8,Salaried,Female,3,3,Basic,5,Married,2,1,1,1,1,Executive,17074
1111,201111,1,53,Self Enquiry,1,8,Large Business,Female,3,4,Standard,3,Married,1,0,5,1,2,Senior Manager,25169
1114,201114,0,48,Self Enquiry,1,21,Salaried,Female,3,3,Basic,5,Married,1,0,1,1,0,Executive,17367
1115,201115,0,34,Self Enquiry,1,13,Small Business,Male,2,3,Basic,3,Single,2,0,1,0,1,Executive,17972
1116,201116,0,55,Self Enquiry,3,32,Small Business,Male,2,4,King,3,Married,2,0,3,1,1,VP,34586
1117,201117,0,34,Self Enquiry,1,6,Salaried,Male,2,3,Deluxe,3,Married,1,0,4,1,0,Manager,20484
1118,201118,0,26,Self Enquiry,1,9,Salaried,Female,2,3,Basic,3,Married,2,0,3,1,1,Executive,17061
1119,201119,0,38,Self Enquiry,3,20,Salaried,Male,3,3,Deluxe,4,Married,1,0,5,1,2,Manager,24924
1121,201121,0,36,Self Enquiry,3,6,Salaried,Female,3,3,Deluxe,3,Unmarried,7,0,1,1,1,Manager,21815
1123,201123,0,35,Self Enquiry,1,16,Small Business,Female,2,3,Deluxe,3,Single,4,1,1,1,0,Manager,21142
1124,201124,0,39,Self Enquiry,3,12,Small Business,Male,2,1,Standard,3,Married,3,0,4,1,1,Senior Manager,23237
1125,201125,0,29,Company Invited,1,8,Salaried,Male,2,3,Deluxe,3,Married,2,0,3,0,0,Manager,23853
1126,201126,0,50,Self Enquiry,3,5,Small Business,Male,2,3,King,3,Married,5,1,5,0,1,VP,34331
1127,201127,0,23,Self Enquiry,1,16,Large Business,Male,2,1,Basic,3,Married,3,0,1,1,0,Executive,17073
1128,201128,0,36,Company Invited,1,12,Salaried,Male,3,1,Deluxe,5,Married,4,1,4,1,1,Manager,20562
1129,201129,0,42,Self Enquiry,1,15,Salaried,Male,3,4,King,3,Single,1,0,1,1,1,VP,34613
1131,201131,0,34,Company Invited,1,16,Large Business,Male,3,4,Deluxe,3,Married,2,0,4,1,1,Manager,20063
1134,201134,0,35,Self Enquiry,1,13,Salaried,Male,3,4,Basic,3,Married,2,0,3,1,0,Executive,17690
1135,201135,0,46,Self Enquiry,3,6,Salaried,Male,2,1,Super Deluxe,5,Single,2,0,4,1,1,AVP,32567
1136,201136,1,28,Self Enquiry,1,30,Small Business,Male,2,3,Basic,4,Married,2,1,1,0,0,Executive,17408
1137,201137,0,22,Company Invited,1,32,Salaried,Female,2,4,Basic,3,Married,2,1,3,0,0,Executive,17814
1138,201138,0,50,Company Invited,1,26,Small Business,Male,2,3,Super Deluxe,3,Married,3,1,4,1,1,AVP,26245
1139,201139,0,32,Self Enquiry,1,11,Salaried,Female,2,1,Basic,3,Married,4,0,5,1,1,Executive,18312
1140,201140,0,44,Self Enquiry,1,13,Small Business,Female,2,3,King,3,Married,1,1,4,1,1,VP,34049
1141,201141,0,30,Self Enquiry,1,13,Small Business,Male,2,4,Basic,4,Married,2,0,5,0,0,Executive,17141
1142,201142,0,45,Self Enquiry,1,11,Small Business,Female,2,5,Deluxe,5,Single,2,1,3,1,0,Manager,20769
1144,201144,0,31,Company Invited,3,8,Salaried,Male,2,3,Deluxe,5,Single,1,0,1,0,0,Manager,20332
1147,201147,0,49,Self Enquiry,1,31,Salaried,Female,2,3,Basic,5,Married,2,0,3,0,0,Executive,18211
1148,201148,0,39,Self Enquiry,1,16,Small Business,Male,3,3,Deluxe,5,Married,3,0,5,1,2,Manager,20377
1150,201150,0,35,Self Enquiry,1,24,Salaried,Male,2,1,Deluxe,5,Married,2,0,3,0,1,Manager,20208
1151,201151,0,28,Self Enquiry,1,33,Small Business,Female,2,5,Deluxe,5,Married,1,0,4,1,0,Manager,20208
1152,201152,0,21,Self Enquiry,1,11,Small Business,Male,3,3,Basic,3,Single,2,0,1,1,1,Executive,18117
1153,201153,1,18,Company Invited,3,9,Small Business,Female,3,3,Basic,3,Single,2,1,5,0,1,Executive,16569
1155,201155,0,39,Self Enquiry,1,9,Small Business,Male,3,4,Deluxe,3,Married,1,0,4,0,2,Manager,18069
1156,201156,0,40,Self Enquiry,1,21,Salaried,Female,3,4,Standard,3,Married,2,0,1,1,1,Senior Manager,25435
1158,201158,0,37,Self Enquiry,1,25,Salaried,Male,2,3,Deluxe,3,Married,4,0,1,0,0,Manager,20768
1160,201160,0,45,Self Enquiry,1,8,Salaried,Female,2,4,Deluxe,3,Married,2,0,4,1,1,Manager,20770
1161,201161,0,38,Self Enquiry,1,8,Small Business,Female,2,4,Standard,3,Married,4,1,5,1,1,Senior Manager,22756
1162,201162,1,35,Self Enquiry,3,16,Small Business,Male,2,4,Standard,5,Married,1,0,5,1,1,Senior Manager,25306
1164,201164,0,40,Self Enquiry,1,22,Salaried,Female,2,3,Standard,3,Unmarried,7,1,4,1,0,Senior Manager,22945
1165,201165,0,44,Company Invited,2,6,Salaried,Male,2,3,Deluxe,3,Married,5,1,5,1,1,Manager,20743
1166,201166,0,48,Company Invited,1,10,Small Business,Male,2,4,Super Deluxe,3,Married,3,0,5,1,1,AVP,30202
1167,201167,1,35,Self Enquiry,3,21,Small Business,Male,2,5,Deluxe,3,Married,7,1,1,1,1,Manager,20440
1170,201170,0,27,Company Invited,1,8,Small Business,Male,2,3,Basic,3,Single,3,0,3,0,1,Executive,17580
1171,201171,1,40,Self Enquiry,1,13,Salaried,Male,3,3,Basic,5,Single,4,1,3,0,1,Executive,17166
1172,201172,0,29,Self Enquiry,3,16,Small Business,Male,2,4,Deluxe,3,Single,1,0,4,1,0,Manager,20869
1173,201173,0,36,Self Enquiry,1,11,Salaried,Female,2,3,Standard,5,Married,5,0,4,1,1,Senior Manager,23008
1174,201174,0,25,Company Invited,1,8,Salaried,Male,3,1,Deluxe,3,Married,2,0,1,0,1,Manager,20206
1175,201175,0,39,Self Enquiry,1,18,Small Business,Male,3,3,Deluxe,4,Married,5,0,3,1,1,Manager,20295
1176,201176,0,49,Self Enquiry,1,28,Salaried,Female,3,3,Super Deluxe,4,Married,4,0,4,0,1,AVP,31413
1177,201177,0,50,Self Enquiry,1,23,Salaried,Female,2,4,Standard,5,Married,6,0,3,1,0,Senior Manager,28269
1178,201178,0,20,Self Enquiry,3,8,Small Business,Female,2,3,Basic,3,Single,2,0,4,0,0,Executive,17783
1179,201179,0,34,Self Enquiry,1,9,Salaried,Female,3,3,Deluxe,4,Married,2,0,5,1,2,Manager,20433
1180,201180,0,36,Self Enquiry,1,13,Salaried,Male,3,3,Basic,4,Single,3,0,1,0,2,Executive,17013
1181,201181,0,49,Self Enquiry,1,12,Salaried,Female,2,4,Super Deluxe,3,Married,3,1,5,1,0,AVP,28966
1183,201183,0,36,Self Enquiry,1,9,Salaried,Male,3,1,Deluxe,5,Married,7,0,1,1,2,Manager,21842
1184,201184,0,54,Self Enquiry,1,28,Small Business,Female,3,3,Super Deluxe,3,Married,4,0,1,1,1,AVP,32426
1185,201185,0,43,Self Enquiry,1,21,Salaried,Male,3,4,Super Deluxe,3,Married,2,0,3,1,1,AVP,32603
1189,201189,0,33,Self Enquiry,3,8,Small Business,Male,3,3,Deluxe,3,Married,2,0,3,1,1,Manager,20505
1190,201190,0,32,Self Enquiry,1,8,Small Business,Male,2,3,Deluxe,4,Married,1,0,4,0,1,Manager,20470
1191,201191,0,31,Self Enquiry,3,11,Salaried,Female,3,3,Deluxe,3,Married,2,0,1,0,2,Manager,20476
1192,201192,0,49,Self Enquiry,1,22,Small Business,Female,3,3,Basic,5,Married,5,1,1,1,1,Executive,17587
1193,201193,0,38,Company Invited,1,8,Small Business,Female,2,4,Basic,4,Single,2,0,1,1,0,Executive,17440
1194,201194,0,47,Self Enquiry,3,8,Salaried,Female,2,1,Super Deluxe,4,Married,7,0,1,0,0,AVP,30972
1195,201195,0,49,Self Enquiry,1,6,Salaried,Male,2,3,Super Deluxe,3,Single,5,0,3,1,0,AVP,30379
1196,201196,0,41,Self Enquiry,3,29,Salaried,Male,3,3,Standard,3,Unmarried,4,1,3,0,2,Senior Manager,22082
1197,201197,0,20,Self Enquiry,3,15,Salaried,Male,2,3,Basic,5,Single,2,0,1,0,1,Executive,17728
1198,201198,0,33,Company Invited,3,22,Salaried,Female,2,3,Deluxe,3,Married,2,1,1,0,0,Manager,20368
1199,201199,0,36,Self Enquiry,1,32,Salaried,Male,3,3,Deluxe,3,Married,7,0,3,1,0,Manager,20347
1200,201200,0,44,Self Enquiry,2,6,Salaried,Female,2,3,Basic,3,Married,5,1,3,1,0,Executive,18195
1202,201202,0,38,Self Enquiry,1,10,Small Business,Female,2,3,Basic,3,Married,1,0,5,0,0,Executive,18306
1203,201203,0,53,Self Enquiry,1,30,Small Business,Male,2,1,Standard,3,Married,4,0,3,0,1,Senior Manager,22005
1204,201204,1,48,Company Invited,3,13,Small Business,Female,3,3,Basic,3,Married,3,1,4,1,1,Executive,17655
1205,201205,1,32,Self Enquiry,1,8,Salaried,Male,3,3,Basic,4,Single,2,0,3,1,1,Executive,16393
1206,201206,0,26,Company Invited,1,13,Small Business,Male,3,3,Basic,3,Single,2,0,4,1,2,Executive,17570
1209,201209,0,60,Self Enquiry,1,6,Small Business,Male,3,5,Standard,3,Married,4,0,5,0,0,Senior Manager,25883
1210,201210,0,33,Self Enquiry,1,27,Small Business,Male,3,1,Basic,4,Married,2,0,1,1,1,Executive,17028
1211,201211,0,37,Company Invited,3,6,Small Business,Male,2,5,Deluxe,3,Married,2,0,1,0,1,Manager,24525
1212,201212,0,34,Self Enquiry,1,25,Salaried,Female,2,4,Basic,3,Married,2,0,4,1,1,Executive,17929
1213,201213,1,23,Self Enquiry,3,13,Salaried,Male,2,3,Basic,3,Married,2,1,1,1,0,Executive,17275
1214,201214,0,44,Self Enquiry,1,8,Salaried,Female,3,1,Standard,3,Married,2,1,4,1,0,Senior Manager,22879
1216,201216,0,43,Self Enquiry,3,8,Small Business,Male,3,3,Deluxe,3,Married,2,1,3,0,0,Manager,22847
1218,201218,0,41,Self Enquiry,3,12,Small Business,Male,2,3,Standard,3,Unmarried,2,0,5,1,0,Senior Manager,24241
1219,201219,0,29,Self Enquiry,1,15,Small Business,Female,2,3,Basic,3,Married,1,0,5,1,1,Executive,17974
1221,201221,0,45,Company Invited,1,6,Salaried,Male,3,4,Standard,3,Married,4,0,1,1,2,Senior Manager,25748
1222,201222,1,24,Self Enquiry,2,28,Salaried,Male,2,5,Basic,3,Married,2,0,1,0,1,Executive,16555
1223,201223,1,47,Company Invited,3,15,Salaried,Male,2,5,Super Deluxe,3,Married,1,0,5,1,1,AVP,27936
1224,201224,0,26,Self Enquiry,1,23,Small Business,Male,3,5,Basic,3,Married,2,0,3,0,2,Executive,17305
1225,201225,0,45,Self Enquiry,1,34,Large Business,Female,2,4,Super Deluxe,4,Single,2,0,3,1,0,AVP,31704
1228,201228,0,41,Company Invited,2,10,Salaried,Male,2,5,Deluxe,4,Married,7,0,5,0,1,Manager,21430
1229,201229,0,40,Self Enquiry,1,14,Salaried,Female,3,3,Deluxe,5,Married,3,1,1,0,0,Manager,21516
1231,201231,0,46,Self Enquiry,1,19,Salaried,Male,2,3,Deluxe,4,Single,7,0,4,1,0,Manager,20562
1232,201232,0,35,Self Enquiry,1,33,Salaried,Male,2,3,Deluxe,3,Married,3,0,5,0,1,Manager,21883
1233,201233,0,30,Self Enquiry,1,22,Salaried,Male,2,3,Basic,3,Married,2,0,1,0,0,Executive,17862
1235,201235,0,46,Self Enquiry,3,8,Salaried,Male,3,3,Standard,3,Married,5,1,3,0,2,Senior Manager,25368
1236,201236,1,36,Self Enquiry,3,19,Small Business,Male,3,4,Deluxe,5,Married,6,1,1,1,0,Manager,21134
1237,201237,1,32,Self Enquiry,3,6,Salaried,Male,2,5,Deluxe,4,Unmarried,7,0,3,0,1,Manager,21735
1238,201238,0,23,Self Enquiry,1,10,Small Business,Female,2,3,Basic,4,Single,2,0,3,1,1,Executive,18295
1239,201239,0,31,Company Invited,1,30,Large Business,Female,1,3,Deluxe,3,Single,3,0,1,1,0,Manager,20238
1240,201240,0,39,Company Invited,1,6,Salaried,Male,3,3,Deluxe,3,Married,2,1,5,1,2,Manager,21472
1241,201241,0,32,Self Enquiry,3,25,Salaried,Male,3,5,Standard,3,Married,4,0,3,1,2,Senior Manager,24610
1243,201243,0,45,Self Enquiry,2,10,Salaried,Female,2,5,Standard,3,Married,5,0,1,1,1,Senior Manager,24756
1245,201245,0,24,Company Invited,2,16,Small Business,Male,2,3,Basic,3,Married,1,0,4,1,1,Executive,17145
1246,201246,1,30,Company Invited,2,14,Salaried,Female,3,4,Basic,3,Married,7,0,5,1,2,Executive,17180
1247,201247,0,31,Self Enquiry,3,11,Large Business,Male,2,3,Deluxe,3,Married,2,0,5,0,1,Manager,23346
1249,201249,1,29,Self Enquiry,3,15,Small Business,Female,2,5,Basic,4,Single,2,0,1,1,1,Executive,17760
1250,201250,0,29,Company Invited,1,6,Salaried,Male,3,1,Deluxe,3,Unmarried,1,1,3,0,1,Manager,21294
1251,201251,0,30,Self Enquiry,3,21,Small Business,Male,3,4,Standard,5,Married,3,0,1,0,2,Senior Manager,22140
1252,201252,0,34,Self Enquiry,1,8,Small Business,Male,3,1,Basic,3,Married,1,1,1,0,1,Executive,17932
1253,201253,0,33,Company Invited,3,8,Small Business,Female,3,3,Deluxe,4,Single,1,0,1,0,0,Manager,20147
1255,201255,1,33,Self Enquiry,3,22,Salaried,Fe Male,3,3,Standard,5,Unmarried,3,1,5,0,0,Senior Manager,23564
1256,201256,0,38,Company Invited,1,8,Small Business,Female,3,4,Basic,4,Married,5,0,3,0,0,Executive,17468
1257,201257,1,31,Self Enquiry,3,22,Small Business,Male,3,3,Standard,3,Married,3,0,5,1,0,Senior Manager,23161
1258,201258,0,29,Self Enquiry,1,10,Large Business,Female,3,4,Basic,5,Married,2,0,4,0,0,Executive,17109
1259,201259,0,30,Self Enquiry,1,22,Salaried,Male,2,1,Deluxe,3,Married,4,0,1,1,0,Manager,20294
1260,201260,0,32,Company Invited,1,11,Large Business,Male,3,3,Basic,4,Single,3,0,3,1,1,Executive,17718
1261,201261,0,38,Self Enquiry,1,24,Small Business,Male,2,5,Deluxe,3,Married,4,1,5,0,1,Manager,20811
1262,201262,1,43,Company Invited,1,23,Large Business,Male,2,4,Basic,3,Married,1,1,5,1,1,Executive,17437
1263,201263,0,42,Self Enquiry,1,18,Small Business,Male,2,3,Basic,4,Married,1,0,1,1,1,Executive,17766
1264,201264,0,55,Self Enquiry,1,8,Small Business,Male,2,4,King,5,Married,1,0,5,0,1,VP,34038
1265,201265,0,33,Company Invited,1,10,Large Business,Male,2,3,Deluxe,4,Married,6,0,1,0,0,Manager,18055
1266,201266,0,41,Self Enquiry,1,15,Salaried,Male,3,3,Basic,5,Married,2,0,5,1,1,Executive,17289
1268,201268,0,53,Company Invited,1,6,Small Business,Female,2,4,Super Deluxe,3,Married,5,1,1,0,0,AVP,27965
1270,201270,0,34,Self Enquiry,3,9,Salaried,Female,2,5,Deluxe,3,Single,6,0,1,1,0,Manager,21029
1271,201271,1,21,Self Enquiry,3,13,Small Business,Male,2,3,Basic,4,Single,2,0,5,1,1,Executive,17679
1273,201273,1,22,Self Enquiry,1,14,Small Business,Female,3,3,Basic,5,Married,2,1,3,0,1,Executive,17398
1274,201274,0,31,Self Enquiry,3,35,Small Business,Female,3,4,Deluxe,3,Married,2,0,3,1,0,Manager,20468
1275,201275,0,51,Self Enquiry,1,9,Large Business,Female,2,3,Standard,3,Married,3,0,4,1,1,Senior Manager,28116
1277,201277,0,46,Self Enquiry,1,8,Small Business,Male,2,3,King,3,Married,1,1,1,1,1,VP,34328
1278,201278,0,36,Self Enquiry,1,16,Salaried,Male,2,3,Standard,5,Married,1,1,5,1,1,Senior Manager,23321
1279,201279,1,44,Company Invited,1,6,Small Business,Male,2,3,Basic,4,Married,2,1,3,1,1,Executive,17342
1281,201281,1,35,Self Enquiry,3,33,Salaried,Male,2,3,Deluxe,3,Single,2,1,5,0,0,Manager,20813
1282,201282,0,33,Self Enquiry,1,14,Salaried,Male,2,1,Basic,5,Married,7,0,3,1,1,Executive,18143
1283,201283,0,28,Self Enquiry,1,6,Salaried,Male,2,3,Basic,3,Married,2,0,1,0,0,Executive,17044
1284,201284,0,39,Self Enquiry,1,16,Small Business,Male,3,3,Standard,3,Unmarried,1,0,3,1,0,Senior Manager,28464
1285,201285,0,46,Company Invited,3,32,Salaried,Male,3,4,Deluxe,4,Unmarried,1,0,4,1,2,Manager,22991
1287,201287,0,42,Self Enquiry,1,19,Small Business,Male,3,1,Deluxe,5,Married,6,0,4,1,0,Manager,20538
1288,201288,0,35,Company Invited,1,8,Small Business,Male,2,3,Deluxe,3,Married,3,0,3,0,1,Manager,20762
1289,201289,0,38,Company Invited,2,8,Salaried,Male,3,3,Basic,4,Married,6,0,3,1,2,Executive,17592
1290,201290,1,34,Company Invited,1,15,Salaried,Male,3,3,Deluxe,5,Married,5,0,3,0,1,Manager,20346
1293,201293,0,43,Company Invited,1,15,Salaried,Male,2,3,Basic,3,Single,5,0,3,0,1,Executive,17438
1294,201294,0,41,Self Enquiry,1,11,Salaried,Male,2,1,Deluxe,4,Unmarried,4,0,5,1,0,Manager,21870
1295,201295,0,41,Self Enquiry,3,10,Small Business,Female,2,3,Standard,3,Married,1,1,1,0,1,Senior Manager,25447
1296,201296,0,30,Self Enquiry,1,16,Small Business,Fe Male,3,3,Standard,3,Unmarried,1,0,4,0,0,Senior Manager,24667
1297,201297,1,26,Self Enquiry,2,26,Small Business,Female,3,3,Basic,4,Married,1,1,3,0,1,Executive,17148
1298,201298,1,46,Self Enquiry,1,27,Small Business,Female,3,3,Deluxe,4,Married,5,0,3,1,2,Manager,23926
1299,201299,0,40,Self Enquiry,1,6,Salaried,Female,2,3,Deluxe,3,Married,5,0,3,0,1,Manager,21513
1300,201300,0,34,Self Enquiry,3,14,Large Business,Male,3,1,Deluxe,3,Married,2,0,1,0,2,Manager,21799
1301,201301,0,58,Company Invited,3,8,Small Business,Male,2,3,Super Deluxe,4,Married,5,0,4,1,0,AVP,17705
1302,201302,0,35,Self Enquiry,1,29,Small Business,Male,3,5,Basic,3,Married,1,0,1,1,0,Executive,17705
1303,201303,0,47,Self Enquiry,1,10,Salaried,Female,3,4,Standard,4,Married,1,1,4,1,2,Senior Manager,25333
1305,201305,0,54,Self Enquiry,1,13,Small Business,Female,3,3,Deluxe,3,Married,5,0,3,1,1,Manager,21854
1306,201306,0,31,Company Invited,3,13,Small Business,Female,3,3,Standard,5,Married,3,0,1,1,2,Senior Manager,24637
1308,201308,0,38,Self Enquiry,3,8,Small Business,Female,3,5,Deluxe,3,Married,3,1,3,0,0,Manager,20405
1310,201310,0,58,Company Invited,1,21,Salaried,Male,2,3,Super Deluxe,3,Married,3,1,1,1,0,AVP,30787
1311,201311,0,18,Company Invited,1,20,Small Business,Female,2,3,Basic,3,Single,2,0,5,1,0,Executive,16514
1312,201312,1,31,Self Enquiry,2,24,Salaried,Male,2,1,Basic,5,Married,1,0,1,1,0,Executive,17956
1313,201313,1,29,Self Enquiry,2,19,Salaried,Male,2,4,Basic,5,Married,5,1,5,1,1,Executive,17335
1314,201314,0,45,Company Invited,3,8,Salaried,Female,3,3,Deluxe,3,Married,5,0,1,1,2,Manager,20154
1315,201315,0,36,Self Enquiry,1,8,Salaried,Female,3,3,Deluxe,4,Married,5,1,4,0,0,Manager,21962
1316,201316,0,43,Company Invited,3,8,Salaried,Male,3,3,Deluxe,3,Married,2,0,3,1,2,Manager,20675
1317,201317,0,27,Company Invited,1,11,Salaried,Female,2,3,Basic,3,Single,1,1,1,1,1,Executive,17379
1320,201320,0,42,Company Invited,1,16,Large Business,Male,2,3,Basic,3,Married,4,0,4,1,0,Executive,17936
1321,201321,0,47,Self Enquiry,1,15,Salaried,Female,3,3,Basic,3,Single,5,0,3,1,0,Executive,17105
1322,201322,0,46,Self Enquiry,1,8,Salaried,Male,2,3,Standard,3,Married,4,0,1,1,1,Senior Manager,23578
1323,201323,0,28,Company Invited,2,6,Salaried,Male,2,3,Basic,3,Married,2,0,4,0,1,Executive,17706
1324,201324,0,29,Self Enquiry,1,35,Salaried,Male,3,5,Deluxe,3,Married,1,0,5,1,2,Manager,21384
1326,201326,1,32,Self Enquiry,3,8,Small Business,Male,2,4,Deluxe,4,Unmarried,1,1,1,1,0,Manager,24907
1327,201327,0,46,Self Enquiry,3,9,Large Business,Female,2,1,Super Deluxe,5,Married,3,0,3,1,0,AVP,28225
1329,201329,0,29,Self Enquiry,2,12,Small Business,Male,2,4,Basic,4,Married,2,0,3,1,1,Executive,17804
1330,201330,0,43,Self Enquiry,1,12,Small Business,Female,2,4,King,3,Married,1,0,3,1,1,VP,34392
1332,201332,1,29,Company Invited,1,30,Salaried,Male,3,4,Basic,3,Single,2,1,3,1,2,Executive,17439
1333,201333,1,46,Self Enquiry,3,16,Salaried,Female,3,3,Standard,4,Married,6,0,1,0,2,Senior Manager,22314
1336,201336,0,55,Self Enquiry,1,8,Large Business,Male,3,4,Basic,3,Married,1,0,5,0,0,Executive,17662
1337,201337,0,28,Self Enquiry,3,9,Small Business,Female,3,3,Basic,4,Married,2,0,1,1,0,Executive,17856
1338,201338,1,30,Self Enquiry,3,15,Small Business,Male,2,3,Basic,3,Single,2,0,5,0,0,Executive,16081
1339,201339,1,22,Self Enquiry,1,13,Salaried,Male,3,3,Basic,4,Single,2,1,3,1,0,Executive,17472
1340,201340,0,36,Self Enquiry,3,16,Large Business,Female,3,4,Deluxe,3,Married,2,1,1,1,2,Manager,20673
1342,201342,0,34,Self Enquiry,3,10,Salaried,Male,3,3,Standard,3,Married,3,1,4,0,2,Senior Manager,24713
1343,201343,0,29,Self Enquiry,1,13,Salaried,Male,2,3,Basic,5,Single,4,0,4,0,0,Executive,17062
1346,201346,0,45,Self Enquiry,1,31,Salaried,Female,3,4,Deluxe,3,Married,1,0,4,0,0,Manager,20906
1348,201348,0,40,Self Enquiry,1,6,Salaried,Male,3,3,Super Deluxe,5,Married,3,0,3,1,2,AVP,31823
1349,201349,0,26,Self Enquiry,1,6,Salaried,Female,2,4,Basic,3,Married,2,1,4,0,0,Executive,17933
1350,201350,0,27,Self Enquiry,3,8,Small Business,Female,2,1,Deluxe,3,Unmarried,1,0,1,0,1,Manager,21500
1351,201351,0,48,Company Invited,1,28,Small Business,Female,2,3,Super Deluxe,3,Married,4,0,5,0,0,AVP,32174
1353,201353,1,34,Company Invited,1,22,Large Business,Male,2,5,Basic,5,Married,2,1,3,1,0,Executive,17307
1354,201354,1,56,Self Enquiry,1,30,Salaried,Male,3,3,Basic,3,Single,2,0,3,0,0,Executive,17587
1355,201355,0,36,Self Enquiry,3,23,Small Business,Male,2,4,Deluxe,4,Married,3,0,4,1,0,Manager,20507
1357,201357,0,42,Self Enquiry,1,12,Small Business,Male,2,3,Standard,5,Married,1,0,3,1,0,Senior Manager,28348
1358,201358,0,31,Self Enquiry,3,16,Small Business,Female,2,3,Deluxe,3,Married,3,1,1,0,0,Manager,21583
1359,201359,0,34,Self Enquiry,3,9,Small Business,Female,3,4,Deluxe,3,Married,4,1,3,0,0,Manager,23103
1361,201361,0,26,Company Invited,1,12,Salaried,Male,3,1,Basic,3,Married,1,0,4,1,1,Executive,17544
1362,201362,0,45,Company Invited,1,6,Small Business,Male,2,3,Deluxe,3,Single,5,0,1,1,1,Manager,20399
1363,201363,0,33,Self Enquiry,3,16,Small Business,Male,2,3,Deluxe,3,Single,2,0,1,0,0,Manager,20487
1364,201364,0,28,Company Invited,3,6,Salaried,Male,2,4,Deluxe,3,Married,2,1,1,0,0,Manager,21834
1365,201365,1,29,Company Invited,3,30,Large Business,Male,2,1,Basic,5,Single,2,0,3,1,1,Executive,16091
1366,201366,0,39,Company Invited,3,27,Salaried,Female,2,5,Deluxe,3,Married,7,0,5,0,0,Manager,20736
1367,201367,0,27,Self Enquiry,1,8,Large Business,Male,2,3,Basic,4,Married,2,0,4,1,1,Executive,17226
1368,201368,0,34,Company Invited,1,28,Salaried,Male,2,4,Deluxe,3,Married,2,1,1,1,0,Manager,20747
1369,201369,1,28,Self Enquiry,3,19,Small Business,Fe Male,2,3,Deluxe,3,Unmarried,4,1,5,1,1,Manager,24854
1370,201370,0,47,Company Invited,1,20,Large Business,Male,3,3,Deluxe,4,Married,1,0,3,0,2,Manager,20467
1371,201371,0,56,Self Enquiry,3,17,Small Business,Female,2,4,Deluxe,5,Married,5,0,5,0,1,Manager,20380
1372,201372,0,39,Self Enquiry,1,15,Small Business,Male,2,3,Deluxe,5,Married,2,0,4,1,0,Manager,20151
1373,201373,0,38,Company Invited,1,14,Small Business,Female,2,4,Deluxe,4,Married,2,1,1,1,0,Manager,17133
1374,201374,0,58,Self Enquiry,3,27,Salaried,Female,3,3,Super Deluxe,3,Married,5,1,5,1,0,AVP,32875
1375,201375,1,32,Company Invited,1,11,Salaried,Female,2,1,Basic,3,Single,4,1,1,0,1,Executive,17432
1377,201377,0,49,Company Invited,1,8,Salaried,Male,2,3,King,3,Married,4,0,3,1,0,VP,34161
1378,201378,0,42,Self Enquiry,3,18,Small Business,Male,3,3,Deluxe,3,Married,4,1,1,0,0,Manager,20087
1379,201379,1,27,Company Invited,2,28,Salaried,Female,2,4,Basic,4,Married,2,0,1,1,0,Executive,17863
1380,201380,0,35,Self Enquiry,3,24,Small Business,Male,3,3,Deluxe,5,Married,1,0,3,0,0,Manager,17144
1381,201381,0,28,Company Invited,1,22,Small Business,Male,2,3,Basic,3,Single,2,0,3,0,0,Executive,17144
1382,201382,0,31,Company Invited,1,9,Small Business,Male,2,3,Basic,5,Married,2,1,1,0,0,Executive,18065
1383,201383,0,36,Company Invited,1,15,Salaried,Male,3,1,Basic,4,Married,2,0,5,1,0,Executive,17810
1384,201384,0,34,Self Enquiry,3,6,Small Business,Male,2,3,Standard,3,Unmarried,2,0,5,1,0,Senior Manager,24888
1385,201385,0,34,Self Enquiry,3,19,Small Business,Male,2,3,Standard,3,Married,2,0,1,1,1,Senior Manager,23628
1386,201386,0,26,Self Enquiry,1,6,Small Business,Male,3,3,Basic,5,Single,1,0,5,1,2,Executive,17867
1387,201387,0,29,Self Enquiry,1,6,Salaried,Male,2,3,Deluxe,5,Married,1,0,3,1,0,Manager,20373
1388,201388,0,32,Company Invited,1,21,Small Business,Female,2,3,Deluxe,3,Married,6,0,3,0,1,Manager,21667
1390,201390,1,28,Self Enquiry,1,23,Large Business,Male,2,4,Basic,3,Married,6,0,3,0,1,Executive,17367
1391,201391,0,38,Self Enquiry,3,6,Salaried,Male,2,4,Basic,5,Single,5,0,3,0,1,Executive,17858
1392,201392,0,35,Self Enquiry,3,13,Salaried,Female,2,3,Deluxe,3,Married,2,1,4,1,1,Manager,20204
1394,201394,0,32,Self Enquiry,1,11,Salaried,Male,2,4,Deluxe,3,Unmarried,1,0,1,0,1,Manager,24679
1395,201395,1,31,Company Invited,3,32,Small Business,Male,3,3,Deluxe,3,Married,2,1,3,0,1,Manager,20617
1396,201396,1,53,Self Enquiry,3,30,Salaried,Male,3,3,Standard,5,Unmarried,7,1,3,1,2,Senior Manager,25448
1397,201397,0,54,Self Enquiry,1,15,Salaried,Female,3,3,Deluxe,3,Married,4,0,5,0,1,Manager,17897
1398,201398,0,33,Company Invited,1,13,Salaried,Male,2,3,Deluxe,3,Married,2,0,5,1,1,Manager,20968
1399,201399,0,43,Self Enquiry,1,17,Salaried,Male,1,3,Standard,3,Married,2,0,1,1,0,Senior Manager,22510
1400,201400,0,38,Company Invited,2,6,Salaried,Male,2,3,Basic,4,Married,1,1,1,1,1,Executive,17991
1402,201402,0,31,Self Enquiry,1,8,Small Business,Female,2,5,Basic,3,Married,2,1,5,1,0,Executive,16129
1403,201403,0,39,Self Enquiry,3,21,Small Business,Male,3,3,Super Deluxe,5,Unmarried,1,0,1,1,2,AVP,28341
1405,201405,0,31,Company Invited,1,16,Small Business,Female,2,3,Standard,3,Married,5,0,1,1,1,Senior Manager,26031
1408,201408,0,23,Self Enquiry,1,18,Salaried,Male,3,3,Basic,3,Single,2,0,5,1,0,Executive,17647
1409,201409,0,40,Company Invited,1,17,Large Business,Female,3,3,Deluxe,3,Married,2,0,3,1,1,Manager,21323
1410,201410,0,40,Self Enquiry,3,8,Small Business,Female,3,3,Deluxe,4,Married,4,0,3,1,1,Manager,20677
1411,201411,0,25,Self Enquiry,2,8,Salaried,Female,2,3,Basic,4,Married,5,0,4,0,0,Executive,17187
1414,201414,0,47,Self Enquiry,1,31,Small Business,Male,2,3,Standard,3,Unmarried,3,0,3,1,0,Senior Manager,23633
1415,201415,0,33,Company Invited,1,6,Small Business,Male,2,4,Basic,3,Married,2,0,3,0,0,Executive,17008
1417,201417,0,31,Self Enquiry,3,8,Salaried,Male,2,3,Basic,3,Married,1,0,4,1,0,Executive,18067
1418,201418,0,38,Company Invited,1,12,Salaried,Male,3,4,Deluxe,3,Married,3,0,4,1,1,Manager,20321
1419,201419,0,42,Self Enquiry,1,24,Salaried,Male,2,3,Deluxe,5,Married,7,1,1,0,0,Manager,20410
1420,201420,0,41,Self Enquiry,1,6,Salaried,Male,3,3,Basic,3,Married,4,0,1,0,0,Executive,17782
1421,201421,0,47,Company Invited,1,6,Small Business,Female,3,3,Standard,4,Married,1,0,5,0,0,Senior Manager,26957
1422,201422,0,35,Self Enquiry,1,17,Small Business,Male,2,3,Basic,3,Married,1,1,5,0,0,Executive,17660
1424,201424,0,35,Self Enquiry,1,15,Small Business,Male,2,3,Deluxe,3,Single,2,0,4,0,1,Manager,20098
1426,201426,0,32,Self Enquiry,1,35,Salaried,Female,2,4,Basic,4,Single,2,0,3,1,0,Executive,17837
1427,201427,0,40,Self Enquiry,1,6,Salaried,Male,2,3,Basic,3,Married,1,0,1,0,0,Executive,17406
1428,201428,0,32,Self Enquiry,3,6,Small Business,Male,3,4,Basic,4,Married,1,0,1,0,2,Executive,17269
1430,201430,0,38,Self Enquiry,1,16,Small Business,Female,2,5,Standard,3,Married,4,0,1,1,1,Senior Manager,28206
1431,201431,0,32,Self Enquiry,3,6,Small Business,Female,2,3,Standard,3,Married,2,0,5,1,0,Senior Manager,25422
1432,201432,0,37,Self Enquiry,1,16,Salaried,Female,2,1,Standard,3,Married,2,1,1,0,1,Senior Manager,28744
1433,201433,0,25,Self Enquiry,3,14,Salaried,Female,2,3,Deluxe,3,Married,1,1,1,1,1,Manager,19907
1435,201435,0,44,Self Enquiry,1,6,Small Business,Male,2,3,Basic,3,Single,7,1,4,0,1,Executive,17436
1436,201436,0,21,Self Enquiry,3,11,Small Business,Male,2,3,Basic,5,Single,2,1,1,1,0,Executive,17380
1437,201437,0,39,Company Invited,1,15,Salaried,Male,2,3,King,3,Single,3,0,4,0,1,VP,34431
1438,201438,1,23,Company Invited,3,15,Small Business,Male,2,3,Basic,5,Married,2,0,5,1,0,Executive,16790
1439,201439,0,36,Self Enquiry,3,9,Small Business,Female,3,4,Standard,3,Married,1,0,3,1,0,Senior Manager,22644
1440,201440,0,36,Company Invited,1,10,Salaried,Female,3,3,Deluxe,4,Married,1,0,3,1,1,Manager,20131
1441,201441,0,56,Company Invited,1,6,Salaried,Male,2,3,Deluxe,3,Married,2,0,3,0,0,Manager,21306
1443,201443,0,42,Self Enquiry,1,8,Salaried,Male,2,3,King,3,Married,6,0,3,1,1,VP,33880
1444,201444,1,56,Self Enquiry,1,13,Large Business,Male,3,3,Basic,3,Married,1,0,4,1,2,Executive,17339
1445,201445,0,41,Self Enquiry,1,34,Salaried,Female,2,4,Super Deluxe,4,Married,1,0,5,1,1,AVP,28570
1446,201446,0,34,Self Enquiry,3,34,Small Business,Female,3,4,Deluxe,3,Married,2,0,5,1,0,Manager,21712
1447,201447,0,36,Company Invited,3,21,Small Business,Male,2,5,Deluxe,3,Married,2,0,1,1,0,Manager,20406
1448,201448,0,41,Self Enquiry,3,9,Salaried,Male,2,4,Deluxe,4,Married,3,0,3,0,1,Manager,23938
1449,201449,0,32,Self Enquiry,1,8,Large Business,Male,3,3,Basic,5,Single,2,0,1,1,1,Executive,17439
1450,201450,0,35,Self Enquiry,2,32,Salaried,Fe Male,2,3,Standard,3,Unmarried,2,1,1,1,0,Senior Manager,23837
1451,201451,0,38,Self Enquiry,3,16,Salaried,Female,3,3,Deluxe,3,Married,2,0,4,0,2,Manager,20343
1452,201452,1,50,Company Invited,3,6,Salaried,Male,3,3,Deluxe,3,Married,1,0,3,1,1,Manager,21728
1453,201453,0,36,Self Enquiry,3,17,Small Business,Female,3,4,Deluxe,3,Married,5,0,1,1,1,Manager,21652
1455,201455,0,40,Self Enquiry,1,8,Salaried,Male,2,4,Basic,3,Single,3,0,5,0,1,Executive,17809
1456,201456,0,35,Company Invited,1,24,Salaried,Male,3,3,Deluxe,3,Married,2,1,3,1,0,Manager,20689
1457,201457,0,40,Self Enquiry,1,8,Small Business,Female,3,3,Basic,3,Married,3,0,1,1,1,Executive,17001
1458,201458,0,35,Self Enquiry,1,6,Salaried,Female,3,5,Basic,3,Married,2,0,3,0,1,Executive,17977
1461,201461,1,50,Self Enquiry,3,34,Small Business,Male,2,4,Standard,5,Married,5,1,5,0,0,Senior Manager,25854
1462,201462,0,39,Self Enquiry,3,30,Small Business,Female,2,4,Super Deluxe,3,Married,1,0,1,1,1,AVP,27031
1463,201463,0,31,Company Invited,1,11,Small Business,Male,3,3,Deluxe,5,Unmarried,1,0,1,0,2,Manager,24936
1464,201464,0,26,Self Enquiry,3,11,Salaried,Female,1,4,Basic,3,Single,1,0,1,0,0,Executive,17966
1465,201465,0,36,Company Invited,1,29,Small Business,Male,2,1,Deluxe,3,Married,5,0,3,0,0,Manager,17571
1466,201466,0,39,Self Enquiry,1,12,Small Business,Male,2,4,Standard,5,Married,5,0,4,1,0,Senior Manager,24991
1467,201467,0,27,Self Enquiry,1,10,Salaried,Male,2,1,Deluxe,4,Married,2,1,4,1,0,Manager,21142
1468,201468,0,49,Company Invited,3,8,Small Business,Male,3,4,Deluxe,4,Married,3,0,3,1,2,Manager,20390
1470,201470,1,41,Self Enquiry,3,6,Salaried,Female,3,3,Deluxe,3,Single,1,1,4,0,2,Manager,20993
1471,201471,0,49,Company Invited,1,14,Salaried,Male,3,4,Deluxe,4,Married,2,0,1,0,0,Manager,20130
1472,201472,1,37,Self Enquiry,1,8,Salaried,Male,3,4,Basic,3,Single,7,1,3,0,2,Executive,17090
1473,201473,0,33,Company Invited,1,9,Salaried,Female,2,3,Basic,3,Married,2,1,1,1,1,Executive,17909
1475,201475,0,32,Company Invited,1,8,Salaried,Male,3,3,Basic,3,Single,1,0,3,1,1,Executive,18068
1476,201476,0,59,Self Enquiry,1,9,Small Business,Female,2,1,Basic,5,Married,5,1,1,0,1,Executive,17670
1477,201477,0,30,Self Enquiry,1,30,Salaried,Male,3,3,Basic,3,Married,2,0,3,1,2,Executive,17693
1478,201478,0,38,Company Invited,1,29,Salaried,Male,2,4,Standard,3,Unmarried,1,0,3,1,0,Senior Manager,24526
1479,201479,0,36,Self Enquiry,1,33,Small Business,Male,3,3,Deluxe,3,Married,7,0,3,0,0,Manager,20237
1480,201480,0,35,Self Enquiry,1,22,Small Business,Male,2,1,Basic,4,Married,1,0,4,1,1,Executive,17426
1482,201482,0,31,Self Enquiry,1,32,Salaried,Male,2,3,Basic,3,Married,2,0,3,1,1,Executive,17911
1483,201483,0,34,Self Enquiry,1,25,Small Business,Male,3,3,Basic,3,Married,1,0,3,0,0,Executive,17661
1484,201484,1,28,Self Enquiry,1,30,Salaried,Male,2,4,Basic,3,Single,6,1,1,0,0,Executive,17028
1485,201485,0,29,Self Enquiry,1,27,Salaried,Female,2,1,Standard,5,Married,2,0,5,1,1,Senior Manager,24980
1486,201486,0,32,Self Enquiry,1,11,Salaried,Male,3,1,Basic,4,Married,1,1,1,1,2,Executive,18298
1487,201487,0,22,Company Invited,1,22,Small Business,Male,3,1,Basic,3,Married,2,1,3,0,2,Executive,17935
1488,201488,0,53,Self Enquiry,3,8,Salaried,Female,3,4,Super Deluxe,3,Married,3,0,3,0,0,AVP,30427
1492,201492,0,34,Self Enquiry,1,13,Salaried,Fe Male,2,3,Standard,4,Unmarried,1,0,5,0,0,Senior Manager,26994
1493,201493,0,21,Self Enquiry,1,21,Salaried,Male,3,3,Basic,3,Single,2,0,5,1,1,Executive,16232
1494,201494,1,34,Self Enquiry,1,12,Small Business,Male,2,3,Basic,5,Single,3,0,4,0,0,Executive,17960
1495,201495,0,53,Self Enquiry,1,11,Salaried,Female,2,3,King,3,Married,5,0,4,1,0,VP,34094
1497,201497,0,42,Self Enquiry,3,14,Small Business,Male,2,3,Deluxe,4,Married,1,0,3,1,0,Manager,21825
1498,201498,0,44,Self Enquiry,1,13,Small Business,Female,2,4,Standard,3,Married,4,0,4,0,0,Senior Manager,25248
1499,201499,0,46,Self Enquiry,3,8,Small Business,Female,2,3,King,5,Single,4,0,1,1,1,VP,33947
1500,201500,0,33,Self Enquiry,1,8,Small Business,Male,3,3,Basic,3,Single,5,0,3,0,2,Executive,17496
1501,201501,0,44,Self Enquiry,1,16,Salaried,Male,2,3,Deluxe,3,Married,3,1,3,0,1,Manager,21465
1502,201502,0,30,Self Enquiry,1,15,Small Business,Male,2,4,Basic,3,Single,2,0,4,0,1,Executive,17206
1503,201503,1,39,Self Enquiry,3,11,Large Business,Male,2,3,Deluxe,3,Married,4,0,1,0,0,Manager,17086
1504,201504,1,24,Self Enquiry,1,6,Small Business,Male,3,3,Basic,3,Married,3,1,3,0,2,Executive,17293
1505,201505,0,43,Self Enquiry,1,8,Small Business,Female,3,1,Basic,3,Married,2,0,1,1,2,Executive,17645
1506,201506,1,50,Self Enquiry,3,9,Small Business,Male,2,4,Basic,3,Married,2,1,4,1,1,Executive,17683
1507,201507,0,35,Self Enquiry,3,8,Small Business,Female,3,3,Basic,3,Married,2,0,1,1,2,Executive,17014
1509,201509,0,33,Company Invited,3,6,Salaried,Female,2,1,Deluxe,5,Married,3,0,3,0,1,Manager,20376
1510,201510,0,35,Self Enquiry,1,10,Salaried,Male,3,3,Basic,3,Married,2,0,4,1,1,Executive,16951
1511,201511,0,27,Self Enquiry,1,8,Salaried,Female,2,3,Basic,5,Married,2,0,3,1,1,Executive,17341
1512,201512,1,26,Self Enquiry,1,31,Salaried,Male,2,5,Basic,3,Single,2,0,1,0,0,Executive,17293
1513,201513,0,27,Company Invited,3,14,Salaried,Male,2,3,Standard,3,Unmarried,2,0,1,1,0,Senior Manager,23726
1515,201515,1,41,Self Enquiry,1,18,Large Business,Female,2,3,King,3,Married,2,0,4,1,1,VP,34545
1517,201517,0,37,Self Enquiry,1,25,Salaried,Male,3,3,Basic,4,Married,5,0,4,0,1,Executive,18022
1518,201518,0,46,Company Invited,3,11,Small Business,Male,3,3,Deluxe,3,Single,5,1,5,1,1,Manager,20772
1519,201519,0,35,Self Enquiry,1,14,Salaried,Male,2,1,Basic,3,Married,2,0,5,1,1,Executive,17269
1520,201520,1,48,Self Enquiry,1,6,Salaried,Male,3,4,Standard,3,Single,1,1,5,0,0,Senior Manager,20381
1522,201522,0,44,Self Enquiry,3,6,Small Business,Female,3,3,Deluxe,5,Married,6,1,1,1,1,Manager,20454
1523,201523,0,35,Company Invited,1,17,Small Business,Male,3,4,Standard,5,Married,3,1,5,1,2,Senior Manager,24884
1525,201525,0,33,Company Invited,1,6,Salaried,Fe Male,3,3,Standard,3,Unmarried,2,1,1,1,0,Senior Manager,28458
1526,201526,0,35,Company Invited,3,5,Salaried,Male,3,3,Standard,5,Married,2,0,4,0,0,Senior Manager,24069
1528,201528,0,31,Self Enquiry,1,13,Salaried,Male,2,3,Deluxe,3,Married,4,0,3,0,1,Manager,20915
1529,201529,0,37,Self Enquiry,1,6,Salaried,Male,2,4,Deluxe,3,Married,2,0,5,0,0,Manager,20993
1530,201530,0,32,Self Enquiry,1,6,Small Business,Male,2,3,Deluxe,3,Married,2,1,4,1,1,Manager,21162
1531,201531,0,38,Company Invited,1,35,Salaried,Female,2,3,Deluxe,3,Single,2,0,3,1,0,Manager,17406
1532,201532,0,50,Self Enquiry,1,13,Small Business,Female,2,4,King,3,Married,6,1,4,1,1,VP,33740
1533,201533,0,59,Self Enquiry,3,31,Salaried,Female,4,3,Standard,5,Unmarried,1,0,3,1,1,Senior Manager,22637
1534,201534,0,36,Self Enquiry,1,14,Large Business,Female,2,3,Standard,3,Married,2,0,4,1,0,Senior Manager,25096
1535,201535,0,55,Self Enquiry,1,14,Small Business,Female,2,3,Super Deluxe,3,Married,3,1,3,1,1,AVP,29756
1536,201536,0,36,Company Invited,1,17,Salaried,Male,3,4,Deluxe,4,Unmarried,2,0,4,1,1,Manager,21499
1537,201537,0,45,Self Enquiry,1,13,Salaried,Male,2,3,Standard,5,Married,3,0,3,0,0,Senior Manager,24724
1538,201538,0,35,Company Invited,1,6,Small Business,Male,3,3,Basic,5,Married,5,0,1,0,1,Executive,17194
1540,201540,0,59,Company Invited,3,6,Salaried,Female,2,4,Deluxe,3,Single,1,0,5,1,0,Manager,20473
1541,201541,0,29,Self Enquiry,1,8,Salaried,Male,3,3,Basic,4,Married,1,0,4,1,0,Executive,17703
1542,201542,0,31,Self Enquiry,1,6,Small Business,Male,2,3,Basic,4,Single,2,0,3,1,0,Executive,17501
1543,201543,0,32,Self Enquiry,1,6,Salaried,Male,3,3,Deluxe,4,Married,2,0,3,1,0,Manager,21220
1544,201544,0,36,Self Enquiry,1,12,Salaried,Female,2,1,Basic,3,Married,4,0,1,0,0,Executive,18038
1547,201547,0,45,Self Enquiry,1,12,Salaried,Male,2,3,Standard,5,Married,5,1,3,1,1,Senior Manager,28245
1548,201548,0,37,Self Enquiry,1,13,Small Business,Male,1,3,Standard,3,Single,5,0,1,0,0,Senior Manager,28664
1550,201550,0,30,Self Enquiry,1,6,Salaried,Male,2,4,Deluxe,3,Married,2,1,1,1,1,Manager,20126
1551,201551,0,35,Self Enquiry,1,6,Small Business,Male,1,4,Basic,3,Single,2,0,4,1,0,Executive,17859
1552,201552,0,55,Self Enquiry,3,6,Salaried,Male,3,3,Standard,3,Married,4,0,1,0,2,Senior Manager,25239
1553,201553,0,38,Company Invited,1,12,Small Business,Female,3,5,Deluxe,3,Married,1,1,1,0,2,Manager,20329
1555,201555,0,56,Self Enquiry,1,13,Salaried,Male,2,5,Standard,3,Unmarried,5,0,1,0,0,Senior Manager,22260
1556,201556,0,23,Self Enquiry,3,8,Large Business,Male,3,3,Basic,5,Married,4,0,3,1,2,Executive,17322
1557,201557,0,51,Self Enquiry,1,15,Salaried,Male,3,3,Basic,3,Married,4,0,3,1,0,Executive,17075
1559,201559,1,46,Self Enquiry,3,15,Small Business,Male,3,4,Standard,3,Unmarried,2,0,5,1,2,Senior Manager,24619
1560,201560,0,40,Company Invited,1,6,Salaried,Male,3,4,Super Deluxe,4,Married,2,0,1,1,1,AVP,28503
1561,201561,0,51,Self Enquiry,3,27,Small Business,Male,3,3,Deluxe,3,Single,1,1,5,0,2,Manager,20441
1562,201562,0,30,Self Enquiry,3,10,Small Business,Female,3,4,Deluxe,4,Married,2,1,3,1,0,Manager,20209
1563,201563,0,46,Company Invited,1,6,Small Business,Male,2,4,Standard,5,Married,3,1,1,1,1,Senior Manager,25673
1565,201565,0,54,Self Enquiry,1,8,Large Business,Female,2,3,Standard,3,Married,1,0,4,0,0,Senior Manager,28549
1568,201568,0,58,Self Enquiry,3,16,Small Business,Male,2,3,Super Deluxe,3,Single,1,0,3,0,1,AVP,28872
1569,201569,0,44,Company Invited,1,29,Small Business,Male,3,3,Deluxe,4,Married,5,0,3,0,1,Manager,17042
1570,201570,1,37,Self Enquiry,2,12,Salaried,Male,3,3,Basic,5,Married,5,1,1,0,2,Executive,17073
1571,201571,0,32,Self Enquiry,1,6,Salaried,Male,3,3,Basic,5,Single,2,0,1,0,1,Executive,17956
1572,201572,1,20,Company Invited,1,12,Salaried,Female,3,4,Basic,3,Single,2,1,1,0,0,Executive,17926
1574,201574,0,37,Company Invited,1,8,Salaried,Male,3,4,Deluxe,3,Married,6,0,1,1,2,Manager,20163
1575,201575,0,59,Company Invited,2,8,Salaried,Female,2,4,King,3,Married,1,0,1,0,1,VP,33844
1576,201576,0,50,Company Invited,1,6,Salaried,Female,3,3,King,4,Married,4,1,1,0,2,VP,33172
1577,201577,1,25,Self Enquiry,3,11,Small Business,Male,2,4,Deluxe,3,Single,2,1,3,0,1,Manager,20744
1578,201578,0,25,Self Enquiry,1,13,Small Business,Male,3,4,Basic,3,Married,2,0,1,0,2,Executive,17889
1579,201579,0,22,Self Enquiry,1,21,Small Business,Female,2,3,Basic,3,Single,2,0,1,1,1,Executive,17871
1580,201580,0,51,Company Invited,1,6,Small Business,Female,1,4,Standard,5,Unmarried,4,0,1,1,0,Senior Manager,22484
1581,201581,1,34,Company Invited,1,13,Salaried,Male,3,5,Deluxe,3,Single,2,1,5,1,0,Manager,21074
1582,201582,0,54,Company Invited,2,32,Salaried,Female,1,1,Super Deluxe,3,Single,3,1,3,1,0,AVP,32328
1583,201583,0,24,Self Enquiry,1,24,Salaried,Male,2,3,Basic,3,Married,1,0,4,0,0,Executive,17774
1585,201585,0,37,Self Enquiry,3,9,Salaried,Male,2,3,Standard,3,Unmarried,3,0,3,0,1,Senior Manager,22428
1586,201586,0,34,Self Enquiry,1,11,Small Business,Fe Male,2,4,Standard,5,Unmarried,3,0,1,1,1,Senior Manager,26631
1587,201587,0,36,Company Invited,3,17,Large Business,Female,3,3,Standard,3,Married,1,0,5,0,2,Senior Manager,24738
1588,201588,0,36,Self Enquiry,1,9,Salaried,Female,2,3,Basic,3,Married,6,0,1,0,1,Executive,17835
1589,201589,0,43,Company Invited,3,32,Salaried,Male,3,3,Super Deluxe,3,Married,2,1,1,1,0,AVP,31959
1590,201590,0,30,Company Invited,1,29,Salaried,Male,3,5,Basic,3,Married,2,0,3,0,0,Executive,17613
1591,201591,0,33,Company Invited,3,28,Small Business,Male,3,3,Deluxe,4,Married,1,0,1,0,0,Manager,21146
1593,201593,0,51,Self Enquiry,1,12,Salaried,Male,2,3,King,3,Single,1,0,5,1,1,VP,34537
1594,201594,1,31,Self Enquiry,3,12,Salaried,Male,3,5,Deluxe,3,Married,5,1,3,0,2,Manager,21172
1595,201595,0,26,Self Enquiry,1,12,Salaried,Female,2,4,Basic,4,Married,2,0,3,1,1,Executive,17368
1596,201596,1,58,Self Enquiry,1,29,Small Business,Female,3,3,Standard,3,Married,2,0,3,1,0,Senior Manager,25312
1597,201597,1,19,Self Enquiry,3,28,Small Business,Male,2,3,Basic,3,Single,2,1,1,1,0,Executive,16675
1598,201598,0,22,Self Enquiry,1,8,Large Business,Male,3,3,Basic,3,Married,1,0,5,1,0,Executive,17523
1599,201599,0,49,Self Enquiry,1,26,Small Business,Female,3,3,Deluxe,5,Married,2,0,1,1,0,Manager,21567
1601,201601,0,50,Company Invited,3,18,Small Business,Fe Male,3,3,Standard,3,Unmarried,5,0,5,1,2,Senior Manager,24208
1603,201603,0,41,Self Enquiry,3,15,Salaried,Male,3,3,Standard,3,Married,4,1,1,0,1,Senior Manager,23189
1604,201604,0,26,Self Enquiry,2,31,Salaried,Female,3,3,Basic,3,Married,2,0,4,1,1,Executive,17942
1606,201606,1,51,Company Invited,1,14,Salaried,Male,2,5,Standard,3,Unmarried,3,0,1,1,0,Senior Manager,25650
1607,201607,0,39,Self Enquiry,3,10,Salaried,Female,2,4,Deluxe,3,Married,5,0,5,1,1,Manager,20902
1608,201608,0,25,Self Enquiry,3,34,Salaried,Male,2,4,Deluxe,3,Married,3,0,4,1,1,Manager,23639
1609,201609,0,30,Self Enquiry,2,15,Salaried,Male,2,3,Deluxe,3,Married,1,1,3,1,1,Manager,21347
1613,201613,0,30,Self Enquiry,1,24,Salaried,Female,3,3,Basic,3,Single,2,0,1,1,2,Executive,17632
1615,201615,0,30,Self Enquiry,1,11,Large Business,Female,2,3,Basic,5,Married,6,0,5,0,1,Executive,18204
1616,201616,0,30,Self Enquiry,1,8,Small Business,Male,2,4,Basic,3,Single,1,0,4,0,0,Executive,17720
1617,201617,0,41,Company Invited,1,16,Salaried,Male,3,4,Super Deluxe,5,Married,5,0,1,1,0,AVP,32181
1618,201618,0,41,Self Enquiry,1,15,Salaried,Male,3,3,Basic,5,Married,3,0,1,0,0,Executive,17238
1619,201619,0,19,Self Enquiry,1,9,Small Business,Female,3,3,Basic,4,Single,2,0,3,1,0,Executive,16483
1620,201620,0,40,Company Invited,1,32,Small Business,Female,2,3,Deluxe,4,Married,2,0,1,0,1,Manager,20605
1621,201621,0,35,Self Enquiry,3,6,Small Business,Male,3,3,Standard,4,Married,2,0,4,0,0,Senior Manager,22295
1622,201622,0,53,Self Enquiry,3,12,Small Business,Male,2,3,Deluxe,3,Married,3,1,5,0,1,Manager,17306
1623,201623,0,45,Self Enquiry,1,15,Salaried,Male,2,3,Deluxe,4,Married,1,0,4,1,0,Manager,17348
1624,201624,0,32,Company Invited,3,14,Small Business,Fe Male,2,3,Standard,3,Unmarried,2,0,4,1,1,Senior Manager,23998
1626,201626,0,51,Self Enquiry,1,13,Small Business,Male,2,4,Deluxe,3,Married,3,0,3,1,1,Manager,21132
1627,201627,0,58,Self Enquiry,1,15,Small Business,Female,3,4,Basic,4,Married,5,1,1,1,1,Executive,18346
1628,201628,0,40,Self Enquiry,3,10,Small Business,Male,3,4,Standard,3,Married,1,0,1,1,1,Senior Manager,25855
1629,201629,0,34,Company Invited,3,8,Small Business,Female,3,3,Basic,3,Married,7,0,5,0,0,Executive,17231
1630,201630,0,22,Self Enquiry,1,25,Small Business,Male,3,3,Basic,3,Married,2,0,1,1,0,Executive,17323
1631,201631,0,27,Company Invited,1,15,Small Business,Male,2,3,Basic,4,Married,7,0,3,1,1,Executive,17024
1632,201632,0,28,Self Enquiry,1,27,Small Business,Male,2,3,Basic,3,Married,2,0,1,0,0,Executive,17713
1633,201633,0,57,Self Enquiry,1,30,Salaried,Male,2,1,Standard,3,Married,4,1,4,1,0,Senior Manager,24439
1634,201634,0,27,Company Invited,1,9,Small Business,Male,3,4,Basic,3,Married,2,1,1,0,2,Executive,17566
1636,201636,0,41,Self Enquiry,1,20,Salaried,Male,2,3,Basic,3,Married,5,0,4,1,1,Executive,17451
1637,201637,0,30,Self Enquiry,3,11,Salaried,Female,2,3,Standard,3,Married,3,0,4,1,1,Senior Manager,24419
1638,201638,0,38,Self Enquiry,3,6,Salaried,Fe Male,2,4,Deluxe,3,Unmarried,5,0,1,0,1,Manager,23686
1639,201639,0,32,Self Enquiry,1,12,Salaried,Male,2,3,Basic,3,Single,4,0,1,0,1,Executive,18038
1640,201640,0,27,Self Enquiry,1,23,Large Business,Male,2,3,Basic,4,Married,1,1,4,0,0,Executive,18058
1641,201641,1,19,Company Invited,3,6,Large Business,Female,3,5,Basic,5,Single,1,0,3,1,0,Executive,17325
1642,201642,0,36,Company Invited,1,9,Small Business,Male,1,3,Basic,4,Single,5,0,4,1,0,Executive,17088
1643,201643,0,30,Company Invited,1,15,Small Business,Male,3,3,Deluxe,5,Married,2,0,1,1,1,Manager,18072
1646,201646,0,33,Self Enquiry,1,8,Salaried,Male,2,3,Basic,3,Single,1,0,3,1,0,Executive,17500
1647,201647,1,19,Self Enquiry,1,8,Salaried,Male,2,4,Basic,3,Single,2,0,5,1,0,Executive,16102
1648,201648,0,46,Self Enquiry,3,6,Small Business,Female,3,3,Standard,5,Married,2,0,1,1,2,Senior Manager,25453
1649,201649,0,38,Self Enquiry,1,15,Salaried,Female,3,3,Basic,3,Single,2,0,1,1,2,Executive,17288
1651,201651,0,34,Self Enquiry,1,33,Small Business,Female,3,3,Basic,4,Single,3,0,3,0,0,Executive,17311
1652,201652,1,41,Self Enquiry,3,26,Small Business,Female,3,3,Basic,4,Single,2,1,4,0,1,Executive,18140
1655,201655,0,33,Self Enquiry,1,20,Small Business,Female,3,3,Basic,4,Married,2,0,5,1,1,Executive,17756
1656,201656,0,40,Self Enquiry,1,10,Small Business,Female,2,3,King,3,Married,2,0,5,1,1,VP,34033
1657,201657,0,55,Self Enquiry,1,20,Small Business,Male,3,1,King,4,Single,1,0,1,1,1,VP,33722
1658,201658,0,34,Company Invited,1,8,Salaried,Male,2,4,Deluxe,3,Married,2,0,4,0,1,Manager,24547
1659,201659,0,51,Self Enquiry,1,9,Small Business,Female,3,3,Super Deluxe,4,Single,4,0,5,1,1,AVP,28734
1661,201661,0,27,Self Enquiry,1,15,Small Business,Female,4,3,Basic,4,Single,2,0,3,0,1,Executive,17279
1662,201662,1,35,Self Enquiry,1,29,Salaried,Male,2,4,Deluxe,3,Married,4,1,4,1,0,Manager,20916
1663,201663,0,43,Company Invited,1,13,Small Business,Male,2,1,Basic,3,Married,5,0,4,1,0,Executive,17089
1664,201664,0,45,Company Invited,1,8,Small Business,Male,3,4,Super Deluxe,3,Married,1,0,4,1,2,AVP,31792
1667,201667,0,42,Company Invited,1,27,Small Business,Female,2,3,Deluxe,3,Married,3,0,1,0,0,Manager,20265
1668,201668,0,38,Self Enquiry,1,8,Salaried,Male,2,3,Deluxe,3,Married,1,0,1,1,1,Manager,21553
1669,201669,0,38,Self Enquiry,1,35,Large Business,Male,2,3,Deluxe,3,Married,4,0,1,0,0,Manager,21261
1671,201671,0,49,Company Invited,1,24,Salaried,Male,3,3,Deluxe,3,Married,2,1,1,0,0,Manager,21804
1673,201673,0,40,Self Enquiry,1,25,Small Business,Male,1,3,Deluxe,3,Married,1,1,1,1,0,Manager,17741
1674,201674,1,38,Self Enquiry,1,35,Small Business,Male,3,3,Deluxe,5,Married,1,1,3,1,2,Manager,21673
1675,201675,1,29,Self Enquiry,3,33,Small Business,Female,2,3,Standard,3,Married,2,0,3,0,0,Senior Manager,22639
1676,201676,0,22,Self Enquiry,1,11,Salaried,Male,2,1,Basic,4,Married,2,1,4,1,0,Executive,17328
1677,201677,0,36,Company Invited,1,24,Small Business,Female,3,3,Basic,3,Single,2,0,3,0,1,Executive,17153
1679,201679,0,46,Self Enquiry,1,6,Small Business,Male,3,3,Standard,5,Married,1,0,1,0,2,Senior Manager,24396
1680,201680,1,32,Self Enquiry,3,10,Small Business,Male,2,5,Standard,3,Married,2,0,1,1,0,Senior Manager,25400
1681,201681,0,30,Company Invited,1,6,Salaried,Male,2,4,Standard,3,Unmarried,2,0,5,1,1,Senior Manager,23474
1682,201682,0,27,Company Invited,3,26,Salaried,Fe Male,2,3,Deluxe,3,Unmarried,2,0,1,1,1,Manager,24981
1683,201683,0,51,Self Enquiry,1,14,Salaried,Male,2,4,Standard,4,Married,6,0,3,1,1,Senior Manager,27490
1684,201684,1,30,Self Enquiry,1,9,Large Business,Female,2,3,Basic,5,Single,6,1,4,0,0,Executive,17657
1685,201685,0,41,Self Enquiry,3,12,Salaried,Female,3,3,Standard,3,Single,4,1,1,0,0,Senior Manager,28591
1686,201686,1,30,Company Invited,3,32,Small Business,Female,2,4,Deluxe,5,Unmarried,6,0,1,1,1,Manager,21696
1687,201687,1,29,Self Enquiry,1,6,Large Business,Male,2,3,Basic,3,Single,1,0,1,0,0,Executive,17058
1688,201688,0,45,Company Invited,3,12,Small Business,Fe Male,2,4,Standard,3,Unmarried,7,0,4,1,0,Senior Manager,23865
1689,201689,0,54,Self Enquiry,3,9,Small Business,Female,2,3,Deluxe,5,Married,3,0,4,1,0,Manager,20940
1690,201690,0,36,Self Enquiry,1,11,Salaried,Male,3,3,Deluxe,4,Single,1,0,1,1,1,Manager,20914
1691,201691,0,33,Self Enquiry,1,10,Small Business,Female,2,4,Basic,4,Married,7,0,4,0,1,Executive,17622
1692,201692,0,37,Company Invited,1,17,Salaried,Male,2,3,Standard,3,Married,2,1,3,1,1,Senior Manager,27185
1693,201693,0,38,Self Enquiry,3,9,Salaried,Male,3,3,Standard,3,Married,1,0,1,1,1,Senior Manager,25609
1695,201695,0,59,Self Enquiry,1,9,Salaried,Male,3,4,Basic,3,Married,4,0,3,0,0,Executive,17177
1696,201696,0,37,Company Invited,3,10,Small Business,Male,2,3,Basic,3,Married,5,0,4,1,0,Executive,17793
1697,201697,0,29,Company Invited,3,6,Small Business,Female,2,3,Standard,3,Married,2,0,3,1,1,Senior Manager,22918
1698,201698,0,35,Company Invited,3,6,Small Business,Fe Male,3,3,Standard,3,Unmarried,2,0,5,1,0,Senior Manager,23789
1699,201699,1,29,Self Enquiry,1,24,Small Business,Male,2,4,Basic,3,Single,2,1,3,0,0,Executive,17389
1700,201700,0,52,Self Enquiry,1,8,Salaried,Female,2,4,Basic,3,Single,1,0,3,1,0,Executive,18212
1701,201701,0,42,Self Enquiry,1,10,Large Business,Male,2,3,King,3,Married,2,0,1,0,0,VP,34232
1702,201702,0,59,Self Enquiry,2,12,Small Business,Male,2,3,Basic,3,Married,1,0,4,0,0,Executive,17267
1703,201703,0,50,Self Enquiry,3,6,Small Business,Female,3,3,King,3,Married,4,0,1,1,0,VP,34517
1704,201704,1,33,Self Enquiry,1,20,Small Business,Male,2,3,Basic,3,Married,6,1,1,1,1,Executive,17436
1705,201705,0,43,Self Enquiry,3,22,Small Business,Female,3,3,Super Deluxe,3,Married,6,1,3,0,0,AVP,31064
1706,201706,1,33,Self Enquiry,1,8,Salaried,Female,2,3,Basic,5,Married,1,0,3,1,1,Executive,17707
1707,201707,0,52,Company Invited,3,8,Salaried,Male,3,4,King,3,Single,2,1,1,1,0,VP,34068
1710,201710,0,39,Self Enquiry,1,6,Small Business,Female,3,3,Basic,3,Married,1,0,3,1,0,Executive,17232
1712,201712,0,41,Self Enquiry,1,25,Salaried,Male,2,3,Deluxe,5,Married,3,0,1,0,0,Manager,18072
1713,201713,0,40,Self Enquiry,1,30,Large Business,Male,3,3,Deluxe,3,Married,2,0,3,1,1,Manager,18319
1714,201714,0,45,Self Enquiry,1,6,Salaried,Male,3,1,King,3,Married,1,0,4,1,1,VP,34202
1715,201715,0,31,Company Invited,1,9,Small Business,Male,3,3,Standard,3,Married,1,0,4,1,0,Senior Manager,28675
1716,201716,0,33,Self Enquiry,1,11,Salaried,Female,3,4,Basic,3,Married,2,0,1,0,0,Executive,17911
1717,201717,0,34,Self Enquiry,1,8,Salaried,Male,2,4,Deluxe,5,Married,7,0,4,0,1,Manager,20957
1719,201719,0,45,Company Invited,1,13,Salaried,Male,3,1,Deluxe,3,Married,5,0,1,1,0,Manager,21434
1720,201720,1,37,Company Invited,1,16,Small Business,Male,3,3,Standard,3,Married,7,0,3,0,2,Senior Manager,25048
1721,201721,0,39,Company Invited,1,8,Large Business,Fe Male,3,3,Standard,3,Unmarried,1,0,1,1,2,Senior Manager,25938
1722,201722,0,29,Self Enquiry,1,21,Salaried,Male,2,3,Basic,3,Single,2,0,3,1,1,Executive,17340
1723,201723,0,42,Self Enquiry,1,23,Salaried,Female,2,1,Deluxe,5,Unmarried,4,1,1,1,1,Manager,21545
1724,201724,0,29,Self Enquiry,3,26,Small Business,Male,2,3,Deluxe,3,Married,3,0,1,1,0,Manager,21931
1726,201726,0,42,Self Enquiry,1,8,Small Business,Female,2,4,Basic,5,Married,1,1,4,1,1,Executive,17593
1727,201727,0,40,Self Enquiry,1,8,Small Business,Male,2,3,King,3,Married,1,0,5,1,0,VP,34436
1728,201728,0,51,Self Enquiry,1,6,Salaried,Male,3,3,Basic,3,Married,2,0,4,1,0,Executive,17723
1730,201730,0,32,Company Invited,1,13,Salaried,Male,3,1,Basic,4,Married,2,0,1,0,1,Executive,17794
1731,201731,0,38,Company Invited,3,8,Salaried,Male,2,4,Deluxe,3,Married,4,0,5,1,1,Manager,20249
1732,201732,0,32,Self Enquiry,1,8,Large Business,Male,2,4,Deluxe,5,Single,5,0,4,0,1,Manager,17176
1733,201733,0,46,Self Enquiry,3,8,Large Business,Female,3,5,Super Deluxe,4,Married,4,1,5,1,0,AVP,31872
1735,201735,0,29,Self Enquiry,3,8,Small Business,Male,3,4,Deluxe,4,Married,3,0,4,1,0,Manager,21644
1736,201736,0,31,Self Enquiry,1,29,Small Business,Male,3,4,Deluxe,3,Married,1,0,3,0,1,Manager,20582
1738,201738,0,45,Self Enquiry,1,26,Small Business,Male,3,3,Super Deluxe,3,Married,1,1,3,1,1,AVP,28496
1739,201739,0,36,Self Enquiry,1,12,Salaried,Male,2,3,Basic,3,Married,1,0,5,1,1,Executive,18210
1740,201740,0,55,Self Enquiry,1,6,Small Business,Male,2,3,King,5,Single,1,1,1,1,1,VP,34045
1741,201741,1,47,Company Invited,1,35,Salaried,Male,2,3,Standard,4,Married,2,1,3,1,0,Senior Manager,26849
1742,201742,0,28,Self Enquiry,1,15,Small Business,Male,3,3,Basic,3,Married,2,0,1,1,0,Executive,17070
1743,201743,0,37,Self Enquiry,3,12,Small Business,Male,3,3,Deluxe,3,Married,5,0,3,1,0,Manager,21502
1744,201744,0,21,Self Enquiry,1,9,Small Business,Male,3,4,Basic,3,Single,2,0,5,1,2,Executive,18230
1745,201745,0,37,Company Invited,1,6,Small Business,Female,3,3,Standard,3,Married,3,1,3,0,0,Senior Manager,28603
1746,201746,0,35,Self Enquiry,1,28,Salaried,Female,3,1,Standard,4,Married,1,0,5,1,2,Senior Manager,26996
1747,201747,0,38,Self Enquiry,3,13,Small Business,Female,2,1,Deluxe,5,Married,2,1,3,1,1,Manager,20605
1748,201748,0,26,Company Invited,1,6,Salaried,Female,2,3,Deluxe,4,Married,2,0,5,1,1,Manager,21397
1749,201749,0,50,Self Enquiry,1,10,Salaried,Male,3,3,King,4,Married,4,0,5,0,1,VP,34144
1750,201750,0,53,Self Enquiry,1,9,Small Business,Male,2,3,Super Deluxe,3,Married,4,1,5,1,0,AVP,32584
1751,201751,0,42,Self Enquiry,3,6,Salaried,Male,1,3,Deluxe,3,Married,2,0,3,1,0,Manager,19907
1753,201753,0,55,Self Enquiry,1,26,Large Business,Male,2,3,Deluxe,3,Married,4,1,1,0,0,Manager,20415
1755,201755,0,37,Self Enquiry,1,6,Salaried,Female,2,3,Basic,3,Single,2,0,1,1,0,Executive,17115
1756,201756,1,44,Company Invited,1,30,Salaried,Male,2,3,Basic,3,Married,4,1,5,0,1,Executive,18161
1757,201757,0,38,Self Enquiry,1,29,Salaried,Male,2,3,Deluxe,3,Married,1,0,3,0,1,Manager,20745
1758,201758,1,26,Self Enquiry,1,22,Small Business,Male,2,3,Basic,4,Married,3,1,1,1,0,Executive,17373
1759,201759,0,28,Self Enquiry,1,14,Salaried,Female,3,3,Basic,3,Single,2,0,4,1,1,Executive,18310
1760,201760,0,49,Company Invited,1,16,Salaried,Female,2,3,King,5,Single,1,1,3,0,1,VP,33665
1762,201762,0,31,Company Invited,3,11,Small Business,Female,2,3,Basic,4,Married,2,0,3,0,0,Executive,17789
1763,201763,1,26,Self Enquiry,3,10,Small Business,Male,2,4,Deluxe,3,Single,2,1,1,1,0,Manager,20828
1764,201764,0,37,Company Invited,1,15,Small Business,Male,2,3,Basic,3,Married,2,1,1,0,1,Executive,17326
1765,201765,0,42,Company Invited,3,32,Small Business,Female,3,3,Super Deluxe,4,Married,6,0,3,1,1,AVP,28525
1766,201766,1,18,Self Enquiry,1,9,Small Business,Male,2,3,Basic,3,Single,2,0,4,1,0,Executive,16420
1767,201767,0,35,Self Enquiry,3,22,Small Business,Male,3,3,Standard,4,Married,1,0,1,1,1,Senior Manager,23020
1769,201769,0,51,Self Enquiry,1,8,Small Business,Male,2,5,Deluxe,4,Married,6,0,1,0,1,Manager,20482
1770,201770,0,41,Self Enquiry,3,8,Salaried,Male,2,3,Super Deluxe,4,Single,2,0,3,1,1,AVP,31015
1771,201771,0,18,Self Enquiry,3,16,Small Business,Female,3,4,Basic,3,Single,2,0,1,0,2,Executive,16200
1772,201772,0,28,Self Enquiry,1,22,Small Business,Male,3,1,Deluxe,5,Single,1,0,5,0,1,Manager,20661
1773,201773,0,31,Self Enquiry,3,13,Large Business,Male,3,1,Deluxe,3,Married,5,0,1,1,1,Manager,21929
1774,201774,0,39,Self Enquiry,1,6,Small Business,Male,2,1,Standard,3,Married,1,0,3,1,0,Senior Manager,24613
1775,201775,0,36,Company Invited,1,30,Salaried,Female,2,3,Deluxe,4,Married,1,0,3,1,1,Manager,20674
1776,201776,0,32,Self Enquiry,3,13,Salaried,Male,3,4,Deluxe,3,Married,2,0,3,1,0,Manager,20484
1777,201777,0,38,Self Enquiry,1,31,Salaried,Female,2,4,Standard,4,Married,4,0,3,0,1,Senior Manager,27061
1778,201778,0,58,Company Invited,1,6,Salaried,Male,2,5,Deluxe,3,Married,3,1,1,1,1,Manager,20660
1780,201780,0,31,Self Enquiry,2,8,Salaried,Male,3,4,Deluxe,5,Married,4,0,3,0,2,Manager,21410
1781,201781,0,45,Company Invited,1,13,Salaried,Male,3,3,Standard,5,Married,2,0,1,1,0,Senior Manager,20210
1782,201782,0,31,Self Enquiry,1,8,Salaried,Male,2,3,Basic,3,Married,1,1,4,1,1,Executive,17695
1783,201783,0,33,Company Invited,1,11,Salaried,Female,3,3,Standard,4,Married,7,0,3,1,1,Senior Manager,26878
1784,201784,0,39,Self Enquiry,1,16,Small Business,Male,3,3,Super Deluxe,5,Married,2,1,3,1,2,AVP,32068
1785,201785,0,43,Company Invited,1,16,Salaried,Female,2,3,Basic,3,Single,1,0,5,0,0,Executive,17455
1786,201786,0,49,Self Enquiry,1,6,Large Business,Female,2,4,Super Deluxe,3,Single,1,1,3,0,0,AVP,28964
1788,201788,0,27,Self Enquiry,1,11,Salaried,Female,2,3,Basic,4,Single,2,1,3,0,1,Executive,17478
1789,201789,0,32,Self Enquiry,3,14,Large Business,Female,3,4,Deluxe,4,Married,2,1,1,1,2,Manager,20228
1791,201791,0,31,Self Enquiry,3,13,Small Business,Male,3,3,Deluxe,3,Married,5,0,1,0,0,Manager,22547
1792,201792,0,32,Self Enquiry,1,8,Small Business,Female,3,1,Deluxe,3,Single,1,0,3,0,0,Manager,20055
1794,201794,0,30,Self Enquiry,1,34,Small Business,Female,3,3,Deluxe,3,Married,2,0,3,1,2,Manager,20775
1795,201795,0,31,Company Invited,1,13,Salaried,Female,2,4,Standard,3,Married,2,0,1,1,0,Senior Manager,23943
1796,201796,0,39,Company Invited,1,13,Small Business,Male,2,4,King,3,Married,2,0,5,1,0,VP,34272
1797,201797,1,39,Self Enquiry,3,9,Small Business,Female,2,3,Deluxe,3,Married,5,1,4,1,1,Manager,20238
1799,201799,0,47,Self Enquiry,1,11,Salaried,Male,2,3,King,3,Married,5,0,1,1,0,VP,33300
1800,201800,0,43,Company Invited,1,16,Salaried,Female,2,4,Deluxe,3,Married,2,0,3,1,0,Manager,20257
1801,201801,0,27,Company Invited,3,6,Small Business,Male,3,3,Deluxe,4,Married,1,1,1,0,1,Manager,21349
1803,201803,0,43,Self Enquiry,1,13,Salaried,Female,2,3,Standard,5,Married,1,0,5,1,0,Senior Manager,24985
1805,201805,0,40,Self Enquiry,3,6,Small Business,Male,2,5,Deluxe,3,Married,3,1,3,1,0,Manager,22457
1806,201806,1,29,Self Enquiry,1,14,Salaried,Male,3,5,Basic,5,Married,2,1,3,0,1,Executive,17119
1808,201808,0,30,Self Enquiry,3,11,Small Business,Female,1,4,Deluxe,3,Married,2,0,1,1,0,Manager,21118
1809,201809,0,27,Self Enquiry,3,14,Small Business,Female,2,3,Deluxe,4,Married,2,0,1,0,1,Manager,21214
1810,201810,0,37,Self Enquiry,1,11,Small Business,Male,3,3,Deluxe,3,Married,1,0,3,1,2,Manager,21347
1811,201811,0,38,Self Enquiry,1,21,Salaried,Male,3,4,Standard,3,Married,1,1,5,1,2,Senior Manager,26510
1812,201812,0,31,Self Enquiry,1,13,Small Business,Female,2,3,Standard,3,Unmarried,2,1,4,1,1,Senior Manager,22143
1813,201813,0,29,Self Enquiry,3,16,Small Business,Female,2,4,Deluxe,4,Married,2,1,5,1,0,Manager,23268
1814,201814,0,35,Self Enquiry,1,11,Large Business,Male,3,3,Standard,4,Unmarried,1,0,3,1,1,Senior Manager,23095
1815,201815,0,23,Self Enquiry,1,32,Salaried,Male,2,3,Basic,3,Married,2,0,1,0,1,Executive,17904
1816,201816,0,41,Self Enquiry,1,12,Small Business,Male,3,4,Deluxe,4,Single,7,1,3,1,2,Manager,21032
1817,201817,0,47,Company Invited,3,10,Small Business,Male,3,3,Deluxe,3,Single,4,0,4,0,2,Manager,17976
1818,201818,0,42,Self Enquiry,1,29,Salaried,Female,2,3,Super Deluxe,3,Single,3,0,3,0,0,AVP,30992
1820,201820,0,42,Self Enquiry,2,8,Large Business,Male,2,3,Basic,3,Married,1,1,4,1,1,Executive,17696
1821,201821,0,32,Self Enquiry,1,8,Small Business,Female,3,3,Basic,4,Married,2,0,4,0,1,Executive,17370
1822,201822,0,48,Self Enquiry,3,35,Small Business,Female,3,3,Standard,3,Married,4,0,4,0,1,Senior Manager,27504
1823,201823,0,37,Self Enquiry,1,12,Small Business,Male,2,1,Deluxe,5,Married,5,1,3,1,1,Manager,20974
1825,201825,0,26,Self Enquiry,3,6,Salaried,Male,2,3,Deluxe,3,Married,2,0,5,0,1,Manager,20296
1826,201826,0,42,Self Enquiry,1,8,Salaried,Male,3,4,Deluxe,3,Unmarried,4,0,1,1,0,Manager,21781
1827,201827,1,21,Company Invited,3,6,Large Business,Female,3,4,Basic,4,Single,2,1,5,1,2,Executive,17174
1828,201828,0,36,Company Invited,3,6,Small Business,Female,2,3,Deluxe,3,Unmarried,5,0,1,1,1,Manager,21653
1829,201829,0,36,Company Invited,3,9,Small Business,Male,2,4,Standard,3,Married,5,0,1,0,0,Senior Manager,24699
1830,201830,0,57,Self Enquiry,1,6,Small Business,Male,2,3,Deluxe,3,Married,3,0,3,0,1,Manager,21755
1831,201831,0,40,Self Enquiry,1,16,Salaried,Female,2,1,Basic,3,Married,4,1,3,0,1,Executive,17213
1832,201832,0,21,Company Invited,3,15,Small Business,Male,2,3,Basic,3,Single,2,0,4,1,0,Executive,17610
1833,201833,1,33,Self Enquiry,3,11,Small Business,Female,2,3,Basic,3,Single,2,1,1,0,1,Executive,17851
1835,201835,0,46,Company Invited,1,13,Small Business,Female,1,3,Deluxe,3,Married,3,0,5,1,0,Manager,20258
1836,201836,1,41,Company Invited,3,10,Small Business,Male,2,3,Deluxe,4,Unmarried,2,0,3,1,0,Manager,24355
1837,201837,0,50,Self Enquiry,1,16,Large Business,Male,3,4,Standard,3,Unmarried,7,0,5,1,1,Senior Manager,25496
1838,201838,1,40,Self Enquiry,3,28,Small Business,Male,3,4,Deluxe,3,Married,3,1,3,1,0,Manager,21380
1839,201839,0,31,Self Enquiry,1,15,Salaried,Male,2,4,Basic,4,Single,1,1,3,1,0,Executive,17657
1840,201840,1,21,Self Enquiry,3,18,Salaried,Female,2,1,Basic,4,Single,2,0,5,0,1,Executive,17716
1841,201841,0,29,Self Enquiry,1,29,Salaried,Male,2,3,Basic,3,Single,1,0,3,0,0,Executive,17201
1842,201842,0,35,Self Enquiry,1,15,Salaried,Male,3,4,Deluxe,4,Unmarried,1,0,1,0,1,Manager,21540
1844,201844,0,28,Self Enquiry,3,15,Salaried,Male,3,3,Deluxe,3,Single,2,0,3,1,1,Manager,20253
1845,201845,0,49,Self Enquiry,1,13,Salaried,Male,2,4,Standard,3,Unmarried,1,0,1,1,0,Senior Manager,25965
1847,201847,0,36,Self Enquiry,1,8,Salaried,Female,3,3,Basic,3,Married,5,0,5,1,0,Executive,17543
1848,201848,1,34,Company Invited,3,25,Small Business,Male,3,1,Deluxe,3,Single,1,1,1,0,0,Manager,20304
1849,201849,0,55,Self Enquiry,1,8,Salaried,Female,3,3,Super Deluxe,3,Single,3,1,5,0,0,AVP,31659
1851,201851,0,30,Self Enquiry,3,8,Large Business,Male,3,3,Basic,4,Married,2,0,3,1,0,Executive,17476
1852,201852,1,26,Company Invited,1,9,Large Business,Male,3,3,Basic,5,Single,1,0,3,0,1,Executive,18102
1853,201853,0,22,Self Enquiry,1,17,Small Business,Female,2,3,Basic,4,Married,2,0,1,1,1,Executive,17244
1854,201854,0,36,Self Enquiry,3,8,Small Business,Male,3,4,Standard,3,Married,2,0,1,1,1,Senior Manager,22596
1855,201855,1,30,Company Invited,1,10,Large Business,Male,2,3,Basic,3,Single,1,1,4,1,0,Executive,17285
1856,201856,0,37,Self Enquiry,1,20,Salaried,Female,3,3,Basic,5,Married,2,0,4,1,1,Executive,18034
1857,201857,0,40,Self Enquiry,3,8,Small Business,Female,2,3,Deluxe,4,Married,1,0,1,0,0,Manager,20715
1858,201858,0,42,Self Enquiry,1,6,Salaried,Female,3,3,Basic,5,Married,4,0,3,0,2,Executive,17576
1860,201860,0,43,Self Enquiry,1,18,Salaried,Male,2,4,Super Deluxe,4,Married,2,0,3,1,1,AVP,29336
1862,201862,0,54,Self Enquiry,1,11,Small Business,Male,2,3,King,5,Married,5,0,4,1,0,VP,34406
1863,201863,0,34,Company Invited,3,10,Small Business,Female,3,3,Deluxe,3,Married,1,0,1,0,0,Manager,21538
1865,201865,0,43,Company Invited,1,27,Small Business,Male,3,3,Basic,3,Married,1,0,4,1,2,Executive,17258
1869,201869,0,31,Self Enquiry,1,6,Salaried,Male,3,4,Basic,5,Married,2,0,4,1,1,Executive,17218
1870,201870,0,39,Company Invited,1,6,Salaried,Male,2,3,King,3,Married,2,1,3,0,0,VP,34197
1871,201871,0,56,Company Invited,3,12,Salaried,Female,2,1,Super Deluxe,5,Married,1,0,3,1,0,AVP,28212
1872,201872,0,30,Self Enquiry,3,18,Large Business,Female,2,3,Deluxe,3,Unmarried,1,0,1,1,1,Manager,21577
1873,201873,0,41,Self Enquiry,3,6,Small Business,Male,2,1,Standard,5,Married,2,0,3,1,1,Senior Manager,23392
1876,201876,0,52,Self Enquiry,1,9,Small Business,Male,2,4,Standard,3,Married,3,1,1,1,0,Senior Manager,22969
1877,201877,0,45,Self Enquiry,1,16,Salaried,Male,3,3,Basic,3,Married,4,0,5,0,2,Executive,17654
1878,201878,0,52,Self Enquiry,1,10,Salaried,Female,1,3,Super Deluxe,3,Married,3,0,5,1,0,AVP,31555
1880,201880,0,30,Self Enquiry,1,8,Salaried,Female,2,5,Deluxe,3,Single,3,0,1,1,0,Manager,21091
1881,201881,0,60,Self Enquiry,1,13,Salaried,Female,2,3,King,5,Married,6,0,5,1,0,VP,34566
1884,201884,1,24,Self Enquiry,3,6,Large Business,Female,3,3,Basic,4,Single,2,1,4,0,0,Executive,18202
1885,201885,1,34,Company Invited,3,12,Small Business,Female,2,5,Basic,3,Married,1,0,4,0,1,Executive,17351
1886,201886,0,38,Company Invited,1,8,Salaried,Male,2,3,Basic,3,Married,2,1,5,1,0,Executive,16702
1887,201887,0,40,Self Enquiry,3,8,Salaried,Female,3,3,King,3,Married,1,0,3,1,0,VP,33041
1888,201888,0,26,Self Enquiry,1,29,Salaried,Female,2,3,Basic,3,Married,2,0,3,0,0,Executive,17886
1889,201889,0,30,Company Invited,1,9,Salaried,Male,2,3,Basic,3,Married,5,0,3,1,0,Executive,17097
1890,201890,0,29,Self Enquiry,1,9,Small Business,Male,3,4,Standard,3,Married,2,0,1,0,2,Senior Manager,26935
1891,201891,1,29,Self Enquiry,1,31,Large Business,Female,3,4,Basic,4,Married,6,0,3,1,2,Executive,17546
1892,201892,1,19,Self Enquiry,2,8,Large Business,Male,2,4,Basic,3,Single,2,0,3,0,0,Executive,17564
1893,201893,0,30,Company Invited,3,28,Salaried,Female,3,3,Standard,5,Married,1,0,1,1,1,Senior Manager,23412
1894,201894,0,57,Self Enquiry,3,35,Small Business,Male,2,4,Super Deluxe,3,Married,4,0,3,1,0,AVP,29118
1895,201895,0,50,Self Enquiry,1,35,Salaried,Male,2,4,Super Deluxe,3,Married,1,0,5,1,1,AVP,32046
1896,201896,0,30,Company Invited,1,8,Small Business,Female,2,3,Basic,3,Single,1,0,4,1,0,Executive,17564
1897,201897,0,60,Company Invited,3,34,Small Business,Female,3,4,Standard,5,Married,5,0,1,1,0,Senior Manager,25266
1898,201898,0,47,Self Enquiry,1,8,Small Business,Female,3,3,Deluxe,3,Married,6,0,1,0,0,Manager,20070
1899,201899,0,46,Self Enquiry,1,8,Salaried,Male,2,3,Super Deluxe,3,Married,7,0,5,1,0,AVP,32861
1902,201902,0,34,Self Enquiry,1,8,Salaried,Male,3,4,Basic,3,Married,4,0,5,1,2,Executive,17768
1903,201903,0,46,Self Enquiry,3,16,Small Business,Female,3,4,Standard,3,Married,3,1,1,0,0,Senior Manager,24071
1904,201904,0,31,Self Enquiry,1,15,Salaried,Male,2,3,Standard,4,Married,2,0,3,0,0,Senior Manager,25648
1905,201905,1,33,Self Enquiry,1,21,Small Business,Male,2,3,Standard,3,Married,1,1,5,1,0,Senior Manager,28610
1907,201907,0,30,Self Enquiry,3,13,Small Business,Male,2,3,Basic,4,Single,1,0,1,0,0,Executive,17983
1908,201908,0,35,Self Enquiry,1,22,Salaried,Male,3,3,Standard,3,Married,5,1,1,0,0,Senior Manager,22632
1909,201909,1,31,Company Invited,1,26,Salaried,Male,3,3,Standard,3,Married,4,0,3,1,0,Senior Manager,24824
1910,201910,1,34,Company Invited,2,29,Salaried,Female,2,3,Standard,5,Married,1,1,3,1,0,Senior Manager,24950
1911,201911,0,42,Company Invited,1,11,Salaried,Male,3,3,Basic,3,Married,5,0,3,0,1,Executive,17093
1912,201912,0,36,Company Invited,3,16,Small Business,Male,2,3,Standard,3,Unmarried,2,0,1,1,1,Senior Manager,24980
1915,201915,0,55,Self Enquiry,3,24,Salaried,Female,2,3,Super Deluxe,4,Single,4,0,1,1,0,AVP,31835
1916,201916,0,41,Company Invited,3,16,Salaried,Male,2,3,Deluxe,3,Single,1,0,1,0,1,Manager,21230
1918,201918,0,40,Self Enquiry,1,12,Salaried,Fe Male,3,3,Super Deluxe,3,Unmarried,1,0,5,1,0,AVP,28237
1920,201920,0,31,Self Enquiry,3,8,Salaried,Male,3,3,Deluxe,3,Unmarried,5,1,5,1,1,Manager,21582
1921,201921,0,42,Self Enquiry,1,30,Small Business,Male,2,3,Standard,5,Married,2,1,1,1,0,Senior Manager,22406
1923,201923,1,26,Company Invited,2,23,Salaried,Female,2,3,Basic,3,Married,1,1,5,0,1,Executive,17741
1925,201925,0,33,Self Enquiry,1,6,Small Business,Female,3,1,Super Deluxe,3,Married,5,0,1,1,0,AVP,31184
1926,201926,0,31,Self Enquiry,3,13,Salaried,Male,2,4,Standard,3,Married,1,0,3,1,0,Senior Manager,26557
1927,201927,1,18,Company Invited,3,11,Small Business,Male,3,3,Basic,4,Single,2,1,4,1,0,Executive,16878
1928,201928,0,40,Company Invited,3,34,Salaried,Male,2,5,Standard,5,Married,4,0,5,0,1,Senior Manager,25932
1929,201929,0,41,Company Invited,1,8,Salaried,Female,3,4,Deluxe,3,Unmarried,3,1,1,0,0,Manager,21811
1932,201932,0,34,Self Enquiry,3,27,Salaried,Male,3,1,Deluxe,3,Single,2,0,3,0,0,Manager,20337
1933,201933,1,26,Self Enquiry,1,30,Large Business,Male,3,5,Basic,3,Single,2,1,3,0,1,Executive,17340
1934,201934,0,37,Self Enquiry,1,6,Large Business,Female,2,3,Standard,3,Unmarried,5,0,5,1,0,Senior Manager,22491
1935,201935,0,46,Company Invited,1,24,Small Business,Female,2,3,Standard,3,Married,6,0,3,0,1,Senior Manager,25527
1936,201936,0,41,Self Enquiry,3,8,Salaried,Female,3,3,Super Deluxe,5,Married,1,0,5,1,2,AVP,31595
1937,201937,0,37,Company Invited,3,15,Small Business,Male,3,3,Standard,4,Married,2,0,1,1,2,Senior Manager,23834
1938,201938,0,52,Self Enquiry,1,12,Large Business,Male,3,3,Deluxe,5,Married,4,1,4,1,1,Manager,20577
1940,201940,0,24,Company Invited,3,30,Small Business,Male,2,3,Basic,3,Married,1,0,4,1,1,Executive,17400
1941,201941,0,38,Self Enquiry,1,16,Small Business,Female,3,3,Deluxe,3,Married,4,0,3,0,1,Manager,24824
1942,201942,0,37,Self Enquiry,1,6,Salaried,Female,3,3,Deluxe,4,Married,7,0,1,1,2,Manager,21447
1943,201943,0,49,Self Enquiry,1,24,Salaried,Male,2,4,King,3,Married,2,1,3,1,0,VP,34502
1944,201944,0,24,Self Enquiry,1,29,Small Business,Male,2,1,Basic,3,Married,2,1,4,0,0,Executive,17725
1945,201945,0,26,Self Enquiry,3,34,Small Business,Male,3,3,Deluxe,4,Married,2,0,3,0,0,Manager,21272
1946,201946,0,24,Self Enquiry,1,23,Salaried,Male,3,4,Basic,4,Married,2,0,3,1,1,Executive,17127
1947,201947,0,50,Company Invited,2,9,Small Business,Male,3,3,King,4,Married,2,0,1,1,2,VP,33200
1948,201948,0,25,Self Enquiry,3,19,Small Business,Male,2,3,Basic,3,Married,2,0,3,1,1,Executive,17096
1949,201949,1,24,Company Invited,1,13,Salaried,Female,2,3,Basic,3,Married,2,1,4,0,0,Executive,17886
1950,201950,1,30,Company Invited,3,18,Salaried,Male,3,4,Basic,5,Married,2,0,5,1,2,Executive,17033
1954,201954,0,31,Self Enquiry,3,12,Small Business,Male,3,1,Deluxe,3,Married,5,0,5,1,1,Manager,20460
1955,201955,0,27,Self Enquiry,1,12,Small Business,Female,3,4,Basic,3,Married,1,0,1,0,1,Executive,17187
1956,201956,0,37,Self Enquiry,3,8,Small Business,Male,3,3,Deluxe,3,Married,5,1,3,0,2,Manager,24602
1957,201957,0,20,Self Enquiry,1,6,Salaried,Female,2,4,Basic,4,Single,2,0,4,0,1,Executive,17836
1959,201959,0,43,Self Enquiry,1,12,Salaried,Male,2,4,Super Deluxe,3,Married,5,1,3,1,0,AVP,31627
1960,201960,0,38,Self Enquiry,1,6,Salaried,Female,2,3,Basic,5,Single,4,0,1,0,1,Executive,17619
1961,201961,0,43,Company Invited,1,15,Small Business,Male,3,3,Deluxe,3,Married,4,1,3,1,2,Manager,20679
1962,201962,0,48,Self Enquiry,1,6,Salaried,Female,2,4,Super Deluxe,5,Married,1,0,4,0,0,AVP,30402
1963,201963,0,44,Self Enquiry,2,6,Salaried,Female,2,4,Deluxe,3,Single,5,0,5,1,1,Manager,20985
1964,201964,0,34,Self Enquiry,3,20,Large Business,Female,2,3,Basic,3,Married,2,1,5,1,0,Executive,17579
1965,201965,1,27,Self Enquiry,3,8,Small Business,Male,2,3,Basic,5,Married,1,0,5,1,1,Executive,18041
1967,201967,0,44,Self Enquiry,1,9,Salaried,Male,2,3,King,3,Married,5,1,1,0,1,VP,34513
1968,201968,0,22,Self Enquiry,1,12,Small Business,Male,3,3,Basic,3,Married,1,0,1,1,1,Executive,17773
1969,201969,0,33,Self Enquiry,3,14,Small Business,Male,2,3,Deluxe,3,Married,1,0,1,0,0,Manager,22104
1970,201970,0,32,Self Enquiry,1,15,Salaried,Female,3,3,Deluxe,3,Married,2,1,5,1,2,Manager,21322
1971,201971,0,30,Company Invited,1,9,Small Business,Female,3,3,Basic,3,Married,2,0,3,1,1,Executive,17083
1972,201972,0,53,Self Enquiry,3,6,Small Business,Female,2,3,Deluxe,5,Unmarried,1,0,1,1,1,Manager,23381
1973,201973,0,34,Self Enquiry,1,6,Salaried,Male,2,3,Basic,3,Married,2,0,3,1,1,Executive,17691
1975,201975,0,26,Self Enquiry,1,12,Salaried,Female,3,3,Basic,3,Married,2,1,1,0,1,Executive,17659
1976,201976,0,37,Self Enquiry,1,9,Salaried,Male,2,3,Standard,3,Married,2,0,1,1,0,Senior Manager,24434
1977,201977,0,29,Self Enquiry,3,9,Small Business,Female,3,3,Deluxe,3,Married,2,0,1,0,0,Manager,20561
1978,201978,0,35,Self Enquiry,1,12,Salaried,Male,2,5,Deluxe,3,Unmarried,2,0,5,0,1,Manager,21646
1979,201979,0,33,Company Invited,1,12,Salaried,Male,1,3,Deluxe,3,Married,4,0,5,1,0,Manager,22725
1980,201980,0,54,Self Enquiry,2,25,Small Business,Male,2,3,Standard,4,Married,3,0,3,1,1,Senior Manager,25725
1981,201981,0,36,Self Enquiry,1,15,Small Business,Male,2,4,Deluxe,4,Married,3,1,4,0,1,Manager,23847
1982,201982,0,27,Self Enquiry,1,9,Small Business,Male,2,4,Basic,3,Single,1,0,1,1,1,Executive,17045
1983,201983,1,20,Self Enquiry,1,16,Small Business,Male,2,3,Basic,3,Single,2,1,5,1,1,Executive,16009
1985,201985,0,35,Company Invited,1,9,Salaried,Male,2,4,Basic,3,Married,2,0,1,1,1,Executive,16281
1986,201986,0,23,Self Enquiry,1,10,Small Business,Male,2,1,Basic,5,Married,3,0,4,0,1,Executive,17819
1989,201989,0,29,Company Invited,1,6,Salaried,Male,3,5,Basic,3,Married,2,0,1,0,2,Executive,17720
1990,201990,0,48,Self Enquiry,3,8,Small Business,Male,2,1,Deluxe,4,Married,4,0,3,0,1,Manager,23120
1993,201993,0,50,Self Enquiry,1,34,Small Business,Male,3,1,Basic,3,Married,2,1,1,0,1,Executive,18221
1994,201994,0,34,Self Enquiry,1,15,Small Business,Fe Male,2,4,Standard,4,Unmarried,2,0,1,1,0,Senior Manager,23621
1997,201997,0,32,Self Enquiry,3,16,Small Business,Male,2,3,Deluxe,3,Single,2,0,4,1,1,Manager,20396
1998,201998,1,50,Company Invited,3,14,Large Business,Male,2,3,Deluxe,3,Married,4,1,5,0,0,Manager,21796
1999,201999,0,38,Self Enquiry,1,6,Salaried,Female,2,1,Deluxe,3,Unmarried,1,0,1,0,0,Manager,22625
2000,202000,0,27,Self Enquiry,1,6,Salaried,Female,3,3,Standard,5,Married,2,0,4,0,2,Senior Manager,22412
2001,202001,0,32,Self Enquiry,1,9,Salaried,Fe Male,2,3,Standard,3,Unmarried,4,0,1,1,0,Senior Manager,26159
2003,202003,0,40,Company Invited,3,11,Salaried,Male,2,4,Standard,5,Married,6,1,5,0,0,Senior Manager,25475
2004,202004,0,53,Self Enquiry,1,13,Salaried,Male,2,1,Super Deluxe,3,Married,4,0,1,0,1,AVP,29814
2005,202005,0,41,Self Enquiry,2,16,Salaried,Male,3,4,King,3,Married,4,0,1,1,1,VP,34141
2006,202006,0,60,Self Enquiry,3,22,Small Business,Male,2,3,Deluxe,5,Single,1,0,4,1,1,Manager,20405
2007,202007,0,27,Company Invited,1,16,Salaried,Male,2,3,Standard,5,Married,2,0,3,0,1,Senior Manager,23793
2008,202008,0,41,Self Enquiry,2,6,Salaried,Male,2,4,King,3,Married,2,0,1,1,1,VP,34189
2010,202010,1,28,Self Enquiry,1,6,Salaried,Female,3,5,Basic,4,Single,1,1,1,1,2,Executive,17216
2011,202011,0,36,Company Invited,1,14,Salaried,Female,3,1,Standard,5,Married,1,0,3,0,1,Senior Manager,26713
2012,202012,0,38,Self Enquiry,1,6,Salaried,Female,2,3,Standard,3,Unmarried,5,1,1,0,1,Senior Manager,22861
2014,202014,0,47,Company Invited,3,9,Small Business,Female,2,3,Super Deluxe,3,Married,1,1,5,1,0,AVP,28770
2015,202015,0,30,Self Enquiry,3,33,Small Business,Male,3,3,Deluxe,3,Married,1,0,3,1,2,Manager,20304
2016,202016,0,29,Self Enquiry,3,16,Salaried,Male,3,3,Basic,3,Single,2,0,4,1,0,Executive,17642
2017,202017,1,42,Company Invited,1,25,Small Business,Male,2,1,Basic,3,Married,7,1,3,0,0,Executive,17759
2018,202018,0,43,Company Invited,3,21,Salaried,Male,2,4,Deluxe,3,Married,4,0,5,1,0,Manager,21804
2019,202019,0,34,Self Enquiry,1,14,Small Business,Female,3,3,Deluxe,3,Single,4,0,4,0,1,Manager,21142
2020,202020,0,23,Self Enquiry,1,15,Small Business,Male,2,3,Basic,5,Married,2,0,3,1,0,Executive,17500
2021,202021,0,39,Self Enquiry,2,9,Salaried,Female,2,1,Deluxe,4,Married,1,0,1,0,0,Manager,21389
2022,202022,0,56,Self Enquiry,1,15,Small Business,Male,2,3,Super Deluxe,3,Married,1,0,4,0,0,AVP,26103
2023,202023,0,40,Self Enquiry,1,8,Small Business,Female,2,4,Basic,3,Single,1,1,3,0,0,Executive,17342
2024,202024,0,27,Self Enquiry,1,13,Small Business,Female,2,4,Deluxe,5,Unmarried,1,0,3,1,0,Manager,21811
2025,202025,0,29,Self Enquiry,3,16,Small Business,Male,2,3,Basic,4,Married,2,0,1,1,0,Executive,17297
2026,202026,0,53,Self Enquiry,1,12,Salaried,Male,2,3,Deluxe,3,Single,3,0,5,1,1,Manager,17450
2027,202027,0,35,Company Invited,1,8,Salaried,Female,3,3,Deluxe,5,Married,3,0,4,1,2,Manager,20093
2028,202028,0,32,Company Invited,1,30,Salaried,Male,3,3,Deluxe,3,Married,2,0,4,1,2,Manager,20309
2029,202029,0,38,Self Enquiry,1,8,Small Business,Male,3,3,Basic,3,Married,7,1,4,0,2,Executive,18057
2030,202030,0,34,Self Enquiry,1,14,Salaried,Female,2,3,Deluxe,5,Married,4,0,5,1,1,Manager,20121
2031,202031,0,52,Self Enquiry,3,9,Small Business,Male,2,4,Super Deluxe,5,Married,2,0,5,1,0,AVP,31856
2032,202032,1,33,Self Enquiry,1,6,Salaried,Male,3,3,Basic,3,Single,2,1,3,1,0,Executive,17686
2033,202033,0,25,Self Enquiry,3,32,Small Business,Female,2,3,Deluxe,3,Single,2,0,4,0,0,Manager,21180
2034,202034,0,45,Self Enquiry,3,8,Large Business,Male,2,5,Deluxe,3,Unmarried,1,0,5,1,1,Manager,21632
2036,202036,1,47,Company Invited,3,33,Salaried,Female,3,1,Deluxe,3,Unmarried,5,1,4,0,1,Manager,21397
2037,202037,0,34,Self Enquiry,3,8,Salaried,Male,2,3,Deluxe,3,Single,2,0,5,0,1,Manager,21274
2039,202039,0,36,Company Invited,3,14,Salaried,Male,3,4,Standard,5,Unmarried,2,0,1,0,0,Senior Manager,22587
2043,202043,1,26,Self Enquiry,3,14,Large Business,Male,2,4,Deluxe,5,Single,7,0,3,0,0,Manager,20326
2044,202044,0,34,Self Enquiry,1,6,Salaried,Female,3,1,Basic,3,Single,3,0,1,1,1,Executive,18280
2045,202045,0,54,Self Enquiry,1,25,Small Business,Female,3,3,Deluxe,5,Married,1,1,3,0,2,Manager,20485
2047,202047,0,37,Self Enquiry,1,16,Salaried,Female,2,3,Basic,5,Married,1,1,3,1,0,Executive,17782
2048,202048,0,38,Company Invited,1,8,Salaried,Female,3,1,Deluxe,5,Single,7,1,1,0,0,Manager,20980
2050,202050,0,35,Self Enquiry,3,14,Salaried,Female,3,3,Basic,3,Married,2,0,3,1,2,Executive,17572
2053,202053,0,34,Self Enquiry,3,14,Salaried,Female,3,3,Deluxe,5,Married,6,0,1,1,2,Manager,21500
2054,202054,0,42,Company Invited,1,14,Salaried,Male,3,3,King,3,Married,2,0,5,1,1,VP,33430
2055,202055,1,23,Self Enquiry,1,12,Salaried,Male,3,1,Basic,5,Married,2,1,3,0,0,Executive,16601
2056,202056,0,24,Company Invited,1,15,Salaried,Male,2,4,Basic,4,Married,2,0,5,0,1,Executive,17694
2057,202057,0,52,Self Enquiry,1,17,Salaried,Female,2,3,Deluxe,3,Married,1,0,1,1,0,Manager,18149
2058,202058,0,50,Self Enquiry,1,8,Small Business,Male,3,3,Super Deluxe,3,Married,6,0,1,0,1,AVP,32639
2059,202059,1,29,Self Enquiry,1,6,Salaried,Female,2,4,Basic,5,Married,2,1,1,0,0,Executive,17319
2060,202060,0,33,Self Enquiry,1,13,Small Business,Male,2,3,Standard,3,Married,1,0,4,1,0,Senior Manager,26691
2061,202061,1,33,Self Enquiry,3,22,Small Business,Female,3,3,Deluxe,5,Single,6,0,3,1,0,Manager,20324
2062,202062,0,47,Self Enquiry,1,8,Salaried,Female,2,3,Super Deluxe,3,Married,2,1,4,1,0,AVP,31752
2063,202063,0,36,Self Enquiry,1,6,Salaried,Female,2,3,Deluxe,4,Married,1,0,5,1,1,Manager,20228
2064,202064,0,29,Self Enquiry,1,29,Salaried,Male,2,1,Basic,3,Married,2,0,1,1,1,Executive,17700
2065,202065,1,58,Self Enquiry,1,8,Salaried,Male,2,3,King,4,Single,1,1,3,1,0,VP,34246
2066,202066,0,35,Self Enquiry,1,6,Salaried,Female,2,1,Basic,3,Single,4,0,3,1,1,Executive,17506
2067,202067,0,42,Self Enquiry,1,6,Salaried,Female,2,4,Deluxe,3,Married,1,1,3,0,0,Manager,21062
2069,202069,0,36,Self Enquiry,2,19,Salaried,Male,2,3,Basic,4,Married,5,0,3,1,1,Executive,17143
2070,202070,0,32,Self Enquiry,1,10,Salaried,Female,3,4,Deluxe,3,Married,2,0,4,1,1,Manager,21162
2071,202071,0,40,Company Invited,1,22,Small Business,Male,2,4,Deluxe,3,Single,7,0,5,0,0,Manager,20094
2072,202072,0,30,Self Enquiry,1,8,Small Business,Female,2,4,Deluxe,3,Unmarried,6,1,1,1,1,Manager,21877
2073,202073,0,45,Self Enquiry,1,8,Salaried,Female,3,4,Basic,3,Single,2,0,3,1,0,Executive,17274
2075,202075,0,38,Company Invited,1,18,Salaried,Male,1,4,Deluxe,5,Married,3,0,5,1,0,Manager,21288
2076,202076,0,34,Company Invited,1,22,Salaried,Female,3,4,Basic,3,Single,2,0,5,1,2,Executive,17553
2077,202077,1,49,Self Enquiry,3,17,Small Business,Female,2,3,Standard,3,Married,2,0,4,0,0,Senior Manager,22654
2078,202078,1,55,Self Enquiry,3,8,Small Business,Male,2,3,Deluxe,3,Single,5,0,1,1,0,Manager,20160
2079,202079,0,43,Self Enquiry,1,20,Salaried,Male,3,3,Super Deluxe,5,Married,7,0,5,1,1,AVP,32159
2080,202080,0,27,Self Enquiry,1,11,Large Business,Male,2,4,Standard,3,Married,2,1,3,1,1,Senior Manager,27808
2081,202081,0,35,Self Enquiry,1,13,Salaried,Male,2,3,Standard,3,Unmarried,4,0,3,0,1,Senior Manager,25221
2084,202084,1,26,Company Invited,1,11,Small Business,Female,2,4,Basic,3,Married,2,1,1,0,1,Executive,17366
2085,202085,0,27,Company Invited,1,9,Small Business,Male,2,3,Basic,3,Married,2,0,1,0,0,Executive,16706
2086,202086,0,51,Self Enquiry,3,32,Small Business,Female,3,3,Super Deluxe,3,Married,3,0,3,1,1,AVP,31307
2087,202087,0,44,Self Enquiry,1,10,Small Business,Male,2,3,Deluxe,4,Single,1,0,1,1,1,Manager,20933
2090,202090,0,35,Self Enquiry,1,33,Small Business,Female,2,4,Basic,5,Single,2,0,4,0,1,Executive,17559
2091,202091,0,36,Self Enquiry,3,6,Salaried,Male,2,3,Deluxe,3,Married,2,1,3,1,1,Manager,21201
2094,202094,0,53,Self Enquiry,3,13,Small Business,Female,3,4,Standard,3,Married,1,1,1,0,1,Senior Manager,25934
2095,202095,0,45,Self Enquiry,3,15,Small Business,Male,3,3,Standard,5,Married,5,1,1,0,0,Senior Manager,25761
2096,202096,0,32,Self Enquiry,1,14,Small Business,Female,3,1,Deluxe,3,Married,6,0,3,1,2,Manager,20175
2097,202097,0,52,Company Invited,1,31,Small Business,Female,2,4,Super Deluxe,3,Married,4,0,5,0,1,AVP,28826
2098,202098,0,37,Self Enquiry,3,22,Small Business,Male,3,4,Deluxe,3,Married,5,0,5,1,0,Manager,21334
2101,202101,0,44,Self Enquiry,1,14,Salaried,Male,3,1,Basic,3,Married,3,1,3,1,0,Executive,17818
2102,202102,0,42,Company Invited,1,8,Small Business,Male,2,3,Basic,3,Single,6,1,1,1,1,Executive,17515
2103,202103,0,36,Self Enquiry,2,14,Salaried,Male,3,4,Basic,5,Married,1,0,1,0,1,Executive,17342
2105,202105,0,35,Self Enquiry,1,15,Salaried,Female,3,4,Standard,3,Married,2,1,4,1,2,Senior Manager,25685
2106,202106,1,35,Company Invited,1,31,Salaried,Female,3,3,Basic,4,Married,2,1,3,1,1,Executive,17022
2107,202107,0,32,Company Invited,1,6,Salaried,Male,3,3,Basic,3,Married,1,0,5,1,0,Executive,17314
2110,202110,0,24,Company Invited,1,10,Salaried,Male,2,4,Basic,3,Married,1,0,3,0,1,Executive,18162
2111,202111,0,32,Company Invited,3,11,Salaried,Male,2,3,Deluxe,4,Married,2,0,3,1,1,Manager,21524
2112,202112,0,38,Self Enquiry,3,15,Small Business,Male,3,4,Basic,4,Married,1,0,4,0,2,Executive,17899
2113,202113,0,42,Self Enquiry,1,9,Salaried,Female,3,1,Deluxe,3,Married,3,1,5,1,0,Manager,20231
2114,202114,0,31,Self Enquiry,1,17,Salaried,Male,2,3,Basic,3,Married,4,1,3,0,0,Executive,17356
2115,202115,1,29,Self Enquiry,3,6,Small Business,Female,2,4,Basic,3,Married,7,1,1,1,1,Executive,17800
2116,202116,0,53,Self Enquiry,3,14,Small Business,Male,3,3,Super Deluxe,3,Married,6,0,3,1,0,AVP,26836
2117,202117,0,35,Self Enquiry,1,31,Large Business,Male,3,4,Standard,4,Married,4,0,3,1,1,Senior Manager,25903
2118,202118,0,37,Company Invited,3,27,Small Business,Female,2,3,Basic,3,Married,6,0,1,1,0,Executive,17973
2119,202119,0,53,Self Enquiry,1,29,Salaried,Female,3,3,Super Deluxe,3,Single,7,0,5,1,1,AVP,29275
2120,202120,0,43,Company Invited,1,6,Salaried,Female,2,3,Deluxe,3,Married,5,0,1,1,1,Manager,20562
2122,202122,0,37,Company Invited,3,25,Small Business,Male,2,3,Standard,4,Unmarried,2,1,5,0,0,Senior Manager,22642
2123,202123,0,50,Company Invited,1,8,Salaried,Male,3,3,Super Deluxe,5,Married,2,0,5,1,1,AVP,32924
2124,202124,0,39,Self Enquiry,2,8,Salaried,Female,2,4,Deluxe,3,Married,1,0,3,1,0,Manager,20204
2125,202125,0,33,Self Enquiry,2,9,Salaried,Male,2,3,Basic,4,Married,4,1,5,0,1,Executive,17277
2126,202126,1,32,Self Enquiry,1,31,Salaried,Male,2,3,Basic,3,Single,2,1,5,0,0,Executive,17795
2127,202127,0,29,Self Enquiry,1,13,Small Business,Female,3,4,Basic,3,Married,7,0,5,1,1,Executive,17532
2128,202128,0,44,Self Enquiry,1,15,Salaried,Male,3,3,Basic,5,Married,2,1,3,1,0,Executive,17559
2130,202130,1,58,Company Invited,1,8,Salaried,Male,2,4,Basic,3,Married,1,1,1,1,0,Executive,17380
2132,202132,1,20,Self Enquiry,3,8,Small Business,Female,2,4,Basic,3,Single,2,0,4,1,0,Executive,17044
2133,202133,1,21,Self Enquiry,1,24,Salaried,Female,3,3,Basic,3,Single,2,0,3,1,2,Executive,17693
2134,202134,0,36,Self Enquiry,1,20,Salaried,Male,3,3,Deluxe,3,Married,1,1,5,1,0,Manager,21586
2135,202135,0,47,Self Enquiry,3,8,Salaried,Female,3,4,Basic,3,Single,2,1,1,0,0,Executive,18294
2137,202137,1,41,Self Enquiry,1,8,Salaried,Female,2,5,Basic,3,Married,5,1,3,0,1,Executive,17778
2138,202138,0,28,Self Enquiry,1,15,Small Business,Female,3,3,Basic,3,Married,6,0,3,0,0,Executive,17377
2139,202139,1,39,Self Enquiry,1,12,Small Business,Male,3,3,Basic,5,Married,1,1,1,1,1,Executive,17404
2140,202140,0,27,Self Enquiry,1,10,Salaried,Female,3,3,Basic,3,Single,2,0,1,0,0,Executive,17318
2141,202141,0,34,Self Enquiry,1,16,Salaried,Male,2,3,Basic,4,Married,2,0,1,1,1,Executive,17008
2142,202142,0,42,Self Enquiry,3,20,Small Business,Female,3,4,Deluxe,3,Single,1,0,3,1,0,Manager,21244
2143,202143,0,33,Self Enquiry,1,6,Salaried,Male,3,4,Basic,5,Single,4,1,4,1,1,Executive,17799
2144,202144,0,58,Self Enquiry,1,11,Large Business,Female,2,4,Standard,4,Married,3,1,5,1,1,Senior Manager,25552
2145,202145,0,31,Self Enquiry,3,13,Salaried,Male,2,4,Basic,3,Married,4,0,4,1,1,Executive,17329
2147,202147,0,49,Self Enquiry,1,14,Salaried,Female,2,3,Standard,4,Married,5,0,4,0,1,Senior Manager,22403
2148,202148,0,48,Self Enquiry,1,26,Small Business,Male,2,3,Basic,3,Married,5,0,1,1,0,Executive,17259
2149,202149,0,31,Company Invited,3,26,Small Business,Female,2,3,Deluxe,3,Married,2,0,1,1,1,Manager,21932
2151,202151,0,38,Self Enquiry,1,6,Large Business,Female,3,3,Standard,5,Married,2,0,4,1,1,Senior Manager,28582
2152,202152,0,32,Company Invited,1,6,Salaried,Female,3,4,Basic,4,Married,7,0,3,0,2,Executive,17332
2153,202153,1,25,Self Enquiry,3,25,Small Business,Male,2,4,Basic,4,Married,2,1,1,0,1,Executive,17413
2154,202154,0,40,Self Enquiry,3,16,Small Business,Male,3,4,Standard,4,Married,3,0,4,0,0,Senior Manager,24705
2157,202157,0,36,Self Enquiry,1,8,Small Business,Male,3,3,Basic,3,Single,5,0,5,1,1,Executive,17519
2158,202158,1,19,Self Enquiry,3,27,Salaried,Male,2,4,Basic,4,Single,2,1,1,1,1,Executive,17121
2159,202159,1,20,Self Enquiry,1,10,Large Business,Male,2,3,Basic,5,Single,2,0,3,1,0,Executive,17973
2160,202160,0,31,Self Enquiry,1,18,Small Business,Female,2,3,Deluxe,3,Married,1,1,4,1,0,Manager,20855
2162,202162,0,32,Self Enquiry,1,9,Small Business,Female,3,3,Deluxe,5,Married,2,0,1,1,0,Manager,21725
2163,202163,1,36,Self Enquiry,3,9,Salaried,Male,2,4,Standard,3,Married,2,1,1,1,0,Senior Manager,25325
2164,202164,0,33,Self Enquiry,1,6,Salaried,Female,2,4,Deluxe,3,Unmarried,1,0,4,1,1,Manager,21949
2165,202165,1,37,Self Enquiry,3,6,Salaried,Male,2,4,Standard,3,Married,6,0,1,1,1,Senior Manager,25609
2167,202167,0,29,Company Invited,3,26,Large Business,Female,2,3,Basic,3,Married,2,0,3,0,1,Executive,17157
2169,202169,0,52,Self Enquiry,1,6,Salaried,Male,3,3,Super Deluxe,3,Married,3,0,1,1,2,AVP,32099
2170,202170,1,58,Self Enquiry,1,8,Large Business,Male,2,3,Basic,3,Single,5,0,1,0,0,Executive,17479
2171,202171,0,53,Self Enquiry,3,8,Small Business,Male,2,3,Super Deluxe,3,Married,7,0,3,1,0,AVP,29852
2172,202172,0,30,Self Enquiry,3,14,Salaried,Male,3,3,Standard,3,Married,6,0,3,1,0,Senior Manager,22264
2173,202173,0,38,Company Invited,3,16,Large Business,Female,2,3,Deluxe,3,Single,2,1,3,1,0,Manager,20666
2174,202174,0,35,Self Enquiry,3,9,Salaried,Male,3,3,Standard,3,Married,7,0,5,0,2,Senior Manager,22823
2175,202175,0,39,Self Enquiry,3,8,Salaried,Male,2,1,Standard,3,Unmarried,1,0,1,0,0,Senior Manager,22880
2176,202176,1,40,Company Invited,3,30,Salaried,Fe Male,3,1,Super Deluxe,4,Unmarried,5,1,3,1,0,AVP,28194
2177,202177,0,47,Company Invited,1,22,Small Business,Male,3,1,Deluxe,3,Married,2,1,1,1,0,Manager,20067
2178,202178,0,36,Company Invited,3,14,Large Business,Male,2,3,Deluxe,3,Married,5,0,3,1,1,Manager,20079
2179,202179,1,31,Company Invited,1,15,Small Business,Male,2,4,Basic,5,Single,1,1,3,0,1,Executive,17321
2180,202180,0,33,Company Invited,3,23,Salaried,Male,2,3,Super Deluxe,3,Single,2,0,3,1,0,AVP,32444
2181,202181,1,29,Self Enquiry,1,16,Salaried,Female,3,4,Basic,5,Single,7,1,5,1,0,Executive,17404
2183,202183,0,45,Self Enquiry,1,6,Small Business,Female,3,3,Basic,3,Married,4,0,5,1,0,Executive,17270
2184,202184,0,50,Self Enquiry,1,6,Small Business,Male,3,3,Super Deluxe,3,Married,1,0,5,0,2,AVP,32399
2185,202185,0,33,Company Invited,1,6,Salaried,Female,2,1,Deluxe,4,Married,2,1,3,1,0,Manager,20488
2186,202186,0,41,Company Invited,1,15,Small Business,Male,3,3,King,3,Married,3,0,4,0,2,VP,34419
2187,202187,0,27,Self Enquiry,1,22,Large Business,Female,2,3,Basic,4,Married,1,0,1,1,0,Executive,17811
2190,202190,1,30,Self Enquiry,1,28,Salaried,Female,2,3,Basic,3,Married,5,1,1,0,0,Executive,17132
2191,202191,0,50,Self Enquiry,1,30,Salaried,Male,3,3,Super Deluxe,3,Married,4,1,4,1,2,AVP,28973
2192,202192,0,38,Company Invited,1,16,Small Business,Male,3,3,Basic,3,Married,1,0,5,0,0,Executive,17684
2193,202193,0,46,Self Enquiry,1,13,Small Business,Male,3,3,Standard,3,Married,7,0,1,1,1,Senior Manager,25845
2197,202197,0,18,Company Invited,1,11,Salaried,Male,3,3,Basic,3,Single,2,0,1,0,1,Executive,16051
2198,202198,0,54,Self Enquiry,1,23,Large Business,Female,2,3,Standard,3,Married,1,0,5,0,0,Senior Manager,25739
2199,202199,0,35,Self Enquiry,1,31,Small Business,Female,2,3,Standard,3,Married,2,1,3,0,1,Senior Manager,25388
2200,202200,0,30,Self Enquiry,1,14,Salaried,Female,3,1,Standard,5,Married,1,1,1,0,2,Senior Manager,26416
2201,202201,1,20,Self Enquiry,1,17,Small Business,Female,3,4,Basic,5,Single,2,1,3,1,2,Executive,17600
2202,202202,1,30,Company Invited,1,11,Small Business,Female,2,3,Basic,4,Single,1,0,3,0,0,Executive,17422
2203,202203,0,26,Self Enquiry,1,8,Small Business,Male,2,1,Deluxe,3,Married,2,0,3,1,1,Manager,20472
2204,202204,0,22,Self Enquiry,1,14,Salaried,Male,3,5,Basic,5,Married,2,0,1,0,1,Executive,17451
2206,202206,0,48,Self Enquiry,1,10,Salaried,Male,3,4,Standard,3,Unmarried,1,0,5,1,0,Senior Manager,25999
2208,202208,0,39,Self Enquiry,1,6,Salaried,Female,3,4,Super Deluxe,3,Married,2,0,3,1,0,AVP,27742
2211,202211,0,42,Self Enquiry,3,11,Small Business,Male,2,3,King,3,Married,7,0,4,0,1,VP,33303
2212,202212,0,50,Self Enquiry,1,15,Salaried,Male,3,3,Basic,3,Married,5,0,5,1,2,Executive,17380
2213,202213,0,59,Self Enquiry,1,8,Salaried,Female,3,4,Super Deluxe,3,Single,4,1,5,1,0,AVP,28726
2215,202215,0,55,Company Invited,1,24,Small Business,Male,3,3,Deluxe,4,Married,4,1,5,1,1,Manager,21385
2217,202217,0,38,Self Enquiry,3,9,Salaried,Male,2,3,Deluxe,3,Unmarried,1,1,3,1,0,Manager,21861
2220,202220,0,44,Self Enquiry,3,34,Small Business,Female,2,1,Super Deluxe,3,Married,4,1,1,1,0,AVP,28320
2221,202221,0,50,Company Invited,3,6,Salaried,Female,3,3,Deluxe,3,Married,1,0,1,0,1,Manager,21347
2222,202222,1,36,Self Enquiry,1,22,Salaried,Female,2,1,Basic,5,Single,2,0,1,1,0,Executive,17743
2223,202223,0,39,Company Invited,1,28,Small Business,Fe Male,2,3,Standard,5,Unmarried,2,1,5,1,1,Senior Manager,25880
2224,202224,0,33,Company Invited,3,14,Salaried,Female,2,4,Basic,3,Single,1,0,1,0,1,Executive,17342
2225,202225,0,45,Self Enquiry,3,17,Salaried,Female,2,3,Super Deluxe,3,Married,4,0,4,0,1,AVP,32650
2227,202227,0,34,Self Enquiry,3,6,Small Business,Male,3,1,Deluxe,3,Married,1,0,5,0,1,Manager,24725
2228,202228,0,59,Self Enquiry,3,6,Large Business,Male,3,3,Standard,3,Married,4,1,1,1,0,Senior Manager,26904
2229,202229,0,45,Self Enquiry,2,30,Small Business,Male,2,3,Basic,4,Single,2,0,4,0,1,Executive,17177
2230,202230,0,53,Company Invited,3,8,Small Business,Female,2,4,Standard,4,Married,3,0,1,1,0,Senior Manager,22525
2232,202232,1,26,Company Invited,1,8,Salaried,Male,2,3,Basic,5,Married,7,1,5,0,0,Executive,17042
2233,202233,0,34,Self Enquiry,3,16,Salaried,Female,2,3,Basic,3,Married,2,1,1,0,1,Executive,17220
2234,202234,0,28,Self Enquiry,3,16,Small Business,Male,3,3,Basic,4,Married,2,0,5,0,2,Executive,16052
2235,202235,0,38,Company Invited,1,9,Salaried,Male,2,3,Basic,3,Married,4,0,3,1,0,Executive,17821
2236,202236,0,50,Self Enquiry,1,8,Small Business,Male,3,3,King,3,Married,3,1,1,1,2,VP,34237
2238,202238,0,40,Self Enquiry,3,32,Small Business,Male,3,3,Deluxe,5,Married,2,0,1,1,2,Manager,23396
2239,202239,0,26,Company Invited,1,6,Small Business,Female,3,4,Basic,3,Married,2,0,1,0,0,Executive,17007
2240,202240,0,46,Self Enquiry,1,6,Small Business,Male,2,3,King,3,Married,1,0,5,1,0,VP,34627
2241,202241,0,54,Self Enquiry,3,8,Salaried,Female,2,4,Standard,3,Married,7,0,5,1,1,Senior Manager,25686
2242,202242,0,56,Company Invited,1,15,Small Business,Female,3,3,Basic,3,Married,3,0,1,1,0,Executive,17942
2243,202243,0,36,Self Enquiry,1,18,Small Business,Fe Male,2,4,Standard,3,Unmarried,1,0,1,1,0,Senior Manager,23858
2244,202244,0,55,Company Invited,1,8,Small Business,Male,2,4,Super Deluxe,5,Single,1,0,3,1,1,AVP,31756
2245,202245,0,43,Self Enquiry,3,31,Small Business,Male,3,4,Standard,3,Married,6,0,4,1,1,Senior Manager,25798
2246,202246,1,20,Company Invited,3,15,Small Business,Female,2,3,Basic,3,Single,2,1,4,1,0,Executive,17323
2247,202247,1,21,Self Enquiry,1,16,Salaried,Female,2,4,Basic,5,Single,2,0,3,0,1,Executive,16416
2249,202249,1,51,Self Enquiry,1,10,Salaried,Male,2,3,Basic,3,Married,1,1,1,0,0,Executive,17461
2250,202250,1,28,Company Invited,1,30,Large Business,Male,3,4,Standard,5,Unmarried,2,0,1,1,1,Senior Manager,23722
2252,202252,0,30,Self Enquiry,1,26,Salaried,Male,2,3,Deluxe,5,Married,1,0,4,0,1,Manager,24957
2254,202254,0,38,Self Enquiry,1,23,Salaried,Female,3,4,Standard,3,Married,1,0,1,1,2,Senior Manager,23823
2255,202255,0,40,Self Enquiry,1,26,Large Business,Male,3,3,Standard,3,Married,5,0,3,1,1,Senior Manager,25322
2257,202257,0,55,Company Invited,1,8,Salaried,Male,3,3,Standard,4,Married,4,0,1,0,1,Senior Manager,25976
2259,202259,1,44,Self Enquiry,2,6,Small Business,Male,3,4,Standard,5,Married,1,0,4,1,0,Senior Manager,25482
2260,202260,0,33,Self Enquiry,1,11,Salaried,Male,2,4,Standard,3,Married,5,0,3,1,1,Senior Manager,22119
2261,202261,1,35,Self Enquiry,3,10,Large Business,Male,2,3,Standard,5,Unmarried,1,1,4,1,1,Senior Manager,24582
2263,202263,0,28,Self Enquiry,1,21,Salaried,Male,2,3,Basic,3,Married,2,0,4,0,0,Executive,17207
2264,202264,0,34,Company Invited,1,9,Salaried,Male,2,3,Deluxe,3,Unmarried,1,0,1,1,0,Manager,22756
2265,202265,0,37,Self Enquiry,3,16,Salaried,Female,2,4,Deluxe,3,Married,3,1,4,1,1,Manager,21694
2267,202267,1,26,Self Enquiry,1,27,Small Business,Male,2,3,Basic,3,Married,2,0,5,1,0,Executive,17377
2268,202268,1,33,Self Enquiry,1,31,Small Business,Male,2,4,Basic,4,Single,5,1,4,1,0,Executive,17313
2269,202269,0,42,Self Enquiry,1,8,Small Business,Male,2,3,Super Deluxe,5,Married,1,0,3,1,0,AVP,32665
2270,202270,1,28,Company Invited,1,6,Small Business,Male,2,4,Basic,4,Married,2,0,4,1,0,Executive,17596
2273,202273,0,34,Company Invited,1,9,Salaried,Male,2,4,Basic,3,Married,4,0,1,0,0,Executive,17979
2274,202274,0,48,Company Invited,1,6,Small Business,Male,2,1,Super Deluxe,3,Single,3,0,1,0,0,AVP,31885
2275,202275,0,45,Company Invited,3,15,Salaried,Female,3,4,Deluxe,3,Married,2,0,3,1,2,Manager,20593
2276,202276,0,52,Self Enquiry,1,5,Salaried,Male,2,3,Standard,4,Unmarried,1,0,3,1,1,Senior Manager,25445
2277,202277,0,38,Self Enquiry,3,16,Small Business,Male,3,4,Standard,3,Married,1,1,3,1,1,Senior Manager,23740
2278,202278,0,29,Self Enquiry,1,34,Salaried,Female,3,3,Basic,3,Married,5,0,5,1,0,Executive,17514
2279,202279,0,28,Self Enquiry,1,9,Small Business,Female,3,3,Standard,4,Married,1,0,4,0,0,Senior Manager,22655
2280,202280,0,46,Self Enquiry,3,9,Small Business,Male,2,3,Super Deluxe,3,Married,4,0,1,1,0,AVP,32465
2281,202281,0,38,Self Enquiry,3,8,Small Business,Male,2,3,Standard,4,Unmarried,1,0,4,1,1,Senior Manager,22351
2282,202282,0,43,Company Invited,1,33,Salaried,Female,2,3,Standard,5,Married,1,0,4,1,0,Senior Manager,25820
2283,202283,1,39,Company Invited,1,8,Salaried,Male,2,3,Super Deluxe,3,Married,1,0,3,1,0,AVP,27169
2284,202284,0,40,Self Enquiry,1,20,Small Business,Male,2,4,King,3,Single,2,0,3,1,1,VP,34626
2285,202285,0,21,Self Enquiry,1,6,Large Business,Female,3,4,Basic,4,Single,2,1,5,1,1,Executive,17070
2286,202286,0,39,Company Invited,1,15,Salaried,Male,3,3,Deluxe,4,Unmarried,1,0,1,1,0,Manager,21782
2287,202287,0,36,Company Invited,1,24,Salaried,Male,3,3,Deluxe,3,Unmarried,3,0,3,0,1,Manager,22779
2288,202288,0,31,Company Invited,3,26,Salaried,Male,3,1,Basic,3,Married,1,0,5,1,0,Executive,17791
2289,202289,0,28,Self Enquiry,1,8,Salaried,Male,3,4,Basic,4,Married,1,0,1,0,2,Executive,18201
2291,202291,0,49,Self Enquiry,3,14,Large Business,Male,2,4,Super Deluxe,4,Married,7,0,4,1,1,AVP,28120
2293,202293,0,29,Company Invited,1,16,Salaried,Female,3,3,Basic,4,Married,1,0,5,0,0,Executive,18291
2295,202295,0,29,Self Enquiry,1,14,Small Business,Male,3,4,Deluxe,3,Married,2,1,3,1,1,Manager,20056
2296,202296,0,38,Self Enquiry,2,6,Salaried,Male,2,1,Basic,3,Married,2,0,4,1,0,Executive,17844
2297,202297,0,28,Company Invited,1,12,Salaried,Male,2,4,Basic,3,Married,2,1,4,1,1,Executive,17703
2298,202298,1,18,Company Invited,1,14,Small Business,Male,3,3,Basic,3,Single,2,0,5,1,0,Executive,16904
2299,202299,1,33,Self Enquiry,3,15,Small Business,Female,3,3,Deluxe,5,Unmarried,1,1,3,0,0,Manager,23224
2301,202301,1,31,Company Invited,1,21,Small Business,Male,3,3,Basic,3,Married,2,0,4,1,0,Executive,17610
2302,202302,0,37,Self Enquiry,1,31,Small Business,Female,2,4,Deluxe,3,Married,1,0,3,1,0,Manager,20731
2303,202303,0,27,Self Enquiry,1,12,Salaried,Male,2,4,Basic,3,Married,2,0,1,1,1,Executive,17539
2304,202304,0,34,Self Enquiry,3,15,Salaried,Female,3,3,Deluxe,3,Married,2,0,1,0,0,Manager,20714
2306,202306,1,29,Self Enquiry,3,29,Salaried,Female,2,4,Standard,5,Married,2,0,3,1,1,Senior Manager,22336
2307,202307,0,40,Company Invited,1,15,Small Business,Fe Male,2,3,Standard,3,Unmarried,1,0,4,1,1,Senior Manager,28499
2308,202308,1,42,Company Invited,3,18,Salaried,Male,2,3,Super Deluxe,5,Single,1,1,5,1,1,AVP,28758
2309,202309,0,42,Self Enquiry,3,10,Small Business,Male,2,3,Deluxe,5,Single,1,0,5,1,0,Manager,20155
2310,202310,0,35,Self Enquiry,1,6,Small Business,Male,2,4,Basic,3,Married,7,0,1,1,1,Executive,17258
2312,202312,1,28,Self Enquiry,1,18,Salaried,Female,3,3,Basic,3,Married,2,1,4,1,1,Executive,17515
2314,202314,0,30,Self Enquiry,3,16,Small Business,Male,3,4,Deluxe,3,Married,2,0,1,0,1,Manager,21578
2316,202316,0,35,Self Enquiry,1,8,Salaried,Male,2,4,Standard,4,Married,3,0,4,1,0,Senior Manager,25274
2317,202317,0,34,Company Invited,1,7,Small Business,Male,3,4,Deluxe,5,Single,1,0,1,0,0,Manager,20343
2318,202318,0,35,Company Invited,1,10,Salaried,Male,2,4,Basic,3,Married,2,0,1,1,1,Executive,17376
2319,202319,1,43,Self Enquiry,3,15,Small Business,Female,2,5,Deluxe,3,Single,1,0,1,0,0,Manager,20346
2320,202320,0,32,Company Invited,3,8,Salaried,Female,3,3,Basic,5,Married,2,0,3,1,0,Executive,17827
2322,202322,0,29,Self Enquiry,1,12,Small Business,Female,2,3,Basic,3,Married,2,0,3,0,1,Executive,18131
2323,202323,0,19,Self Enquiry,1,15,Salaried,Male,2,3,Basic,5,Single,2,0,3,0,1,Executive,17552
2325,202325,0,37,Self Enquiry,1,7,Salaried,Female,2,4,Deluxe,3,Married,2,0,1,0,0,Manager,21474
2326,202326,0,20,Self Enquiry,1,5,Salaried,Male,2,4,Basic,3,Single,2,0,3,0,0,Executive,18033
2327,202327,1,44,Self Enquiry,1,16,Salaried,Male,3,3,Basic,3,Single,2,1,3,1,0,Executive,17936
2328,202328,0,53,Self Enquiry,1,13,Small Business,Female,2,3,King,3,Married,4,0,1,1,1,VP,33606
2329,202329,0,29,Self Enquiry,1,21,Salaried,Female,3,5,Basic,3,Married,1,1,5,1,1,Executive,17168
2330,202330,1,22,Company Invited,1,9,Salaried,Male,2,4,Basic,3,Married,1,1,3,0,1,Executive,17853
2331,202331,0,46,Self Enquiry,3,8,Small Business,Female,3,3,Super Deluxe,5,Married,1,0,1,1,1,AVP,32048
2332,202332,0,44,Company Invited,1,23,Salaried,Male,3,5,Basic,3,Single,3,0,4,1,1,Executive,17290
2334,202334,1,41,Company Invited,1,11,Salaried,Male,3,4,Basic,5,Married,7,0,3,0,1,Executive,17107
2337,202337,0,50,Company Invited,1,8,Small Business,Female,1,3,Super Deluxe,5,Married,3,0,3,0,0,AVP,32856
2338,202338,0,28,Self Enquiry,1,25,Small Business,Male,3,4,Basic,5,Married,2,0,3,1,1,Executive,18196
2339,202339,0,46,Self Enquiry,1,21,Salaried,Male,2,3,King,4,Married,6,0,3,1,1,VP,34081
2340,202340,0,35,Self Enquiry,3,23,Salaried,Male,3,3,Deluxe,5,Married,4,1,3,0,2,Manager,23966
2341,202341,1,24,Self Enquiry,1,23,Salaried,Female,3,3,Basic,4,Married,2,0,1,1,2,Executive,17210
2343,202343,0,36,Self Enquiry,1,12,Salaried,Male,2,5,Basic,3,Married,2,0,1,1,0,Executive,17741
2346,202346,0,20,Self Enquiry,3,27,Small Business,Male,2,1,Basic,3,Single,2,0,3,1,1,Executive,17678
2347,202347,0,46,Self Enquiry,1,8,Large Business,Male,2,3,Deluxe,3,Married,3,0,1,0,0,Manager,22379
2348,202348,0,42,Company Invited,2,8,Small Business,Male,3,1,Deluxe,5,Married,1,0,1,1,1,Manager,21272
2349,202349,0,60,Self Enquiry,3,13,Small Business,Male,2,1,Deluxe,3,Married,1,1,5,0,0,Manager,20220
2350,202350,0,32,Company Invited,1,19,Salaried,Female,3,4,Basic,4,Married,2,0,5,1,0,Executive,17743
2352,202352,0,36,Self Enquiry,1,7,Large Business,Female,3,5,Standard,5,Married,3,1,1,1,0,Senior Manager,25252
2353,202353,0,33,Self Enquiry,1,15,Small Business,Male,2,3,Basic,3,Married,1,0,1,0,1,Executive,17781
2354,202354,0,40,Self Enquiry,3,16,Large Business,Female,2,4,Deluxe,4,Married,1,0,5,1,1,Manager,21852
2357,202357,0,42,Company Invited,1,32,Small Business,Female,2,3,Standard,5,Married,4,1,3,0,0,Senior Manager,28191
2358,202358,0,35,Company Invited,3,14,Small Business,Female,3,4,Standard,3,Married,5,1,5,1,2,Senior Manager,25377
2359,202359,0,27,Self Enquiry,1,20,Salaried,Male,2,3,Basic,5,Married,2,1,4,1,0,Executive,17235
2360,202360,0,54,Company Invited,1,7,Salaried,Female,2,3,Standard,3,Married,1,0,5,0,1,Senior Manager,25502
2361,202361,0,44,Self Enquiry,1,8,Salaried,Female,3,1,Basic,3,Married,2,0,4,1,2,Executive,17011
2362,202362,1,19,Company Invited,1,16,Small Business,Female,3,4,Basic,4,Single,2,1,5,0,2,Executive,16859
2364,202364,0,54,Self Enquiry,1,9,Salaried,Male,2,3,Super Deluxe,3,Married,4,0,5,0,0,AVP,32779
2365,202365,0,31,Self Enquiry,1,17,Small Business,Male,3,3,Deluxe,5,Married,2,1,1,1,1,Manager,21833
2366,202366,0,31,Self Enquiry,1,30,Small Business,Female,3,4,Deluxe,5,Unmarried,2,0,5,1,0,Manager,21812
2367,202367,0,59,Self Enquiry,3,9,Salaried,Female,2,4,Deluxe,3,Single,6,0,3,0,0,Manager,20171
2369,202369,0,49,Self Enquiry,1,10,Small Business,Male,2,4,King,3,Married,3,0,3,0,1,VP,33711
2371,202371,1,48,Company Invited,3,30,Salaried,Male,3,5,Basic,3,Single,2,1,1,1,2,Executive,17559
2372,202372,1,27,Self Enquiry,3,8,Small Business,Female,3,5,King,4,Single,3,1,5,1,1,VP,17517
2373,202373,1,29,Company Invited,1,16,Salaried,Female,2,4,Basic,3,Unmarried,2,0,4,1,0,Executive,21623
2374,202374,1,48,Self Enquiry,1,21,Small Business,Female,3,3,Standard,3,Married,2,0,3,0,0,Senior Manager,33265
2375,202375,1,29,Self Enquiry,1,13,Large Business,Female,2,3,Basic,3,Married,4,1,4,1,0,Executive,31124
2376,202376,1,34,Self Enquiry,1,13,Salaried,Male,3,3,Deluxe,3,Married,2,0,3,0,0,Manager,17585
2377,202377,1,44,Self Enquiry,1,29,Small Business,Male,3,3,Basic,5,Single,1,0,3,0,2,Executive,33213
2378,202378,1,33,Self Enquiry,3,31,Small Business,Male,2,4,Standard,4,Unmarried,3,1,5,1,0,Senior Manager,23380
2379,202379,1,19,Self Enquiry,3,11,Salaried,Male,3,3,Standard,4,Single,1,1,4,1,0,Senior Manager,17994
2380,202380,1,23,Company Invited,3,7,Salaried,Female,2,3,Basic,4,Single,2,1,5,1,1,Executive,16223
2381,202381,1,25,Self Enquiry,1,9,Salaried,Male,2,3,Basic,5,Married,5,0,5,1,0,Executive,16118
2382,202382,1,26,Self Enquiry,1,13,Small Business,Female,2,4,Standard,5,Married,1,1,4,1,1,Senior Manager,17875
2383,202383,1,45,Self Enquiry,3,19,Small Business,Male,2,1,Super Deluxe,3,Single,7,1,3,1,0,AVP,33824
2384,202384,1,55,Company Invited,3,8,Salaried,Fe Male,2,4,Basic,3,Single,1,0,5,0,0,Executive,28577
2385,202385,1,21,Company Invited,3,24,Small Business,Female,3,3,Deluxe,3,Married,1,1,5,0,1,Manager,17625
2386,202386,1,46,Self Enquiry,1,28,Small Business,Male,3,3,Deluxe,3,Married,2,1,5,1,2,Manager,33789
2389,202389,1,59,Company Invited,1,20,Salaried,Fe Male,2,3,Standard,3,Unmarried,1,1,5,1,0,Senior Manager,25512
2391,202391,1,28,Self Enquiry,1,14,Salaried,Female,2,4,Basic,4,Single,2,0,4,0,1,Executive,17154
2392,202392,1,44,Self Enquiry,3,15,Salaried,Male,3,4,Basic,5,Married,4,0,1,1,2,Executive,34190
2395,202395,1,42,Company Invited,1,7,Salaried,Female,3,1,Standard,4,Single,2,0,3,1,0,Senior Manager,17372
2396,202396,1,43,Company Invited,1,8,Salaried,Male,3,3,Basic,3,Married,7,1,3,0,0,Executive,25231
2397,202397,1,36,Self Enquiry,2,15,Large Business,Female,2,3,Basic,3,Married,2,0,1,1,0,Executive,20410
2398,202398,1,44,Company Invited,3,7,Large Business,Male,3,3,Basic,3,Married,4,0,3,1,1,Executive,22978
2400,202400,1,51,Self Enquiry,3,30,Small Business,Female,2,4,Deluxe,4,Single,1,1,5,1,1,Manager,17838
2402,202402,1,29,Company Invited,1,8,Small Business,Male,2,4,Basic,5,Single,1,0,4,1,1,Executive,18339
2403,202403,1,28,Self Enquiry,1,7,Large Business,Male,3,4,Basic,5,Single,7,0,3,1,1,Executive,17080
2404,202404,1,25,Self Enquiry,1,15,Salaried,Male,2,3,Basic,5,Single,4,0,1,1,0,Executive,17096
2405,202405,1,32,Company Invited,1,9,Salaried,Female,2,3,Basic,3,Single,2,0,4,1,0,Executive,21209
2406,202406,1,45,Self Enquiry,3,7,Salaried,Male,3,4,Deluxe,5,Married,2,0,4,1,2,Manager,33061
2407,202407,1,39,Self Enquiry,1,8,Salaried,Female,3,3,Basic,5,Married,2,1,1,1,0,Executive,32123
2408,202408,1,58,Self Enquiry,1,8,Large Business,Female,3,4,Standard,3,Married,1,0,5,0,0,Senior Manager,17372
2412,202412,1,36,Self Enquiry,3,16,Small Business,Male,2,4,Standard,5,Married,1,0,5,0,0,Senior Manager,22094
2414,202414,1,28,Self Enquiry,1,13,Salaried,Male,3,3,Basic,5,Unmarried,4,1,3,0,2,Executive,21674
2415,202415,1,50,Company Invited,3,18,Salaried,Male,2,3,Deluxe,3,Single,4,1,3,1,1,Manager,31880
2416,202416,1,40,Self Enquiry,1,14,Small Business,Male,3,4,Basic,3,Unmarried,2,1,4,1,2,Executive,24094
2417,202417,1,52,Company Invited,3,13,Small Business,Female,3,3,Basic,3,Married,3,1,4,1,2,Executive,23446
2418,202418,1,30,Self Enquiry,1,8,Salaried,Male,3,3,Basic,4,Unmarried,2,0,3,0,0,Executive,26916
2420,202420,1,31,Self Enquiry,2,28,Salaried,Male,2,5,Basic,3,Married,2,0,1,0,1,Executive,24852
2421,202421,1,41,Company Invited,3,15,Salaried,Male,2,5,Super Deluxe,3,Married,1,0,5,1,1,AVP,21151
2422,202422,1,31,Self Enquiry,3,19,Small Business,Male,3,4,Deluxe,5,Married,6,1,1,1,0,Manager,17302
2423,202423,1,44,Self Enquiry,3,7,Salaried,Male,2,5,Deluxe,4,Single,7,0,3,0,1,Manager,17362
2424,202424,1,42,Company Invited,2,14,Salaried,Female,3,4,Basic,3,Married,7,0,5,1,1,Executive,32861
2425,202425,1,55,Self Enquiry,3,15,Small Business,Female,2,5,Basic,4,Single,2,0,1,1,1,Executive,34187
2428,202428,1,34,Company Invited,1,23,Large Business,Male,2,4,Basic,3,Married,1,1,5,1,1,Executive,23500
2432,202432,1,51,Self Enquiry,3,33,Salaried,Male,2,3,Deluxe,3,Single,2,1,5,1,1,Manager,29026
2433,202433,1,38,Company Invited,1,15,Salaried,Male,3,3,Deluxe,5,Married,5,0,3,0,2,Manager,21893
2434,202434,1,34,Self Enquiry,1,16,Small Business,Male,2,3,Deluxe,5,Single,2,0,4,0,0,Manager,21125
2436,202436,1,58,Self Enquiry,1,27,Small Business,Female,3,3,Deluxe,4,Married,5,0,3,1,1,Manager,25008
2437,202437,1,40,Self Enquiry,2,24,Salaried,Male,2,1,Basic,5,Married,1,0,1,1,1,Executive,17387
2439,202439,1,48,Self Enquiry,3,8,Small Business,Male,2,4,Deluxe,4,Unmarried,1,1,1,1,0,Manager,22898
2440,202440,1,27,Company Invited,1,30,Salaried,Male,3,4,Basic,3,Single,2,1,3,1,1,Executive,17534
2441,202441,1,51,Self Enquiry,3,16,Salaried,Female,3,3,Standard,4,Married,6,0,1,1,2,Senior Manager,28142
2442,202442,1,18,Self Enquiry,3,15,Small Business,Male,2,3,Basic,3,Single,2,0,5,0,1,Executive,16611
2443,202443,1,35,Self Enquiry,1,13,Salaried,Male,3,3,Basic,4,Single,2,1,3,1,1,Executive,20363
2444,202444,1,42,Self Enquiry,3,7,Salaried,Fe Male,4,4,Deluxe,3,Unmarried,2,1,2,1,1,Manager,24671
2445,202445,0,50,Company Invited,1,15,Salaried,Male,4,5,Deluxe,4,Divorced,3,0,3,1,3,Manager,23808
2446,202446,1,38,Self Enquiry,1,9,Free Lancer,Male,4,5,Basic,3,Single,8,1,3,0,1,Executive,20768
2447,202447,0,34,Company Invited,1,10,Salaried,Female,3,4,Basic,3,Divorced,3,1,5,1,2,Executive,21587
2448,202448,0,28,Self Enquiry,1,9,Small Business,Male,3,4,Basic,4,Divorced,2,0,5,1,1,Executive,22146
2449,202449,0,33,Company Invited,1,9,Salaried,Male,4,4,Basic,3,Unmarried,2,0,5,1,2,Executive,21746
2450,202450,0,60,Self Enquiry,1,10,Small Business,Female,3,3,Basic,5,Divorced,6,1,2,1,2,Executive,21348
2451,202451,0,31,Self Enquiry,1,31,Salaried,Male,4,4,Basic,3,Married,3,0,2,0,2,Executive,21371
2452,202452,0,39,Company Invited,1,30,Salaried,Male,3,5,Standard,3,Unmarried,2,0,3,0,1,Senior Manager,28204
2453,202453,0,37,Self Enquiry,1,34,Small Business,Male,4,4,Deluxe,3,Divorced,8,0,3,1,1,Manager,23915
2454,202454,0,36,Self Enquiry,1,23,Small Business,Male,3,3,Basic,4,Divorced,2,0,3,1,2,Executive,21104
2455,202455,0,30,Self Enquiry,1,22,Salaried,Female,3,5,Deluxe,3,Unmarried,2,1,3,0,1,Manager,22871
2456,202456,0,32,Self Enquiry,1,33,Salaried,Male,3,4,Basic,3,Married,3,0,3,0,2,Executive,21589
2457,202457,0,35,Self Enquiry,1,26,Small Business,Male,4,4,Basic,3,Married,2,0,3,0,3,Executive,21339
2458,202458,1,29,Self Enquiry,1,31,Salaried,Male,3,5,Basic,3,Single,7,1,2,0,1,Executive,20706
2459,202459,0,30,Self Enquiry,1,28,Salaried,Female,3,3,Standard,5,Married,3,0,5,1,2,Senior Manager,28658
2460,202460,0,33,Self Enquiry,1,12,Salaried,Male,4,3,Basic,4,Married,2,1,2,1,1,Executive,21976
2461,202461,0,23,Company Invited,1,23,Small Business,Male,4,3,Basic,3,Married,3,1,3,0,1,Executive,21613
2462,202462,0,54,Self Enquiry,3,9,Salaried,Female,4,5,Super Deluxe,3,Divorced,4,0,3,1,1,AVP,34105
2463,202463,0,39,Self Enquiry,1,9,Salaried,Male,3,4,Basic,3,Unmarried,7,1,4,0,2,Executive,22622
2464,202464,0,25,Company Invited,1,18,Salaried,Female,4,3,Deluxe,3,Married,2,0,3,1,3,Manager,22689
2465,202465,1,37,Self Enquiry,3,16,Salaried,Male,3,5,Deluxe,5,Unmarried,2,0,2,0,1,Manager,22085
2466,202466,0,35,Self Enquiry,1,14,Salaried,Female,3,4,Standard,4,Single,2,0,3,1,1,Senior Manager,30672
2468,202468,1,35,Self Enquiry,1,13,Small Business,Male,3,4,Basic,5,Unmarried,4,0,2,1,2,Executive,21638
2470,202470,1,33,Company Invited,1,23,Salaried,Female,4,6,Basic,5,Unmarried,3,1,4,1,3,Executive,22597
2471,202471,0,43,Self Enquiry,3,15,Small Business,Male,3,4,Deluxe,4,Divorced,2,0,3,0,2,Manager,25503
2472,202472,0,45,Self Enquiry,1,14,Small Business,Female,3,5,Standard,3,Divorced,5,0,4,1,1,Senior Manager,28926
2474,202474,0,34,Self Enquiry,1,9,Small Business,Male,4,4,Basic,3,Single,6,0,3,1,3,Executive,21174
2475,202475,0,45,Self Enquiry,1,17,Salaried,Male,3,4,Deluxe,3,Divorced,4,1,3,1,2,Manager,25143
2476,202476,0,31,Self Enquiry,1,16,Small Business,Male,3,5,Basic,3,Single,3,0,4,1,2,Executive,20884
2477,202477,1,40,Self Enquiry,3,12,Large Business,Male,3,4,Deluxe,3,Divorced,5,0,2,0,2,Manager,20764
2478,202478,1,25,Self Enquiry,1,7,Small Business,Male,4,4,Basic,3,Divorced,4,1,3,1,3,Executive,20971
2479,202479,0,44,Self Enquiry,1,9,Small Business,Female,4,3,Basic,3,Married,3,0,2,0,2,Executive,21323
2480,202480,1,51,Self Enquiry,3,10,Small Business,Male,3,5,Basic,3,Divorced,3,1,4,0,1,Executive,21361
2481,202481,0,36,Self Enquiry,3,9,Small Business,Female,4,4,Basic,3,Divorced,3,0,2,1,1,Executive,20692
2482,202482,0,37,Self Enquiry,1,12,Salaried,Female,3,5,Basic,5,Divorced,2,1,2,1,1,Executive,98678
2483,202483,0,34,Company Invited,3,7,Salaried,Female,3,3,Deluxe,5,Divorced,4,0,3,1,1,Manager,24054
2484,202484,0,36,Self Enquiry,1,11,Salaried,Male,4,4,Basic,3,Married,3,0,4,0,1,Executive,20629
2485,202485,0,28,Self Enquiry,1,9,Salaried,Female,3,4,Basic,5,Married,3,0,3,0,2,Executive,21019
2486,202486,1,27,Self Enquiry,1,32,Salaried,Male,3,6,Basic,3,Single,3,0,2,1,2,Executive,20971
2487,202487,0,28,Company Invited,3,15,Salaried,Male,3,4,Standard,3,Unmarried,3,0,2,1,1,Senior Manager,27404
2488,202488,0,31,Company Invited,1,7,Small Business,Female,3,4,Deluxe,3,Unmarried,3,0,3,1,1,Manager,22689
2489,202489,1,42,Self Enquiry,1,19,Large Business,Female,3,4,King,3,Divorced,3,0,4,1,1,VP,38223
2490,202490,0,35,Company Invited,3,30,Small Business,Male,4,4,Deluxe,3,Unmarried,2,0,5,1,2,Manager,23246
2491,202491,0,38,Self Enquiry,1,26,Salaried,Male,4,4,Basic,4,Divorced,6,0,4,1,2,Executive,21700
2492,202492,0,47,Company Invited,3,12,Small Business,Male,4,4,Deluxe,3,Unmarried,6,1,5,1,2,Manager,24450
2493,202493,0,36,Self Enquiry,1,15,Salaried,Male,3,3,Basic,3,Divorced,3,0,5,1,2,Executive,20947
2494,202494,1,49,Self Enquiry,1,7,Salaried,Male,4,5,Standard,3,Unmarried,2,1,5,0,3,Senior Manager,24059
2495,202495,1,29,Self Enquiry,1,12,Large Business,Male,3,4,Basic,3,Unmarried,3,1,2,1,1,Executive,22119
2496,202496,0,45,Self Enquiry,3,7,Small Business,Female,4,4,Deluxe,5,Married,7,1,2,0,1,Manager,24132
2497,202497,0,36,Company Invited,1,18,Small Business,Male,4,5,Standard,5,Divorced,4,1,5,1,2,Senior Manager,28562
2498,202498,0,27,Self Enquiry,3,30,Small Business,Female,3,5,Deluxe,3,Divorced,2,1,2,1,1,Manager,22835
2499,202499,0,34,Company Invited,1,7,Salaried,Female,4,4,Standard,3,Single,3,1,2,1,1,Senior Manager,32136
2500,202500,0,36,Company Invited,3,25,Salaried,Male,4,4,Standard,5,Divorced,3,0,4,1,1,Senior Manager,27747
2501,202501,0,36,Self Enquiry,1,30,Small Business,Female,2,4,Basic,5,Divorced,5,1,4,1,1,Executive,22692
2502,202502,0,32,Self Enquiry,1,14,Salaried,Male,3,4,Deluxe,3,Married,5,0,3,1,1,Manager,24593
2503,202503,0,38,Self Enquiry,1,7,Salaried,Male,3,5,Deluxe,3,Married,3,0,5,1,2,Manager,24671
2504,202504,0,33,Self Enquiry,1,7,Small Business,Male,3,4,Deluxe,3,Divorced,3,1,4,1,1,Manager,24840
2505,202505,0,39,Company Invited,1,36,Salaried,Female,3,4,Deluxe,3,Single,3,0,3,1,1,Manager,21084
2507,202507,0,60,Self Enquiry,3,32,Salaried,Fe Male,3,4,Standard,5,Unmarried,2,0,3,1,1,Senior Manager,26315
2508,202508,0,37,Self Enquiry,1,15,Large Business,Female,3,4,Standard,3,Married,3,0,4,1,2,Senior Manager,28774
2509,202509,0,56,Self Enquiry,1,15,Small Business,Female,3,4,Super Deluxe,3,Married,4,1,3,0,2,AVP,33434
2510,202510,0,37,Company Invited,1,18,Salaried,Male,4,5,Deluxe,4,Unmarried,3,0,4,1,2,Manager,25177
2511,202511,0,46,Self Enquiry,1,14,Salaried,Male,3,4,Standard,5,Married,4,0,3,1,2,Senior Manager,28402
2512,202512,0,36,Company Invited,1,7,Small Business,Male,4,4,Basic,5,Divorced,6,0,2,0,2,Executive,20872
2513,202513,1,37,Self Enquiry,1,16,Small Business,Male,4,5,Basic,3,Divorced,2,1,2,0,2,Executive,22066
2514,202514,0,60,Company Invited,3,7,Salaried,Fe Male,3,5,Deluxe,3,Unmarried,2,0,5,1,2,Manager,24151
2515,202515,0,30,Self Enquiry,1,9,Salaried,Male,4,4,Basic,4,Divorced,2,0,4,0,1,Executive,21381
2516,202516,0,32,Self Enquiry,1,7,Small Business,Male,3,4,Basic,4,Single,3,0,3,0,1,Executive,21179
2517,202517,0,33,Self Enquiry,1,7,Salaried,Male,4,4,Deluxe,4,Divorced,3,0,3,0,1,Manager,24898
2518,202518,0,37,Self Enquiry,1,13,Salaried,Female,3,3,Deluxe,3,Divorced,5,0,2,0,1,Manager,21716
2519,202519,0,32,Self Enquiry,1,15,Salaried,Female,4,4,Deluxe,3,Unmarried,3,0,5,0,2,Manager,23102
2520,202520,0,36,Self Enquiry,3,7,Small Business,Male,3,5,Deluxe,5,Unmarried,2,0,2,0,2,Manager,22990
2521,202521,0,46,Self Enquiry,1,13,Salaried,Male,3,4,Standard,5,Divorced,6,1,3,0,1,Senior Manager,31923
2522,202522,0,38,Self Enquiry,1,14,Small Business,Male,2,4,Standard,3,Single,6,0,2,0,1,Senior Manager,32342
2523,202523,0,47,Self Enquiry,2,12,Small Business,Male,4,4,Deluxe,4,Married,2,1,5,0,2,Manager,23699
2524,202524,0,31,Self Enquiry,1,7,Salaried,Male,3,5,Deluxe,3,Divorced,3,1,2,1,2,Manager,23804
2525,202525,0,36,Self Enquiry,1,7,Small Business,Male,2,5,Basic,3,Unmarried,3,0,4,1,1,Executive,21537
2526,202526,0,56,Self Enquiry,3,7,Salaried,Male,4,4,Standard,3,Divorced,5,0,2,0,2,Senior Manager,28917
2527,202527,0,39,Company Invited,1,13,Small Business,Female,4,6,Deluxe,3,Married,2,1,2,0,3,Manager,24007
2528,202528,0,35,Self Enquiry,1,7,Small Business,Male,4,4,Deluxe,4,Divorced,3,0,5,0,1,Manager,23003
2529,202529,0,57,Self Enquiry,1,14,Salaried,Male,3,6,Standard,3,Unmarried,6,0,2,0,1,Senior Manager,25938
2530,202530,0,24,Self Enquiry,3,9,Large Business,Male,4,4,Basic,5,Married,5,0,3,1,2,Executive,21000
2531,202531,0,52,Self Enquiry,1,16,Salaried,Male,4,4,Basic,3,Divorced,5,0,3,1,1,Executive,20753
2532,202532,0,31,Self Enquiry,1,9,Salaried,Male,3,5,Deluxe,3,Divorced,3,0,4,1,1,Manager,22830
2533,202533,1,47,Self Enquiry,3,16,Small Business,Male,4,5,Standard,3,Unmarried,3,0,5,0,2,Senior Manager,28297
2534,202534,0,41,Company Invited,1,7,Salaried,Male,4,5,Super Deluxe,4,Divorced,3,0,2,1,3,AVP,32181
2535,202535,0,52,Self Enquiry,3,28,Small Business,Male,4,4,Deluxe,3,Unmarried,2,1,5,1,2,Manager,24119
2536,202536,0,31,Self Enquiry,3,11,Small Business,Female,4,5,Deluxe,4,Married,3,1,3,1,2,Manager,23887
2537,202537,0,47,Company Invited,1,7,Small Business,Male,3,5,Standard,5,Divorced,4,1,2,1,2,Senior Manager,29351
2538,202538,0,33,Self Enquiry,3,13,Small Business,Male,3,4,Deluxe,3,Unmarried,3,0,5,1,1,Manager,23688
2539,202539,0,55,Self Enquiry,1,9,Large Business,Female,3,4,Standard,3,Divorced,2,0,4,1,1,Senior Manager,32227
2540,202540,0,25,Self Enquiry,3,10,Salaried,Female,3,4,Deluxe,3,Divorced,2,0,4,1,1,Manager,23677
2541,202541,0,29,Company Invited,3,11,Small Business,Male,3,4,Deluxe,3,Divorced,3,0,2,1,1,Manager,22899
2542,202542,0,59,Self Enquiry,3,17,Small Business,Male,3,4,Super Deluxe,3,Single,2,0,3,1,2,AVP,32550
2543,202543,0,45,Company Invited,1,30,Small Business,Male,4,4,Deluxe,4,Divorced,6,0,3,1,1,Manager,20720
2544,202544,1,38,Self Enquiry,2,13,Salaried,Male,4,4,Basic,5,Married,6,1,2,1,1,Executive,20751
2545,202545,0,33,Self Enquiry,1,7,Salaried,Male,4,4,Basic,5,Unmarried,3,0,2,0,3,Executive,21634
2546,202546,1,21,Company Invited,1,13,Salaried,Female,4,5,Basic,3,Unmarried,3,1,2,1,2,Executive,21604
2547,202547,0,35,Self Enquiry,1,13,Salaried,Female,3,4,Deluxe,3,Unmarried,3,0,3,1,1,Manager,23487
2548,202548,0,38,Company Invited,1,9,Salaried,Male,4,5,Deluxe,3,Married,7,0,2,0,2,Manager,23841
2551,202551,1,26,Self Enquiry,3,12,Small Business,Male,3,5,Deluxe,3,Unmarried,3,1,3,1,1,Manager,24422
2552,202552,0,26,Self Enquiry,1,14,Small Business,Male,4,5,Basic,3,Divorced,3,0,2,1,3,Executive,21567
2553,202553,0,23,Self Enquiry,1,22,Small Business,Female,3,4,Basic,3,Unmarried,3,0,2,1,2,Executive,21549
2554,202554,0,52,Company Invited,1,7,Small Business,Fe Male,2,5,Standard,5,Unmarried,5,0,2,1,1,Senior Manager,26162
2555,202555,1,35,Company Invited,1,14,Salaried,Male,4,6,Deluxe,3,Unmarried,3,1,5,1,2,Manager,24752
2557,202557,0,25,Self Enquiry,1,25,Salaried,Male,3,4,Basic,3,Divorced,2,0,4,1,1,Executive,21452
2558,202558,0,35,Self Enquiry,1,13,Salaried,Female,3,5,Deluxe,4,Married,8,0,3,0,2,Manager,23183
2559,202559,0,38,Self Enquiry,3,10,Salaried,Male,3,4,Standard,3,Unmarried,4,0,3,0,1,Senior Manager,26106
2560,202560,0,35,Self Enquiry,1,12,Small Business,Female,3,5,Standard,5,Single,4,0,2,0,1,Senior Manager,30309
2561,202561,0,37,Company Invited,3,18,Large Business,Female,4,4,Standard,3,Divorced,2,0,5,0,1,Senior Manager,28416
2562,202562,0,37,Self Enquiry,1,10,Salaried,Female,3,4,Basic,3,Married,7,0,2,1,1,Executive,21513
2564,202564,0,31,Company Invited,1,30,Salaried,Male,4,6,Basic,3,Married,3,0,3,1,3,Executive,21291
2565,202565,0,34,Company Invited,3,29,Small Business,Male,4,4,Deluxe,4,Divorced,2,0,2,0,2,Manager,24824
2566,202566,1,57,Self Enquiry,1,21,Salaried,Female,4,4,Basic,4,Divorced,2,1,5,1,2,Executive,23641
2568,202568,1,32,Self Enquiry,3,13,Salaried,Male,4,6,Deluxe,3,Divorced,6,1,3,1,2,Manager,24850
2569,202569,0,27,Self Enquiry,1,13,Salaried,Female,3,5,Basic,4,Divorced,3,0,3,1,1,Executive,21046
2570,202570,1,59,Self Enquiry,1,30,Small Business,Female,4,4,Standard,3,Divorced,3,0,3,1,1,Senior Manager,28990
2571,202571,1,20,Self Enquiry,3,29,Small Business,Male,3,4,Basic,3,Single,3,1,2,0,2,Executive,20353
2572,202572,0,23,Self Enquiry,1,9,Large Business,Male,4,4,Basic,3,Divorced,2,0,5,1,3,Executive,21201
2573,202573,0,50,Self Enquiry,1,27,Small Business,Female,4,4,Deluxe,5,Divorced,3,0,2,1,3,Manager,25245
2574,202574,0,44,Company Invited,1,35,Small Business,Female,4,3,Basic,3,Unmarried,6,0,3,0,3,Executive,23417
2575,202575,0,51,Company Invited,3,19,Small Business,Fe Male,4,4,Standard,3,Unmarried,6,0,5,0,1,Senior Manager,27886
2576,202576,1,32,Self Enquiry,3,27,Salaried,Female,4,6,Deluxe,3,Divorced,5,1,3,1,1,Manager,23237
2577,202577,0,42,Self Enquiry,3,16,Salaried,Male,4,4,Standard,3,Married,5,1,2,0,2,Senior Manager,26867
2578,202578,0,27,Self Enquiry,2,32,Salaried,Female,4,4,Basic,3,Divorced,3,0,4,1,1,Executive,21620
2579,202579,0,37,Self Enquiry,1,13,Small Business,Male,3,4,Deluxe,4,Married,8,0,4,1,2,Manager,23619
2580,202580,1,52,Company Invited,1,15,Salaried,Male,3,6,Standard,3,Single,4,0,2,0,2,Senior Manager,29328
2581,202581,0,40,Self Enquiry,3,11,Salaried,Female,3,5,Deluxe,3,Divorced,6,0,5,1,1,Manager,24580
2582,202582,0,26,Self Enquiry,3,35,Salaried,Male,3,5,Deluxe,3,Divorced,4,0,4,0,1,Manager,27317
2583,202583,0,31,Self Enquiry,2,16,Salaried,Male,3,4,Deluxe,3,Divorced,2,1,3,1,2,Manager,25025
2584,202584,1,33,Self Enquiry,1,16,Small Business,Female,3,4,Basic,5,Unmarried,2,0,4,1,2,Executive,22878
2585,202585,0,46,Self Enquiry,1,36,Small Business,Male,3,4,Basic,3,Unmarried,7,0,2,1,1,Executive,22130
2586,202586,0,39,Self Enquiry,1,10,Large Business,Female,3,4,Deluxe,3,Single,5,1,5,0,1,Manager,4678
2587,202587,0,31,Self Enquiry,1,25,Salaried,Female,4,4,Basic,3,Unmarried,3,0,2,1,1,Executive,21310
2588,202588,0,33,Company Invited,3,16,Small Business,Male,3,6,Deluxe,3,Married,2,0,2,0,2,Manager,23346
2589,202589,0,31,Self Enquiry,1,12,Large Business,Female,3,4,Basic,5,Married,7,0,5,1,2,Executive,21882
2590,202590,0,31,Self Enquiry,1,9,Small Business,Male,3,5,Basic,3,Unmarried,2,0,4,0,1,Executive,21398
2592,202592,0,42,Self Enquiry,1,16,Salaried,Male,4,4,Basic,5,Divorced,4,0,2,0,3,Executive,20916
2593,202593,0,20,Self Enquiry,1,10,Small Business,Female,4,4,Basic,4,Single,3,0,3,1,3,Executive,20161
2594,202594,0,41,Company Invited,1,33,Small Business,Female,3,4,Deluxe,4,Married,3,0,2,1,1,Manager,24283
2595,202595,0,36,Self Enquiry,3,7,Small Business,Male,4,4,Standard,4,Divorced,3,0,4,1,3,Senior Manager,25973
2596,202596,0,54,Self Enquiry,3,13,Small Business,Male,3,4,Deluxe,3,Divorced,4,1,5,0,1,Manager,20984
2597,202597,0,46,Self Enquiry,1,16,Salaried,Male,3,4,Deluxe,4,Married,2,0,4,1,1,Manager,21026
2598,202598,0,33,Company Invited,3,15,Small Business,Fe Male,3,4,Standard,3,Unmarried,3,0,4,1,2,Senior Manager,27676
2599,202599,0,30,Company Invited,1,7,Large Business,Male,3,4,Deluxe,3,Divorced,3,0,3,0,2,Manager,22997
2600,202600,0,52,Self Enquiry,1,14,Small Business,Male,3,5,Deluxe,3,Divorced,4,0,3,1,2,Manager,24810
2601,202601,0,59,Self Enquiry,1,16,Small Business,Female,4,5,Basic,4,Divorced,6,1,2,1,1,Executive,22024
2602,202602,0,41,Self Enquiry,3,11,Small Business,Male,4,5,Standard,3,Divorced,2,0,2,1,1,Senior Manager,29533
2603,202603,0,35,Company Invited,3,9,Small Business,Female,4,4,Basic,3,Divorced,8,0,5,1,3,Executive,20909
2604,202604,0,23,Self Enquiry,1,26,Small Business,Male,4,4,Basic,3,Divorced,3,0,2,0,2,Executive,21001
2605,202605,0,28,Company Invited,1,16,Small Business,Male,3,4,Basic,4,Married,8,0,3,0,1,Executive,20702
2606,202606,0,29,Self Enquiry,1,28,Small Business,Male,3,4,Basic,3,Divorced,3,0,2,0,1,Executive,21391
2607,202607,0,58,Self Enquiry,1,31,Salaried,Male,3,3,Standard,3,Married,5,1,4,1,2,Senior Manager,28117
2608,202608,0,28,Company Invited,1,10,Small Business,Male,4,5,Basic,3,Married,3,1,2,0,3,Executive,21244
2610,202610,0,42,Self Enquiry,1,21,Salaried,Male,3,4,Basic,3,Married,6,0,4,1,2,Executive,21129
2611,202611,0,31,Self Enquiry,3,12,Salaried,Female,3,4,Standard,3,Divorced,4,0,4,1,2,Senior Manager,28097
2612,202612,0,39,Self Enquiry,3,7,Salaried,Fe Male,3,5,Deluxe,3,Unmarried,6,0,2,1,2,Manager,27364
2613,202613,0,33,Self Enquiry,1,13,Salaried,Male,3,4,Basic,3,Unmarried,5,0,2,0,2,Executive,21716
2614,202614,0,28,Self Enquiry,1,24,Large Business,Male,3,4,Basic,4,Divorced,2,1,4,1,1,Executive,21736
2615,202615,1,20,Company Invited,3,7,Large Business,Female,4,6,Basic,5,Single,2,0,3,1,2,Executive,21003
2616,202616,0,37,Company Invited,1,10,Small Business,Male,2,4,Basic,4,Single,6,0,4,1,1,Executive,20766
2617,202617,0,31,Company Invited,1,16,Small Business,Male,4,4,Deluxe,5,Married,3,0,2,0,2,Manager,21750
2618,202618,0,46,Self Enquiry,3,11,Salaried,Female,2,4,Deluxe,5,Married,6,1,4,0,1,Manager,23684
2619,202619,0,57,Self Enquiry,1,15,Salaried,Female,4,4,Basic,5,Married,6,1,4,1,2,Executive,22935
2620,202620,0,34,Self Enquiry,1,9,Salaried,Male,3,4,Basic,3,Single,2,0,3,0,2,Executive,21178
2622,202622,0,47,Self Enquiry,3,7,Small Business,Female,4,4,Standard,5,Married,3,0,2,1,2,Senior Manager,29131
2623,202623,0,39,Self Enquiry,1,16,Salaried,Female,4,4,Basic,3,Single,3,0,2,1,2,Executive,20966
2624,202624,0,32,Self Enquiry,1,19,Small Business,Female,4,4,Basic,3,Divorced,2,1,4,1,3,Executive,22607
2625,202625,0,35,Self Enquiry,1,34,Small Business,Female,4,4,Basic,4,Single,4,0,3,1,1,Executive,20989
2626,202626,1,42,Self Enquiry,3,27,Small Business,Female,4,4,Basic,4,Unmarried,3,1,4,0,3,Executive,21818
2627,202627,0,51,Self Enquiry,1,7,Small Business,Male,3,5,Basic,3,Divorced,4,0,3,0,1,Executive,22368
2628,202628,0,54,Self Enquiry,1,20,Small Business,Female,3,3,Deluxe,5,Married,3,0,2,1,2,Manager,23128
2629,202629,0,34,Self Enquiry,1,21,Small Business,Female,4,4,Basic,4,Divorced,3,0,5,0,1,Executive,21434
2632,202632,0,35,Company Invited,1,9,Salaried,Male,3,5,Deluxe,3,Divorced,3,0,4,0,1,Manager,28225
2633,202633,0,52,Self Enquiry,1,10,Small Business,Female,4,4,Super Deluxe,4,Single,5,0,5,0,2,AVP,32412
2635,202635,0,28,Self Enquiry,1,16,Small Business,Female,3,4,Basic,4,Single,3,0,3,1,1,Executive,20957
2636,202636,1,36,Self Enquiry,1,30,Salaried,Male,3,5,Deluxe,3,Divorced,5,1,4,1,2,Manager,24594
2637,202637,0,44,Company Invited,1,14,Small Business,Male,3,3,Basic,3,Married,6,0,4,0,2,Executive,20767
2639,202639,0,38,Self Enquiry,1,28,Salaried,Male,4,3,Basic,5,Divorced,3,1,3,0,3,Executive,22242
2640,202640,0,36,Company Invited,1,9,Small Business,Female,3,4,Deluxe,4,Unmarried,7,0,2,1,1,Manager,23103
2641,202641,0,43,Company Invited,1,28,Small Business,Female,3,4,Deluxe,3,Married,4,0,2,0,1,Manager,23943
2642,202642,0,39,Self Enquiry,1,9,Salaried,Male,3,4,Deluxe,3,Divorced,2,0,2,0,2,Manager,25231
2643,202643,0,39,Self Enquiry,1,36,Large Business,Male,3,4,Deluxe,3,Divorced,5,0,2,0,2,Manager,24939
2644,202644,0,28,Company Invited,1,7,Large Business,Male,3,5,Deluxe,5,Divorced,7,0,3,0,2,Manager,22976
2645,202645,0,50,Company Invited,1,25,Salaried,Male,4,4,Deluxe,3,Married,3,1,2,0,2,Manager,25482
2646,202646,0,35,Company Invited,1,17,Small Business,Male,3,4,Basic,3,Married,3,1,3,1,1,Executive,22493
2647,202647,0,41,Self Enquiry,1,26,Small Business,Male,3,4,Deluxe,3,Divorced,2,1,2,1,2,Manager,21419
2648,202648,1,39,Self Enquiry,1,36,Small Business,Male,4,4,Deluxe,5,Divorced,2,1,3,0,2,Manager,25351
2649,202649,1,30,Self Enquiry,3,34,Small Business,Female,3,4,Standard,3,Divorced,3,0,3,1,2,Senior Manager,26317
2650,202650,0,23,Self Enquiry,1,12,Salaried,Male,3,3,Basic,4,Married,3,1,4,0,1,Executive,21006
2651,202651,0,37,Company Invited,1,25,Small Business,Female,4,4,Basic,3,Single,3,0,3,1,3,Executive,20831
2652,202652,0,41,Company Invited,1,16,Salaried,Male,4,5,Deluxe,3,Divorced,2,0,5,1,1,Manager,23554
2653,202653,0,47,Self Enquiry,1,7,Small Business,Male,4,4,Standard,5,Married,2,0,2,0,1,Senior Manager,28074
2654,202654,1,33,Self Enquiry,3,11,Small Business,Male,3,6,Standard,3,Divorced,3,0,2,1,2,Senior Manager,29078
2655,202655,0,31,Company Invited,1,7,Salaried,Male,3,5,Standard,3,Unmarried,3,0,5,1,2,Senior Manager,27152
2656,202656,0,28,Company Invited,3,27,Salaried,Fe Male,3,4,Deluxe,3,Single,3,0,2,1,2,Manager,28659
2657,202657,0,52,Self Enquiry,1,15,Salaried,Male,3,5,Standard,4,Divorced,7,0,3,1,2,Senior Manager,31168
2658,202658,1,31,Self Enquiry,1,10,Large Business,Female,3,4,Basic,5,Unmarried,7,1,4,1,2,Executive,21335
2659,202659,0,42,Self Enquiry,3,13,Salaried,Female,4,4,Standard,3,Single,5,1,2,0,2,Senior Manager,32269
2660,202660,1,31,Company Invited,3,33,Small Business,Fe Male,3,5,Deluxe,5,Unmarried,7,0,2,0,2,Manager,25374
2661,202661,1,30,Self Enquiry,1,7,Large Business,Male,3,4,Basic,3,Single,2,0,2,0,1,Executive,20736
2662,202662,0,46,Company Invited,3,13,Small Business,Fe Male,3,5,Standard,3,Unmarried,8,0,4,1,1,Senior Manager,27543
2663,202663,0,55,Self Enquiry,3,10,Small Business,Female,3,4,Deluxe,5,Divorced,4,0,4,1,2,Manager,24618
2664,202664,0,37,Self Enquiry,1,12,Salaried,Male,4,4,Deluxe,4,Unmarried,2,0,2,0,3,Manager,24592
2665,202665,0,34,Self Enquiry,1,11,Small Business,Female,3,5,Basic,4,Divorced,8,0,4,0,1,Executive,21300
2666,202666,0,38,Company Invited,1,18,Salaried,Male,3,4,Standard,3,Married,3,1,3,0,2,Senior Manager,30863
2667,202667,0,39,Self Enquiry,3,10,Salaried,Male,4,4,Standard,3,Married,2,0,2,1,2,Senior Manager,29287
2668,202668,0,32,Company Invited,1,7,Small Business,Male,3,6,Deluxe,3,Divorced,2,0,3,1,1,Manager,23023
2669,202669,0,60,Self Enquiry,1,10,Salaried,Male,4,5,Basic,3,Divorced,5,0,3,0,2,Executive,20855
2670,202670,0,38,Company Invited,3,11,Small Business,Male,3,4,Basic,3,Married,6,0,4,1,1,Executive,20855
2671,202671,0,30,Company Invited,3,7,Small Business,Female,3,4,Standard,3,Divorced,3,0,3,1,1,Senior Manager,26596
2672,202672,0,36,Company Invited,3,7,Small Business,Fe Male,4,4,Standard,3,Unmarried,3,0,5,1,1,Senior Manager,27467
2673,202673,1,30,Self Enquiry,1,25,Small Business,Male,3,5,Basic,3,Single,3,1,3,0,2,Executive,21067
2674,202674,0,53,Self Enquiry,1,9,Salaried,Female,3,5,Basic,3,Unmarried,2,0,3,0,1,Executive,21890
2676,202676,0,60,Self Enquiry,2,13,Small Business,Male,3,4,Basic,3,Divorced,2,0,4,1,1,Executive,20945
2678,202678,1,34,Self Enquiry,1,21,Small Business,Male,3,4,Basic,3,Divorced,7,1,2,0,2,Executive,21114
2680,202680,1,34,Self Enquiry,1,9,Salaried,Female,3,4,Basic,5,Divorced,2,0,3,1,1,Executive,21385
2682,202682,0,33,Self Enquiry,3,11,Salaried,Female,3,4,Basic,4,Divorced,4,0,3,1,1,Executive,22609
2683,202683,1,33,Self Enquiry,1,7,Salaried,Male,4,5,Basic,3,Unmarried,2,1,5,1,1,Executive,22408
2684,202684,0,40,Self Enquiry,1,7,Small Business,Female,4,4,Basic,3,Married,2,0,3,0,2,Executive,20910
2685,202685,0,33,Company Invited,3,33,Small Business,Male,4,4,Deluxe,3,Divorced,2,0,4,1,3,Manager,23143
2686,202686,0,42,Self Enquiry,1,26,Salaried,Male,3,4,Deluxe,5,Married,4,0,2,1,1,Manager,21750
2687,202687,0,41,Self Enquiry,1,31,Large Business,Male,4,4,Deluxe,3,Married,3,0,3,1,2,Manager,21997
2689,202689,0,32,Company Invited,1,10,Small Business,Male,4,4,Standard,3,Married,2,0,4,1,3,Senior Manager,32353
2690,202690,0,34,Self Enquiry,1,12,Salaried,Female,4,5,Basic,3,Divorced,3,0,2,0,3,Executive,21589
2691,202691,0,35,Self Enquiry,1,9,Salaried,Male,3,5,Deluxe,5,Divorced,8,0,4,0,2,Manager,24635
2692,202692,0,38,Self Enquiry,1,7,Small Business,Female,3,5,Basic,5,Divorced,4,0,4,1,2,Executive,22598
2693,202693,0,46,Company Invited,1,14,Salaried,Male,4,3,Deluxe,3,Divorced,6,0,2,0,3,Manager,25112
2694,202694,1,38,Company Invited,1,17,Small Business,Male,4,4,Standard,3,Married,8,0,3,1,3,Senior Manager,28726
2695,202695,0,40,Company Invited,1,9,Large Business,Female,4,4,Standard,3,Single,2,0,2,1,2,Senior Manager,29616
2696,202696,0,30,Self Enquiry,1,22,Salaried,Male,3,4,Basic,3,Single,3,0,3,0,1,Executive,21018
2697,202697,0,43,Self Enquiry,1,24,Salaried,Fe Male,3,3,Deluxe,5,Unmarried,5,1,2,0,1,Manager,25223
2698,202698,0,30,Self Enquiry,3,27,Small Business,Male,3,4,Deluxe,3,Married,4,0,2,1,2,Manager,25609
2699,202699,0,26,Self Enquiry,1,7,Salaried,Female,4,4,Deluxe,3,Divorced,2,0,3,1,2,Manager,23576
2700,202700,0,43,Self Enquiry,1,9,Small Business,Female,3,5,Basic,5,Married,2,1,4,1,1,Executive,21271
2702,202702,0,52,Self Enquiry,1,7,Salaried,Male,4,4,Basic,3,Divorced,3,0,4,1,1,Executive,21401
2703,202703,1,32,Company Invited,1,36,Small Business,Male,4,5,Basic,4,Unmarried,2,0,3,1,3,Executive,22157
2704,202704,0,33,Company Invited,1,14,Salaried,Male,4,3,Basic,4,Divorced,3,0,2,0,2,Executive,21472
2705,202705,0,39,Company Invited,3,9,Salaried,Male,3,5,Deluxe,3,Divorced,5,0,5,1,2,Manager,23927
2706,202706,0,33,Self Enquiry,1,9,Large Business,Male,3,5,Deluxe,5,Single,6,0,4,0,2,Manager,20854
2708,202708,1,29,Self Enquiry,1,9,Salaried,Male,4,4,Basic,3,Unmarried,4,0,4,1,2,Executive,22163
2709,202709,0,30,Self Enquiry,3,9,Small Business,Male,4,5,Deluxe,4,Divorced,4,0,4,0,2,Manager,25322
2710,202710,0,32,Self Enquiry,1,30,Small Business,Male,4,5,Deluxe,3,Divorced,2,0,3,1,2,Manager,24260
2711,202711,0,26,Company Invited,1,12,Salaried,Male,3,3,Deluxe,5,Married,3,0,5,1,2,Manager,22678
2712,202712,0,46,Self Enquiry,1,27,Small Business,Male,4,4,Super Deluxe,3,Divorced,2,1,3,0,1,AVP,32174
2713,202713,0,37,Self Enquiry,1,13,Salaried,Male,3,4,Basic,3,Divorced,2,0,5,1,2,Executive,21888
2715,202715,1,48,Company Invited,1,36,Salaried,Male,3,4,Standard,4,Divorced,3,1,3,1,1,Senior Manager,30527
2716,202716,0,29,Self Enquiry,1,16,Small Business,Male,4,4,Basic,3,Divorced,3,0,2,1,2,Executive,20748
2717,202717,0,38,Self Enquiry,3,13,Small Business,Male,4,4,Deluxe,3,Divorced,6,0,3,0,1,Manager,25180
2718,202718,0,22,Self Enquiry,1,10,Small Business,Male,4,5,Basic,3,Unmarried,3,0,5,1,2,Executive,21908
2719,202719,0,38,Company Invited,1,7,Small Business,Female,2,4,Standard,3,Married,4,1,3,0,1,Senior Manager,32281
2720,202720,0,36,Self Enquiry,1,29,Salaried,Female,4,3,Standard,4,Married,2,0,5,1,2,Senior Manager,30674
2721,202721,0,39,Self Enquiry,3,14,Small Business,Female,3,3,Deluxe,5,Married,3,1,3,0,1,Manager,24283
2722,202722,0,27,Company Invited,1,7,Salaried,Female,3,4,Deluxe,4,Married,3,0,5,0,2,Manager,25075
2725,202725,0,43,Self Enquiry,3,7,Salaried,Male,3,4,Deluxe,3,Divorced,3,0,3,1,1,Manager,23585
2726,202726,0,30,Company Invited,3,9,Salaried,Male,3,4,Deluxe,3,Unmarried,3,0,2,0,1,Manager,23232
2727,202727,0,56,Self Enquiry,1,27,Large Business,Male,3,4,Deluxe,3,Divorced,5,1,2,1,2,Manager,24093
2728,202728,0,27,Company Invited,1,18,Small Business,Male,3,4,Deluxe,5,Divorced,3,1,3,1,2,Manager,23419
2729,202729,0,38,Self Enquiry,1,7,Salaried,Female,3,4,Basic,3,Single,3,0,2,1,2,Executive,20793
2730,202730,1,45,Company Invited,1,31,Salaried,Male,3,4,Basic,3,Married,5,1,5,0,2,Executive,21839
2731,202731,0,39,Self Enquiry,1,30,Salaried,Male,3,4,Deluxe,3,Married,2,0,3,0,1,Manager,24423
2732,202732,1,27,Self Enquiry,1,23,Small Business,Male,3,4,Basic,4,Married,4,1,2,1,2,Executive,21051
2733,202733,0,29,Self Enquiry,1,15,Salaried,Female,4,4,Basic,3,Unmarried,3,0,4,0,2,Executive,21988
2735,202735,0,37,Self Enquiry,1,10,Large Business,Male,2,4,Deluxe,4,Unmarried,6,0,2,1,1,Manager,23163
2736,202736,0,32,Company Invited,3,12,Small Business,Female,3,4,Basic,4,Married,3,0,3,0,2,Executive,21467
2737,202737,1,27,Self Enquiry,3,11,Small Business,Male,3,5,Deluxe,3,Unmarried,3,1,2,1,2,Manager,24506
2738,202738,0,38,Company Invited,1,16,Small Business,Male,3,4,Basic,3,Divorced,3,1,2,0,1,Executive,21004
2739,202739,0,43,Company Invited,3,33,Small Business,Female,4,4,Super Deluxe,4,Divorced,7,0,3,1,3,AVP,32203
2740,202740,1,19,Self Enquiry,1,10,Salaried,Male,3,4,Basic,3,Single,3,0,4,0,1,Executive,20098
2741,202741,0,36,Self Enquiry,3,23,Small Business,Male,4,4,Standard,4,Divorced,2,0,2,1,3,Senior Manager,26698
2742,202742,0,37,Company Invited,1,25,Salaried,Male,3,3,Basic,3,Divorced,6,0,5,0,1,Executive,22366
2743,202743,0,52,Self Enquiry,1,9,Small Business,Male,3,6,Deluxe,4,Married,7,0,2,0,1,Manager,24160
2746,202746,0,29,Self Enquiry,1,23,Small Business,Male,4,3,Deluxe,5,Unmarried,2,0,5,0,3,Manager,24339
2747,202747,0,32,Self Enquiry,3,14,Large Business,Male,4,3,Deluxe,3,Divorced,6,0,2,1,1,Manager,25607
2748,202748,0,40,Self Enquiry,1,7,Small Business,Male,3,3,Standard,3,Married,2,0,3,1,1,Senior Manager,28291
2749,202749,0,37,Company Invited,1,31,Salaried,Female,3,4,Deluxe,4,Divorced,2,0,3,0,1,Manager,24352
2750,202750,0,33,Self Enquiry,3,14,Salaried,Male,4,5,Deluxe,3,Divorced,3,0,3,1,3,Manager,24162
2751,202751,0,39,Self Enquiry,1,32,Salaried,Female,3,5,Standard,4,Divorced,5,0,3,1,1,Senior Manager,30739
2752,202752,0,59,Company Invited,1,7,Salaried,Male,3,6,Deluxe,3,Married,4,1,2,1,2,Manager,24338
2753,202753,0,32,Self Enquiry,1,12,Large Business,Male,3,4,Basic,3,Divorced,2,1,4,0,2,Executive,23499
2754,202754,0,32,Self Enquiry,2,9,Salaried,Male,4,5,Deluxe,5,Divorced,5,0,3,0,2,Manager,25088
2755,202755,0,46,Company Invited,1,14,Salaried,Male,4,4,Standard,5,Married,3,0,2,1,3,Senior Manager,23888
2756,202756,0,32,Self Enquiry,1,9,Salaried,Male,3,4,Basic,3,Married,2,1,4,1,2,Executive,21373
2757,202757,0,34,Company Invited,1,12,Salaried,Female,4,4,Standard,4,Divorced,8,0,3,1,3,Senior Manager,30556
2759,202759,0,44,Company Invited,1,17,Salaried,Female,3,4,Basic,3,Single,2,0,5,0,2,Executive,21133
2760,202760,0,50,Self Enquiry,1,7,Large Business,Female,3,5,Super Deluxe,3,Single,2,1,3,1,1,AVP,32642
2761,202761,1,53,Self Enquiry,1,15,Small Business,Male,3,5,Deluxe,4,Divorced,4,0,2,1,2,Manager,23619
2762,202762,0,28,Self Enquiry,1,12,Salaried,Female,3,4,Basic,4,Single,3,1,3,0,2,Executive,21156
2763,202763,0,33,Self Enquiry,3,15,Large Business,Female,4,5,Deluxe,4,Divorced,3,1,2,1,1,Manager,23906
2764,202764,0,28,Self Enquiry,3,9,Salaried,Male,4,4,Deluxe,3,Unmarried,3,1,4,1,3,Manager,23156
2765,202765,0,32,Self Enquiry,3,14,Small Business,Male,4,4,Deluxe,3,Married,6,0,2,0,1,Manager,26225
2766,202766,0,33,Self Enquiry,1,9,Small Business,Fe Male,4,3,Deluxe,3,Unmarried,2,0,3,1,3,Manager,23733
2767,202767,1,29,Self Enquiry,1,9,Small Business,Male,3,6,Basic,3,Divorced,7,1,3,1,1,Executive,22142
2768,202768,0,31,Self Enquiry,1,35,Small Business,Female,4,4,Deluxe,3,Divorced,3,0,3,0,3,Manager,24453
2769,202769,0,32,Company Invited,1,14,Salaried,Female,3,5,Standard,3,Divorced,3,0,2,1,2,Senior Manager,27621
2771,202771,1,40,Self Enquiry,3,10,Small Business,Female,3,4,Deluxe,3,Divorced,6,1,4,1,2,Manager,23916
2772,202772,0,34,Company Invited,3,17,Small Business,Male,3,5,Deluxe,3,Unmarried,5,0,3,1,2,Manager,23360
2774,202774,0,44,Company Invited,1,17,Salaried,Female,3,5,Deluxe,3,Married,3,0,3,0,1,Manager,23935
2775,202775,0,28,Company Invited,3,7,Small Business,Male,4,4,Deluxe,4,Divorced,2,1,2,0,3,Manager,25027
2776,202776,0,55,Company Invited,1,27,Salaried,Fe Male,3,4,Deluxe,3,Unmarried,5,0,4,1,1,Manager,23547
2777,202777,0,44,Self Enquiry,1,14,Salaried,Female,3,4,Standard,5,Divorced,2,0,5,1,1,Senior Manager,28663
2778,202778,0,46,Self Enquiry,1,15,Salaried,Male,4,4,Deluxe,3,Divorced,2,0,3,1,1,Manager,22375
2779,202779,0,41,Self Enquiry,3,7,Small Business,Male,3,6,Deluxe,3,Divorced,4,1,3,1,1,Manager,26135
2780,202780,1,30,Self Enquiry,1,15,Salaried,Male,4,6,Basic,5,Divorced,3,1,3,1,2,Executive,20797
2781,202781,0,30,Self Enquiry,1,16,Salaried,Male,2,5,Basic,3,Unmarried,2,0,2,1,1,Executive,22661
2782,202782,0,31,Self Enquiry,3,12,Small Business,Female,2,5,Deluxe,3,Married,3,0,2,0,1,Manager,24796
2783,202783,0,28,Self Enquiry,3,15,Small Business,Female,3,4,Deluxe,4,Divorced,3,0,2,0,1,Manager,24892
2784,202784,0,38,Self Enquiry,1,12,Small Business,Male,4,4,Deluxe,3,Married,2,0,3,0,1,Manager,25025
2785,202785,0,39,Self Enquiry,1,22,Salaried,Male,4,5,Standard,3,Married,2,1,5,1,2,Senior Manager,30188
2786,202786,0,32,Self Enquiry,1,14,Small Business,Fe Male,3,4,Standard,3,Unmarried,3,1,4,1,2,Senior Manager,25821
2787,202787,0,30,Self Enquiry,3,17,Small Business,Female,3,5,Deluxe,4,Married,3,1,5,0,2,Manager,26946
2788,202788,0,36,Self Enquiry,1,12,Large Business,Male,4,4,Standard,4,Unmarried,2,0,3,0,1,Senior Manager,26773
2789,202789,0,24,Self Enquiry,1,33,Salaried,Male,3,4,Basic,3,Married,3,0,2,1,2,Executive,21582
2790,202790,0,42,Self Enquiry,1,13,Small Business,Male,4,5,Deluxe,4,Unmarried,8,1,3,1,1,Manager,24710
2791,202791,0,48,Company Invited,3,11,Small Business,Male,3,4,Deluxe,3,Unmarried,5,0,4,0,2,Manager,21654
2793,202793,0,30,Company Invited,3,9,Salaried,Male,4,4,Deluxe,3,Divorced,3,0,2,1,2,Manager,23327
2794,202794,0,43,Self Enquiry,2,9,Large Business,Male,3,4,Basic,3,Married,2,1,4,1,1,Executive,21374
2795,202795,0,33,Self Enquiry,1,9,Small Business,Female,4,4,Basic,4,Divorced,3,0,4,0,1,Executive,21048
2796,202796,0,49,Self Enquiry,3,36,Small Business,Female,4,4,Standard,3,Divorced,5,0,4,0,1,Senior Manager,31182
2797,202797,0,38,Self Enquiry,1,13,Small Business,Male,3,3,Deluxe,5,Married,6,1,3,1,2,Manager,24652
2798,202798,0,31,Company Invited,3,32,Large Business,Female,3,4,Deluxe,3,Divorced,2,1,3,1,1,Manager,23414
2799,202799,0,27,Self Enquiry,3,7,Salaried,Male,3,4,Deluxe,3,Divorced,3,0,5,1,1,Manager,23974
2800,202800,0,43,Self Enquiry,1,9,Salaried,Male,4,5,Deluxe,3,Unmarried,5,0,2,0,2,Manager,25459
2801,202801,1,22,Company Invited,3,7,Large Business,Female,3,5,Basic,4,Single,3,1,5,1,2,Executive,20852
2802,202802,0,37,Company Invited,3,7,Small Business,Fe Male,3,4,Deluxe,3,Unmarried,6,0,2,1,2,Manager,25331
2803,202803,0,37,Company Invited,3,10,Small Business,Male,3,5,Standard,3,Divorced,6,0,2,0,2,Senior Manager,28377
2804,202804,0,58,Self Enquiry,1,7,Small Business,Male,3,4,Deluxe,3,Divorced,4,0,3,1,2,Manager,25433
2805,202805,0,41,Self Enquiry,1,17,Salaried,Female,3,3,Basic,3,Divorced,5,1,3,0,2,Executive,20891
2806,202806,0,22,Company Invited,3,16,Small Business,Male,3,4,Basic,3,Unmarried,3,0,4,0,1,Executive,21288
2807,202807,1,34,Self Enquiry,3,12,Small Business,Female,3,4,Basic,3,Unmarried,3,1,2,1,1,Executive,21529
2808,202808,0,38,Self Enquiry,1,17,Small Business,Female,4,4,Basic,5,Divorced,8,0,2,1,2,Executive,22130
2809,202809,0,47,Company Invited,1,14,Small Business,Female,2,4,Deluxe,3,Divorced,4,0,5,0,1,Manager,23936
2810,202810,1,42,Company Invited,3,11,Small Business,Male,3,4,Deluxe,4,Unmarried,3,0,3,1,1,Manager,28033
2811,202811,0,51,Self Enquiry,1,17,Large Business,Male,4,5,Standard,3,Single,8,0,5,0,3,Senior Manager,29174
2812,202812,1,41,Self Enquiry,3,29,Small Business,Male,4,5,Deluxe,3,Divorced,4,1,3,1,2,Manager,25058
2813,202813,0,32,Self Enquiry,1,16,Salaried,Male,3,5,Basic,4,Unmarried,2,1,3,1,1,Executive,21335
2814,202814,1,22,Self Enquiry,3,19,Salaried,Female,3,3,Basic,4,Unmarried,3,0,5,0,2,Executive,21394
2815,202815,0,30,Self Enquiry,1,30,Salaried,Male,3,4,Basic,3,Single,2,0,3,1,1,Executive,20879
2816,202816,0,36,Self Enquiry,1,16,Salaried,Male,4,5,Deluxe,4,Unmarried,2,0,2,1,3,Manager,25218
2817,202817,0,28,Self Enquiry,1,7,Small Business,Male,3,4,Basic,4,Married,3,0,3,0,1,Executive,22494
2818,202818,0,29,Self Enquiry,3,16,Salaried,Male,4,4,Deluxe,3,Unmarried,3,0,3,1,1,Manager,23931
2819,202819,0,50,Self Enquiry,1,14,Salaried,Male,3,5,Standard,3,Single,2,0,2,1,2,Senior Manager,29643
2820,202820,0,52,Self Enquiry,3,21,Salaried,Female,3,4,Deluxe,3,Divorced,6,0,3,0,2,Manager,23614
2821,202821,0,37,Self Enquiry,1,9,Salaried,Female,4,4,Basic,3,Divorced,6,0,5,1,1,Executive,21221
2822,202822,1,35,Company Invited,3,26,Small Business,Male,4,3,Deluxe,3,Unmarried,2,1,2,1,3,Manager,23982
2824,202824,0,25,Self Enquiry,3,17,Small Business,Female,4,4,Deluxe,3,Married,3,1,2,0,3,Manager,22938
2825,202825,0,31,Self Enquiry,3,9,Large Business,Male,4,4,Basic,4,Divorced,3,0,3,1,3,Executive,21154
2826,202826,1,27,Company Invited,1,10,Large Business,Male,4,4,Basic,5,Unmarried,2,0,3,0,3,Executive,21780
2827,202827,0,23,Self Enquiry,1,18,Small Business,Female,3,4,Basic,4,Divorced,3,0,2,1,1,Executive,20922
2828,202828,0,37,Self Enquiry,3,9,Small Business,Male,4,5,Standard,3,Divorced,3,0,2,1,1,Senior Manager,26274
2829,202829,1,31,Company Invited,1,11,Large Business,Male,3,4,Basic,3,Single,20,1,4,1,2,Executive,20963
2830,202830,0,38,Self Enquiry,1,21,Salaried,Female,4,4,Basic,5,Married,3,0,4,1,1,Executive,21712
2831,202831,0,41,Self Enquiry,3,9,Small Business,Female,3,4,Deluxe,4,Married,2,0,2,0,2,Manager,24393
2832,202832,0,43,Self Enquiry,1,7,Salaried,Female,4,4,Basic,5,Married,5,0,3,1,2,Executive,21254
2833,202833,0,38,Self Enquiry,1,17,Salaried,Male,3,4,Deluxe,4,Unmarried,4,1,5,0,2,Manager,22875
2834,202834,0,44,Self Enquiry,1,19,Salaried,Male,3,5,Super Deluxe,4,Married,3,0,3,0,2,AVP,33014
2835,202835,0,41,Self Enquiry,1,9,Small Business,Female,4,5,Deluxe,3,Divorced,8,0,5,1,1,Manager,22126
2837,202837,0,35,Company Invited,3,11,Small Business,Female,4,4,Deluxe,3,Divorced,2,0,2,1,1,Manager,25216
2838,202838,0,32,Self Enquiry,1,14,Small Business,Female,3,4,Deluxe,5,Divorced,3,0,2,1,1,Manager,22984
2839,202839,0,44,Company Invited,1,28,Small Business,Male,4,4,Basic,3,Divorced,2,0,4,0,3,Executive,20936
2840,202840,0,44,Self Enquiry,1,15,Salaried,Female,4,4,Deluxe,3,Married,6,1,2,0,1,Manager,23200
2841,202841,0,26,Self Enquiry,3,11,Salaried,Female,3,5,Deluxe,3,Unmarried,3,1,2,0,2,Manager,23165
2842,202842,0,38,Company Invited,1,32,Small Business,Female,4,4,Deluxe,3,Divorced,5,1,3,1,2,Manager,23127
2843,202843,0,32,Self Enquiry,1,7,Salaried,Male,4,5,Basic,5,Divorced,3,0,4,0,1,Executive,20896
2845,202845,0,57,Company Invited,3,13,Salaried,Female,3,3,Super Deluxe,5,Divorced,2,0,3,1,1,AVP,31890
2846,202846,0,31,Self Enquiry,3,19,Large Business,Fe Male,3,4,Deluxe,3,Unmarried,2,0,2,1,1,Manager,25255
2847,202847,0,42,Self Enquiry,3,7,Small Business,Male,3,3,Standard,5,Divorced,3,0,3,1,2,Senior Manager,27070
2848,202848,0,29,Self Enquiry,1,24,Small Business,Male,4,4,Deluxe,5,Married,3,0,2,0,1,Manager,23236
2849,202849,1,26,Self Enquiry,1,10,Small Business,Male,4,4,Basic,5,Divorced,7,0,5,1,2,Executive,22709
2850,202850,0,53,Self Enquiry,1,10,Small Business,Male,3,5,Standard,3,Divorced,4,1,2,0,1,Senior Manager,26647
2851,202851,0,46,Self Enquiry,1,17,Salaried,Male,4,4,Basic,3,Divorced,5,0,5,1,1,Executive,21332
2853,202853,0,43,Company Invited,1,36,Salaried,Female,4,4,Deluxe,3,Married,4,0,3,1,3,Manager,23234
2854,202854,0,31,Self Enquiry,1,9,Salaried,Fe Male,3,6,Deluxe,3,Unmarried,4,0,2,0,2,Manager,24769
2855,202855,0,61,Self Enquiry,1,14,Salaried,Female,3,4,King,5,Divorced,7,0,5,0,1,VP,38244
2856,202856,0,47,Self Enquiry,1,25,Small Business,Female,3,4,Deluxe,3,Married,4,0,5,0,1,Manager,23488
2857,202857,0,43,Company Invited,1,35,Large Business,Female,3,5,Deluxe,3,Divorced,2,0,3,0,1,Manager,23201
2858,202858,1,25,Self Enquiry,3,7,Large Business,Female,4,4,Basic,4,Unmarried,3,1,4,1,3,Executive,21880
2859,202859,1,35,Company Invited,3,13,Small Business,Female,3,6,Basic,3,Married,2,0,4,1,2,Executive,21029
2860,202860,0,39,Company Invited,1,9,Salaried,Male,3,4,Basic,3,Divorced,3,1,5,1,2,Executive,20380
2862,202862,0,27,Self Enquiry,1,30,Salaried,Female,3,4,Basic,3,Married,3,0,3,1,2,Executive,21564
2863,202863,0,31,Company Invited,1,10,Salaried,Male,3,4,Basic,3,Divorced,6,0,3,0,2,Executive,20775
2864,202864,0,30,Self Enquiry,1,10,Small Business,Male,4,5,Standard,3,Divorced,3,0,2,1,3,Senior Manager,30613
2865,202865,1,30,Self Enquiry,1,32,Large Business,Female,4,5,Basic,4,Divorced,7,0,3,0,3,Executive,21224
2866,202866,1,20,Self Enquiry,2,9,Large Business,Male,3,5,Basic,3,Single,3,0,3,1,2,Executive,21242
2867,202867,0,31,Company Invited,3,29,Salaried,Female,4,4,Standard,5,Divorced,2,0,2,1,1,Senior Manager,27090
2868,202868,0,58,Self Enquiry,3,36,Small Business,Male,3,5,Super Deluxe,3,Married,5,0,3,0,1,AVP,32796
2870,202870,0,31,Company Invited,1,9,Small Business,Female,3,4,Basic,3,Single,2,0,4,1,1,Executive,21242
2871,202871,0,61,Company Invited,3,35,Small Business,Female,4,5,Standard,5,Divorced,6,0,2,1,1,Senior Manager,28944
2872,202872,0,48,Self Enquiry,1,9,Small Business,Female,4,4,Deluxe,3,Married,7,0,2,0,2,Manager,23748
2874,202874,0,36,Self Enquiry,1,29,Salaried,Male,3,6,Basic,3,Unmarried,2,0,4,1,1,Executive,22908
2875,202875,0,55,Self Enquiry,1,15,Salaried,Female,3,4,Deluxe,3,Unmarried,2,0,2,1,1,Manager,22458
2876,202876,0,35,Self Enquiry,1,9,Salaried,Male,4,5,Basic,3,Married,5,0,5,1,1,Executive,21446
2877,202877,0,47,Self Enquiry,3,17,Small Business,Female,4,5,Standard,3,Divorced,4,1,2,1,2,Senior Manager,27749
2878,202878,0,32,Self Enquiry,1,16,Salaried,Male,3,4,Standard,4,Married,3,0,3,1,2,Senior Manager,29326
2879,202879,1,34,Self Enquiry,1,22,Small Business,Male,3,4,Standard,3,Divorced,2,1,5,0,1,Senior Manager,32288
2880,202880,1,34,Self Enquiry,1,17,Small Business,Male,3,6,Basic,3,Married,2,0,5,0,1,Executive,22086
2881,202881,0,31,Self Enquiry,3,14,Small Business,Male,3,4,Basic,4,Unmarried,2,0,2,1,1,Executive,21661
2882,202882,0,36,Self Enquiry,1,23,Salaried,Male,4,4,Standard,3,Divorced,6,1,2,0,2,Senior Manager,26310
2883,202883,1,32,Company Invited,1,27,Salaried,Male,4,4,Standard,3,Divorced,5,0,3,1,1,Senior Manager,28502
2884,202884,1,35,Company Invited,2,30,Salaried,Female,3,4,Standard,5,Married,2,1,3,1,1,Senior Manager,28628
2885,202885,0,43,Company Invited,1,12,Salaried,Male,4,4,Basic,3,Divorced,6,0,3,1,1,Executive,20771
2886,202886,0,37,Company Invited,3,17,Small Business,Male,3,4,Standard,3,Single,3,0,2,1,2,Senior Manager,28658
2887,202887,1,23,Company Invited,1,11,Large Business,Male,3,5,Basic,3,Unmarried,7,0,5,1,1,Executive,22572
2888,202888,0,49,Self Enquiry,3,9,Small Business,Female,3,4,Deluxe,3,Divorced,4,0,5,1,1,Manager,22729
2890,202890,0,42,Company Invited,3,17,Salaried,Male,3,4,Deluxe,3,Unmarried,2,0,2,0,2,Manager,24908
2891,202891,0,36,Self Enquiry,3,7,Small Business,Male,3,4,Deluxe,3,Divorced,2,0,3,1,1,Manager,23395
2892,202892,0,41,Self Enquiry,1,13,Salaried,Female,4,4,Super Deluxe,3,Single,2,0,5,1,3,AVP,31915
2893,202893,0,40,Company Invited,1,15,Salaried,Female,3,4,Basic,3,Divorced,3,0,2,0,1,Executive,22433
2894,202894,0,32,Self Enquiry,3,9,Salaried,Male,4,4,Deluxe,3,Unmarried,6,1,5,1,2,Manager,25260
2895,202895,0,43,Self Enquiry,1,31,Small Business,Male,3,4,Standard,5,Divorced,3,1,2,1,2,Senior Manager,26084
2896,202896,0,46,Self Enquiry,3,9,Salaried,Male,4,4,Deluxe,4,Divorced,2,0,5,1,1,Manager,23483
2897,202897,1,27,Company Invited,2,24,Salaried,Female,3,4,Basic,3,Married,2,1,5,0,2,Executive,21419
2898,202898,0,30,Self Enquiry,1,26,Large Business,Male,3,4,Deluxe,3,Married,6,0,5,0,1,Manager,22940
2900,202900,0,32,Self Enquiry,3,14,Salaried,Male,3,5,Standard,3,Married,2,0,3,1,1,Senior Manager,30235
2901,202901,1,19,Company Invited,3,12,Small Business,Male,4,4,Basic,4,Single,3,1,4,1,3,Executive,20556
2902,202902,0,41,Company Invited,3,35,Salaried,Male,3,6,Standard,5,Married,5,0,5,1,1,Senior Manager,29610
2903,202903,0,42,Company Invited,1,9,Salaried,Fe Male,4,5,Deluxe,3,Unmarried,4,1,2,0,1,Manager,25489
2904,202904,0,27,Self Enquiry,3,36,Small Business,Male,3,4,Deluxe,3,Married,7,0,5,1,1,Manager,22984
2905,202905,0,36,Self Enquiry,3,7,Small Business,Fe Male,4,4,Deluxe,3,Unmarried,3,0,4,0,3,Manager,23537
2906,202906,0,35,Self Enquiry,3,28,Salaried,Male,4,3,Deluxe,3,Unmarried,3,0,3,1,1,Manager,24015
2907,202907,1,27,Self Enquiry,1,31,Large Business,Male,4,6,Basic,3,Single,3,1,3,1,3,Executive,21018
2908,202908,0,38,Self Enquiry,1,7,Large Business,Fe Male,3,4,Standard,3,Unmarried,6,0,5,1,2,Senior Manager,26169
2909,202909,0,47,Company Invited,1,25,Small Business,Female,3,4,Standard,3,Divorced,7,0,3,1,1,Senior Manager,29205
2911,202911,0,38,Company Invited,3,16,Small Business,Male,4,4,Standard,4,Married,3,0,2,1,1,Senior Manager,27512
2912,202912,0,53,Self Enquiry,1,13,Large Business,Male,4,4,Deluxe,5,Married,5,1,4,1,3,Manager,24255
2913,202913,1,33,Company Invited,3,18,Salaried,Male,3,3,Deluxe,3,Divorced,2,0,3,1,2,Manager,23385
2914,202914,0,25,Company Invited,3,31,Small Business,Male,3,4,Basic,3,Divorced,2,0,4,0,2,Executive,21078
2915,202915,0,39,Self Enquiry,1,17,Small Business,Female,4,4,Deluxe,3,Divorced,5,0,3,1,3,Manager,28502
2916,202916,0,38,Self Enquiry,1,7,Salaried,Female,4,4,Deluxe,4,Divorced,8,0,2,1,2,Manager,25125
2918,202918,0,25,Self Enquiry,1,30,Small Business,Male,3,3,Basic,3,Divorced,3,1,4,0,2,Executive,21403
2919,202919,0,27,Self Enquiry,3,35,Small Business,Male,4,4,Deluxe,4,Divorced,3,0,3,1,1,Manager,24950
2920,202920,0,25,Self Enquiry,1,24,Salaried,Male,4,5,Basic,4,Divorced,3,0,3,1,2,Executive,20805
2922,202922,0,26,Self Enquiry,3,20,Small Business,Male,3,4,Basic,3,Divorced,3,0,3,1,1,Executive,20774
2923,202923,1,25,Company Invited,1,14,Salaried,Female,3,4,Basic,3,Divorced,3,1,4,0,1,Executive,21564
2924,202924,1,31,Company Invited,3,19,Salaried,Male,4,5,Basic,5,Divorced,3,0,5,1,1,Executive,20711
2925,202925,0,35,Self Enquiry,1,7,Salaried,Male,3,5,Basic,3,Divorced,3,1,2,0,1,Executive,22300
2926,202926,1,32,Self Enquiry,3,20,Small Business,Male,3,4,Deluxe,5,Married,4,0,2,0,1,Manager,22911
2927,202927,0,36,Self Enquiry,1,32,Salaried,Male,3,5,Deluxe,3,Unmarried,6,0,2,0,2,Manager,22359
2928,202928,0,32,Self Enquiry,3,13,Small Business,Male,4,3,Deluxe,3,Married,6,0,5,1,3,Manager,24138
2929,202929,0,28,Self Enquiry,1,13,Small Business,Female,4,5,Basic,3,Married,2,0,2,1,2,Executive,20865
2930,202930,0,38,Self Enquiry,3,9,Small Business,Male,4,4,Deluxe,3,Divorced,6,1,3,0,2,Manager,28280
2931,202931,0,21,Self Enquiry,1,7,Salaried,Female,3,5,Basic,4,Unmarried,3,0,4,1,1,Executive,21514
2932,202932,0,43,Self Enquiry,1,9,Salaried,Female,3,4,Deluxe,3,Divorced,3,0,2,1,1,Manager,22767
2934,202934,0,39,Self Enquiry,1,7,Salaried,Female,3,4,Basic,5,Unmarried,5,0,2,1,2,Executive,21297
2935,202935,0,44,Company Invited,1,16,Small Business,Male,4,4,Deluxe,3,Married,5,1,3,1,1,Manager,24357
2936,202936,0,49,Self Enquiry,1,7,Salaried,Female,3,5,Super Deluxe,5,Divorced,2,0,4,0,2,AVP,34080
2937,202937,0,45,Self Enquiry,2,7,Salaried,Fe Male,3,5,Deluxe,3,Unmarried,6,0,5,1,2,Manager,24663
2938,202938,0,35,Self Enquiry,3,21,Large Business,Female,3,4,Basic,3,Married,3,1,5,1,2,Executive,21257
2939,202939,1,28,Self Enquiry,3,9,Small Business,Male,3,4,Basic,5,Married,2,0,5,0,2,Executive,21719
2940,202940,0,22,Self Enquiry,3,29,Large Business,Male,3,4,Basic,3,Unmarried,3,0,2,1,2,Executive,22125
2942,202942,0,23,Self Enquiry,1,13,Small Business,Male,4,4,Basic,3,Divorced,2,0,2,1,1,Executive,21451
2943,202943,0,34,Self Enquiry,3,15,Small Business,Male,3,4,Deluxe,3,Married,2,0,2,1,2,Manager,25782
2944,202944,0,33,Self Enquiry,1,16,Salaried,Female,4,4,Deluxe,3,Divorced,3,1,5,1,3,Manager,25000
2945,202945,0,31,Company Invited,1,10,Small Business,Female,4,4,Basic,3,Married,3,0,3,1,2,Executive,20761
2946,202946,0,54,Self Enquiry,3,7,Small Business,Fe Male,3,4,Deluxe,5,Unmarried,2,0,2,1,2,Manager,27059
2947,202947,0,35,Self Enquiry,1,7,Salaried,Male,3,4,Basic,3,Divorced,3,0,3,1,1,Executive,21369
2948,202948,1,46,Company Invited,3,33,Salaried,Female,4,4,Deluxe,5,Divorced,4,0,2,0,1,Manager,22964
2949,202949,0,27,Self Enquiry,1,13,Salaried,Female,4,4,Basic,3,Divorced,3,1,2,0,1,Executive,21337
2950,202950,0,38,Self Enquiry,1,10,Salaried,Male,3,4,Standard,3,Divorced,3,0,2,1,1,Senior Manager,28112
2951,202951,0,30,Self Enquiry,3,10,Small Business,Female,4,4,Deluxe,3,Divorced,3,0,2,0,1,Manager,24239
2952,202952,0,36,Self Enquiry,1,13,Salaried,Male,3,6,Deluxe,3,Unmarried,3,0,5,1,1,Manager,25324
2953,202953,0,34,Company Invited,1,13,Salaried,Male,2,4,Deluxe,3,Married,5,0,5,1,1,Manager,26403
2954,202954,0,55,Self Enquiry,2,26,Small Business,Male,3,4,Standard,4,Divorced,4,0,3,1,1,Senior Manager,29403
2955,202955,0,37,Self Enquiry,1,16,Small Business,Male,3,5,Deluxe,4,Married,4,1,4,1,1,Manager,27525
2956,202956,0,28,Self Enquiry,1,10,Small Business,Male,3,5,Basic,3,Single,2,0,2,0,1,Executive,20723
2958,202958,1,34,Company Invited,1,10,Salaried,Male,4,4,Basic,5,Unmarried,3,1,5,1,3,Executive,22026
2960,202960,0,24,Self Enquiry,1,11,Small Business,Male,3,3,Basic,5,Divorced,4,0,4,0,2,Executive,21497
2961,202961,0,26,Self Enquiry,3,15,Salaried,Male,3,3,Deluxe,4,Divorced,2,0,4,0,1,Manager,23529
2962,202962,0,39,Self Enquiry,3,14,Small Business,Female,3,5,Deluxe,3,Unmarried,2,0,2,1,2,Manager,22706
2963,202963,0,30,Company Invited,1,7,Salaried,Male,4,6,Basic,3,Married,3,0,2,1,1,Executive,21398
2964,202964,0,49,Self Enquiry,3,9,Small Business,Male,3,3,Deluxe,4,Divorced,5,0,3,1,1,Manager,26798
2965,202965,0,28,Company Invited,3,10,Small Business,Female,4,3,Deluxe,3,Married,3,1,2,1,3,Manager,23325
2966,202966,0,38,Self Enquiry,1,17,Salaried,Male,4,3,Basic,3,Unmarried,5,0,4,1,2,Executive,23358
2967,202967,0,51,Self Enquiry,1,35,Small Business,Male,4,3,Basic,3,Divorced,3,1,2,1,3,Executive,21899
2968,202968,0,35,Self Enquiry,1,16,Small Business,Fe Male,3,5,Standard,4,Unmarried,3,0,2,1,2,Senior Manager,27299
2969,202969,1,25,Self Enquiry,3,10,Salaried,Female,4,4,Deluxe,3,Unmarried,2,0,2,1,1,Manager,23255
2970,202970,0,40,Self Enquiry,1,9,Large Business,Female,4,5,Deluxe,3,Unmarried,3,0,2,1,1,Manager,23231
2971,202971,0,33,Self Enquiry,3,17,Small Business,Male,3,4,Deluxe,3,Unmarried,3,0,4,0,2,Manager,24074
2972,202972,1,51,Company Invited,3,15,Large Business,Male,3,4,Deluxe,3,Divorced,5,1,5,1,1,Manager,25474
2973,202973,0,39,Self Enquiry,1,7,Salaried,Fe Male,3,3,Deluxe,3,Unmarried,2,0,2,1,2,Manager,26303
2974,202974,0,28,Self Enquiry,1,7,Salaried,Female,4,4,Standard,5,Divorced,3,0,4,1,3,Senior Manager,26090
2975,202975,0,33,Self Enquiry,1,10,Salaried,Female,3,4,Standard,3,Single,5,0,2,1,2,Senior Manager,29837
2976,202976,0,48,Self Enquiry,3,21,Small Business,Male,3,4,Deluxe,5,Unmarried,4,0,2,0,2,Manager,23638
2977,202977,0,41,Company Invited,3,12,Salaried,Male,3,5,Standard,5,Divorced,7,1,5,0,2,Senior Manager,29153
2978,202978,0,54,Self Enquiry,1,14,Salaried,Male,3,3,Super Deluxe,3,Divorced,5,0,2,0,1,AVP,33492
2980,202980,0,61,Self Enquiry,3,23,Small Business,Male,3,4,Deluxe,5,Unmarried,2,0,4,1,1,Manager,24083
2981,202981,0,28,Company Invited,1,17,Salaried,Male,3,4,Standard,5,Married,3,0,3,1,1,Senior Manager,27471
2983,202983,0,51,Self Enquiry,3,15,Small Business,Male,3,4,Basic,4,Divorced,2,0,2,1,1,Executive,22553
2984,202984,1,29,Self Enquiry,1,7,Salaried,Female,4,6,Basic,4,Single,2,1,2,1,1,Executive,20894
2985,202985,0,37,Company Invited,1,15,Salaried,Female,4,3,Standard,5,Divorced,2,0,3,0,1,Senior Manager,30391
2986,202986,0,39,Self Enquiry,1,7,Salaried,Fe Male,3,4,Standard,3,Unmarried,6,1,2,0,2,Senior Manager,26539
2987,202987,0,45,Company Invited,1,31,Small Business,Male,3,6,Basic,3,Unmarried,4,0,3,0,2,Executive,22386
2988,202988,0,48,Company Invited,3,10,Small Business,Female,3,4,Super Deluxe,3,Married,2,1,5,1,2,AVP,32448
2989,202989,0,31,Self Enquiry,3,34,Small Business,Male,3,4,Deluxe,3,Married,2,0,3,1,1,Manager,23982
2990,202990,0,30,Self Enquiry,3,17,Salaried,Male,3,4,Basic,3,Unmarried,3,0,4,0,1,Executive,21320
2991,202991,1,43,Company Invited,1,26,Small Business,Male,3,3,Basic,3,Married,8,1,3,1,2,Executive,21437
2992,202992,0,44,Company Invited,3,22,Salaried,Male,3,5,Deluxe,3,Divorced,5,0,5,0,2,Manager,25482
2993,202993,0,35,Self Enquiry,1,15,Small Business,Fe Male,4,4,Deluxe,3,Unmarried,5,0,4,1,2,Manager,24820
2994,202994,0,24,Self Enquiry,1,16,Small Business,Male,3,4,Basic,5,Divorced,3,0,3,0,2,Executive,21178
2995,202995,0,40,Self Enquiry,2,10,Salaried,Female,3,3,Deluxe,4,Divorced,2,0,2,1,1,Manager,25067
2996,202996,0,57,Self Enquiry,1,16,Small Business,Male,3,4,Super Deluxe,3,Divorced,2,0,4,0,1,AVP,29781
2997,202997,0,41,Self Enquiry,1,9,Small Business,Female,3,5,Basic,3,Single,2,1,3,1,2,Executive,21020
2998,202998,0,28,Self Enquiry,1,14,Small Business,Fe Male,3,5,Deluxe,5,Unmarried,2,0,3,1,1,Manager,25489
2999,202999,0,30,Self Enquiry,3,17,Small Business,Male,3,4,Basic,4,Married,3,0,2,0,2,Executive,20975
3000,203000,0,54,Self Enquiry,1,13,Salaried,Male,3,4,Deluxe,3,Single,4,0,5,1,1,Manager,21128
3001,203001,0,36,Company Invited,1,9,Salaried,Female,4,4,Deluxe,5,Married,4,0,4,0,1,Manager,23771
3002,203002,0,33,Company Invited,1,31,Salaried,Male,4,4,Deluxe,3,Divorced,3,0,4,1,1,Manager,23987
3003,203003,0,39,Self Enquiry,1,9,Small Business,Male,4,4,Basic,3,Divorced,8,1,4,0,1,Executive,21735
3004,203004,0,35,Self Enquiry,1,15,Salaried,Female,3,4,Deluxe,5,Married,5,0,5,1,1,Manager,23799
3006,203006,1,34,Self Enquiry,1,7,Salaried,Male,4,4,Basic,3,Unmarried,3,1,3,1,1,Executive,21364
3007,203007,0,26,Self Enquiry,3,33,Small Business,Fe Male,3,4,Deluxe,3,Unmarried,3,0,4,0,1,Manager,24858
3008,203008,0,46,Self Enquiry,3,9,Large Business,Male,3,6,Deluxe,3,Unmarried,2,0,5,0,1,Manager,25310
3009,203009,0,24,Self Enquiry,1,17,Small Business,Male,4,3,Basic,3,Unmarried,3,0,2,1,2,Executive,22183
3010,203010,1,48,Company Invited,3,34,Salaried,Fe Male,4,2,Deluxe,3,Unmarried,6,1,4,1,3,Manager,25075
3011,203011,0,35,Self Enquiry,3,9,Salaried,Male,3,4,Deluxe,3,Unmarried,3,0,5,0,1,Manager,24952
3013,203013,0,37,Company Invited,3,15,Salaried,Male,4,5,Standard,5,Unmarried,3,0,2,0,3,Senior Manager,26265
3014,203014,0,53,Company Invited,1,26,Small Business,Male,3,4,Basic,3,Divorced,2,0,3,1,1,Executive,22936
3015,203015,0,27,Company Invited,1,7,Salaried,Female,4,6,Basic,3,Married,5,0,4,1,3,Executive,23042
3016,203016,0,30,Self Enquiry,1,34,Small Business,Female,4,4,Deluxe,3,Divorced,6,0,2,1,1,Manager,23013
3017,203017,1,27,Self Enquiry,3,15,Large Business,Male,3,5,Deluxe,5,Unmarried,8,0,3,1,2,Manager,24004
3018,203018,0,35,Self Enquiry,1,7,Salaried,Female,4,2,Basic,3,Unmarried,4,0,2,0,1,Executive,21958
3019,203019,0,55,Self Enquiry,1,26,Small Business,Female,4,4,Deluxe,5,Married,2,1,3,0,1,Manager,24163
3020,203020,0,28,Company Invited,3,6,Small Business,Male,3,4,Deluxe,3,Divorced,2,0,3,0,2,Manager,23020
3021,203021,0,38,Self Enquiry,1,17,Salaried,Female,3,4,Basic,5,Married,2,1,3,1,2,Executive,21460
3022,203022,0,39,Company Invited,1,9,Salaried,Fe Male,4,2,Deluxe,5,Unmarried,8,1,2,1,3,Manager,24658
3023,203023,0,35,Self Enquiry,1,9,Small Business,Female,3,5,Basic,5,Unmarried,3,0,2,1,2,Executive,23059
3024,203024,0,36,Self Enquiry,3,15,Salaried,Female,4,4,Basic,3,Divorced,3,0,3,0,1,Executive,21250
3025,203025,0,31,Self Enquiry,1,7,Salaried,Male,3,6,Basic,3,Divorced,5,0,4,1,1,Executive,22511
3026,203026,0,41,Company Invited,1,9,Small Business,Female,3,2,Deluxe,4,Divorced,3,0,3,0,2,Manager,22922
3027,203027,0,35,Self Enquiry,3,15,Salaried,Female,4,4,Deluxe,5,Divorced,7,0,2,1,1,Manager,25178
3029,203029,1,24,Self Enquiry,1,13,Salaried,Male,4,2,Basic,5,Divorced,3,1,3,1,3,Executive,20279
3030,203030,0,25,Company Invited,1,16,Salaried,Male,3,5,Basic,4,Married,3,0,5,1,1,Executive,21372
3031,203031,0,53,Self Enquiry,1,18,Salaried,Female,3,4,Deluxe,3,Divorced,2,0,2,1,2,Manager,21827
3033,203033,1,30,Self Enquiry,1,7,Salaried,Female,3,5,Basic,5,Divorced,3,1,2,0,1,Executive,20997
3034,203034,0,34,Self Enquiry,1,14,Small Business,Male,3,4,Standard,3,Divorced,2,0,4,0,1,Senior Manager,30369
3035,203035,1,34,Self Enquiry,3,23,Small Business,Fe Male,4,4,Deluxe,5,Unmarried,7,0,3,1,1,Manager,24002
3037,203037,0,37,Self Enquiry,1,7,Salaried,Female,3,4,Deluxe,4,Divorced,2,0,5,0,1,Manager,23906
3038,203038,0,30,Self Enquiry,1,30,Salaried,Male,3,2,Basic,3,Divorced,3,0,2,1,2,Executive,21378
3040,203040,0,36,Self Enquiry,1,7,Salaried,Female,3,2,Basic,3,Single,5,0,3,0,1,Executive,21184
3041,203041,0,43,Self Enquiry,1,7,Salaried,Female,3,5,Deluxe,3,Divorced,2,1,3,0,2,Manager,24740
3042,203042,1,29,Self Enquiry,1,9,Small Business,Male,3,4,Basic,3,Unmarried,8,0,3,0,1,Executive,23060
3043,203043,0,37,Self Enquiry,2,20,Salaried,Male,3,4,Basic,4,Divorced,6,0,3,1,1,Executive,20821
3044,203044,0,33,Self Enquiry,1,11,Salaried,Female,4,5,Deluxe,3,Divorced,3,0,4,1,1,Manager,24840
3045,203045,0,41,Company Invited,1,23,Small Business,Male,3,5,Deluxe,3,Unmarried,8,0,5,1,2,Manager,23772
3046,203046,0,31,Self Enquiry,1,9,Small Business,Fe Male,3,5,Deluxe,3,Unmarried,7,1,2,1,2,Manager,25555
3047,203047,0,46,Self Enquiry,1,9,Salaried,Female,4,5,Basic,3,Single,3,0,3,1,2,Executive,20952
3048,203048,0,43,Self Enquiry,1,36,Salaried,Male,4,4,Deluxe,4,Divorced,3,0,3,1,2,Manager,23112
3049,203049,0,39,Company Invited,1,19,Salaried,Male,3,5,Deluxe,5,Married,4,0,5,1,1,Manager,24966
3050,203050,0,35,Company Invited,1,23,Salaried,Female,4,5,Basic,3,Single,3,0,5,1,2,Executive,21231
3051,203051,1,50,Self Enquiry,3,18,Small Business,Female,3,4,Standard,3,Divorced,3,0,4,0,2,Senior Manager,26332
3052,203052,1,56,Self Enquiry,3,9,Small Business,Male,3,4,Deluxe,3,Unmarried,6,0,2,0,2,Manager,23838
3054,203054,0,28,Self Enquiry,1,12,Large Business,Male,3,5,Standard,3,Married,3,1,3,0,1,Senior Manager,31486
3055,203055,0,36,Self Enquiry,1,14,Salaried,Male,3,4,Standard,3,Single,5,0,3,0,1,Senior Manager,28899
3056,203056,0,29,Self Enquiry,3,9,Small Business,Female,3,4,Deluxe,4,Divorced,3,1,3,1,1,Manager,23457
3057,203057,0,35,Self Enquiry,2,10,Salaried,Male,3,4,Basic,3,Divorced,2,0,2,1,2,Executive,22415
3058,203058,1,27,Company Invited,1,12,Small Business,Female,3,5,Basic,3,Divorced,3,1,2,0,2,Executive,21044
3059,203059,0,28,Company Invited,1,10,Small Business,Male,3,4,Basic,3,Divorced,3,0,2,1,1,Executive,20384
3061,203061,0,45,Self Enquiry,1,11,Small Business,Male,3,4,Deluxe,4,Unmarried,2,0,2,1,1,Manager,24611
3062,203062,0,26,Self Enquiry,1,9,Small Business,Male,4,2,Basic,5,Unmarried,2,0,2,1,3,Executive,22102
3063,203063,0,34,Self Enquiry,3,7,Small Business,Male,3,2,Deluxe,5,Married,3,0,4,0,1,Manager,22715
3064,203064,0,36,Self Enquiry,1,34,Small Business,Female,3,5,Basic,5,Single,3,0,4,1,2,Executive,21237
3065,203065,0,37,Self Enquiry,3,7,Salaried,Male,3,4,Deluxe,3,Divorced,3,1,3,1,2,Manager,24879
3066,203066,0,33,Self Enquiry,3,20,Salaried,Male,4,4,Deluxe,3,Married,4,0,2,0,1,Manager,23081
3067,203067,0,31,Company Invited,1,12,Salaried,Male,4,5,Basic,3,Married,2,0,5,0,1,Executive,22439
3068,203068,0,54,Self Enquiry,3,14,Small Business,Female,4,5,Standard,3,Divorced,2,1,2,0,1,Senior Manager,29612
3069,203069,0,46,Self Enquiry,3,16,Small Business,Male,4,4,Standard,5,Married,6,1,2,1,1,Senior Manager,29439
3070,203070,0,33,Self Enquiry,1,15,Small Business,Female,4,2,Deluxe,3,Divorced,7,0,3,1,3,Manager,23853
3071,203071,0,53,Company Invited,1,32,Small Business,Female,3,5,Super Deluxe,3,Divorced,5,0,5,0,2,AVP,32504
3072,203072,0,38,Self Enquiry,3,23,Small Business,Male,4,5,Deluxe,3,Married,6,0,5,1,3,Manager,25012
3073,203073,0,29,Self Enquiry,2,15,Small Business,Male,4,5,Basic,3,Married,3,0,2,0,2,Executive,23614
3074,203074,0,23,Self Enquiry,1,7,Salaried,Male,3,5,Deluxe,3,Divorced,8,0,2,1,1,Manager,23453
3075,203075,0,45,Self Enquiry,1,15,Salaried,Male,4,2,Basic,3,Divorced,4,1,3,1,3,Executive,21496
3076,203076,0,43,Company Invited,1,9,Small Business,Male,3,4,Basic,3,Single,7,1,2,0,2,Executive,21193
3077,203077,0,37,Self Enquiry,2,15,Salaried,Male,4,5,Basic,5,Divorced,2,0,2,1,3,Executive,21020
3078,203078,0,26,Self Enquiry,3,10,Salaried,Male,4,4,Deluxe,5,Divorced,3,1,4,1,1,Manager,22872
3079,203079,0,36,Self Enquiry,1,16,Salaried,Female,4,5,Standard,3,Divorced,3,1,4,1,2,Senior Manager,29363
3080,203080,1,36,Company Invited,1,32,Salaried,Female,4,4,Basic,4,Married,3,1,3,0,1,Executive,20700
3081,203081,0,33,Company Invited,1,7,Salaried,Male,4,4,Basic,3,Married,2,0,5,0,1,Executive,20992
3082,203082,0,26,Self Enquiry,3,11,Small Business,Male,3,5,Deluxe,5,Divorced,3,0,3,1,2,Manager,22934
3083,203083,0,50,Self Enquiry,1,7,Large Business,Female,3,4,Basic,5,Divorced,4,0,4,1,1,Executive,22258
3084,203084,0,25,Company Invited,1,11,Salaried,Male,3,5,Basic,3,Divorced,2,0,3,0,1,Executive,21840
3085,203085,0,33,Company Invited,3,12,Salaried,Male,3,4,Deluxe,4,Divorced,3,0,3,1,2,Manager,25202
3086,203086,0,39,Self Enquiry,3,16,Small Business,Male,4,5,Basic,4,Divorced,2,0,4,0,1,Executive,21577
3087,203087,0,43,Self Enquiry,1,10,Salaried,Female,4,2,Deluxe,3,Divorced,4,1,5,0,1,Manager,23909
3088,203088,0,32,Self Enquiry,1,18,Salaried,Male,3,4,Basic,3,Divorced,5,1,3,1,2,Executive,21034
3089,203089,1,30,Self Enquiry,3,7,Small Business,Female,3,5,Basic,3,Married,8,1,2,0,2,Executive,21478
3090,203090,0,54,Self Enquiry,3,15,Small Business,Male,4,4,Super Deluxe,3,Divorced,7,0,3,0,3,AVP,30514
3091,203091,0,36,Self Enquiry,1,32,Large Business,Male,4,5,Standard,4,Divorced,5,0,3,1,2,Senior Manager,29581
3092,203092,0,38,Company Invited,3,28,Small Business,Female,3,4,Basic,3,Divorced,7,0,2,1,2,Executive,21651
3093,203093,0,54,Self Enquiry,1,30,Salaried,Female,4,4,Super Deluxe,3,Single,8,0,5,1,2,AVP,32953
3094,203094,0,44,Company Invited,1,7,Salaried,Female,3,4,Deluxe,3,Divorced,6,0,2,1,2,Manager,24240
3095,203095,0,48,Self Enquiry,3,9,Small Business,Female,3,4,Deluxe,3,Divorced,2,1,2,1,1,Manager,23215
3096,203096,0,38,Company Invited,3,26,Small Business,Male,3,4,Standard,4,Unmarried,3,1,5,0,1,Senior Manager,26320
3098,203098,0,40,Self Enquiry,2,9,Salaried,Female,3,5,Deluxe,3,Divorced,2,0,3,0,1,Manager,23882
3099,203099,0,34,Self Enquiry,2,10,Salaried,Male,3,4,Basic,4,Married,5,1,5,0,2,Executive,20955
3100,203100,1,33,Self Enquiry,1,32,Salaried,Male,3,4,Basic,3,Unmarried,3,1,5,1,1,Executive,21473
3101,203101,0,30,Self Enquiry,1,14,Small Business,Female,4,5,Basic,3,Married,8,0,5,1,1,Executive,21210
3102,203102,0,45,Self Enquiry,1,16,Salaried,Male,4,4,Basic,5,Divorced,3,1,3,1,1,Executive,21237
3103,203103,0,29,Self Enquiry,3,12,Small Business,Male,4,4,Deluxe,3,Unmarried,3,0,3,1,1,Manager,23586
3104,203104,1,59,Company Invited,1,9,Salaried,Male,3,5,Basic,3,Married,2,1,2,0,1,Executive,21058
3105,203105,0,44,Self Enquiry,1,15,Salaried,Female,3,4,Deluxe,4,Married,6,0,3,1,1,Manager,23443
3106,203106,1,21,Self Enquiry,3,9,Small Business,Female,3,5,Basic,3,Single,3,0,4,0,2,Executive,20722
3107,203107,1,22,Self Enquiry,1,25,Salaried,Female,4,4,Basic,3,Unmarried,3,0,3,1,2,Executive,21371
3108,203108,0,37,Self Enquiry,1,21,Salaried,Male,4,4,Deluxe,3,Divorced,2,1,5,1,3,Manager,25264
3109,203109,0,48,Self Enquiry,3,9,Salaried,Female,4,5,Basic,3,Unmarried,3,1,2,1,1,Executive,21972
3110,203110,1,23,Self Enquiry,1,10,Salaried,Female,3,4,Deluxe,3,Divorced,2,1,5,1,2,Manager,22849
3111,203111,1,42,Self Enquiry,1,9,Salaried,Female,3,6,Basic,3,Married,6,1,3,0,1,Executive,21456
3112,203112,0,29,Self Enquiry,1,16,Small Business,Female,4,4,Basic,3,Married,7,0,3,1,2,Executive,21055
3113,203113,1,40,Self Enquiry,1,13,Small Business,Male,4,4,Basic,5,Divorced,2,1,2,1,2,Executive,21082
3114,203114,0,28,Self Enquiry,1,11,Salaried,Female,4,4,Basic,3,Single,3,0,2,1,2,Executive,20996
3115,203115,0,35,Self Enquiry,1,17,Salaried,Male,3,4,Basic,4,Married,3,0,2,1,1,Executive,20686
3116,203116,0,43,Self Enquiry,3,21,Small Business,Fe Male,4,5,Deluxe,3,Unmarried,2,0,3,0,1,Manager,24922
3117,203117,0,34,Self Enquiry,1,7,Salaried,Male,4,5,Basic,5,Unmarried,5,1,4,0,1,Executive,21477
3118,203118,0,59,Self Enquiry,1,12,Large Business,Female,3,5,Standard,4,Married,4,1,5,1,2,Senior Manager,29230
3119,203119,0,32,Self Enquiry,3,14,Salaried,Male,3,5,Basic,3,Divorced,5,0,4,1,2,Executive,21007
3120,203120,0,36,Self Enquiry,1,28,Salaried,Female,3,4,Deluxe,3,Divorced,3,1,3,0,2,Manager,22692
3121,203121,0,50,Self Enquiry,1,15,Salaried,Female,3,4,Standard,4,Divorced,6,0,4,0,1,Senior Manager,26081
3122,203122,0,49,Self Enquiry,1,27,Small Business,Male,3,4,Basic,3,Divorced,6,0,2,0,1,Executive,20937
3123,203123,0,32,Company Invited,3,27,Small Business,Female,3,4,Deluxe,3,Divorced,3,0,2,1,1,Manager,25610
3124,203124,0,37,Self Enquiry,1,14,Salaried,Male,4,4,Basic,3,Unmarried,4,0,3,0,3,Executive,23356
3125,203125,0,39,Self Enquiry,1,7,Large Business,Female,4,4,Standard,5,Divorced,3,0,4,1,3,Senior Manager,32260
3126,203126,0,33,Company Invited,1,7,Salaried,Female,4,5,Basic,4,Divorced,8,0,3,1,1,Executive,21010
3127,203127,1,26,Self Enquiry,3,26,Small Business,Male,3,5,Basic,4,Divorced,3,1,2,0,1,Executive,21091
3128,203128,0,41,Self Enquiry,3,17,Small Business,Male,4,5,Standard,4,Married,4,0,4,1,2,Senior Manager,28383
3129,203129,0,27,Company Invited,3,7,Small Business,Male,3,5,Deluxe,5,Unmarried,3,0,3,1,2,Manager,22972
3130,203130,0,42,Self Enquiry,1,13,Small Business,Male,3,4,Basic,5,Unmarried,4,1,4,1,1,Executive,23399
3131,203131,0,37,Self Enquiry,1,9,Small Business,Male,4,4,Basic,3,Single,6,0,5,1,1,Executive,21197
3132,203132,1,20,Self Enquiry,3,28,Salaried,Male,3,5,Basic,4,Single,3,1,2,0,2,Executive,20799
3133,203133,1,21,Self Enquiry,1,11,Large Business,Male,3,4,Basic,5,Unmarried,3,0,3,1,2,Executive,21651
3134,203134,0,32,Self Enquiry,1,19,Small Business,Female,3,4,Deluxe,3,Divorced,2,1,4,0,2,Manager,24533
3135,203135,0,41,Company Invited,1,16,Small Business,Male,3,4,Basic,4,Married,2,1,4,0,2,Executive,22295
3136,203136,0,33,Self Enquiry,1,10,Small Business,Female,4,4,Deluxe,5,Divorced,3,0,2,1,2,Manager,25403
3137,203137,1,37,Self Enquiry,3,10,Salaried,Male,3,5,Standard,3,Divorced,3,1,2,1,1,Senior Manager,29003
3138,203138,0,34,Self Enquiry,1,7,Salaried,Fe Male,3,5,Deluxe,3,Unmarried,2,0,4,0,1,Manager,25627
3139,203139,1,38,Self Enquiry,3,7,Salaried,Male,3,5,Standard,3,Divorced,7,0,2,1,2,Senior Manager,29287
3140,203140,0,46,Company Invited,1,11,Salaried,Male,3,4,Deluxe,4,Divorced,3,0,4,1,2,Manager,23125
3141,203141,0,30,Company Invited,3,27,Large Business,Female,3,4,Basic,3,Divorced,3,0,3,0,2,Executive,20835
3142,203142,0,36,Self Enquiry,3,25,Small Business,Female,3,4,Deluxe,3,Divorced,3,0,4,1,1,Manager,23279
3144,203144,1,59,Self Enquiry,1,9,Large Business,Male,3,4,Basic,3,Single,6,0,2,1,2,Executive,21157
3145,203145,0,54,Self Enquiry,3,9,Small Business,Male,3,4,Super Deluxe,3,Married,8,0,3,1,1,AVP,33530
3146,203146,0,31,Self Enquiry,3,15,Salaried,Male,4,4,Standard,3,Married,7,0,3,1,1,Senior Manager,25942
3147,203147,0,39,Company Invited,3,17,Large Business,Fe Male,3,4,Deluxe,3,Unmarried,3,1,3,0,2,Manager,24344
3148,203148,0,36,Self Enquiry,3,10,Salaried,Male,4,4,Standard,3,Married,8,0,5,0,2,Senior Manager,26501
3149,203149,0,40,Self Enquiry,3,9,Salaried,Male,3,2,Standard,3,Unmarried,2,0,2,1,2,Senior Manager,26558
3150,203150,1,41,Company Invited,3,31,Salaried,Female,4,2,Super Deluxe,4,Single,6,1,3,1,3,AVP,31872
3151,203151,0,48,Company Invited,1,23,Small Business,Male,4,2,Deluxe,3,Married,3,1,2,0,1,Manager,23745
3152,203152,0,37,Company Invited,3,15,Large Business,Male,3,4,Deluxe,3,Married,6,0,3,1,1,Manager,23757
3153,203153,1,32,Company Invited,1,16,Small Business,Male,3,5,Basic,5,Single,2,1,3,1,1,Executive,20999
3155,203155,1,30,Self Enquiry,1,17,Salaried,Female,4,5,Basic,5,Single,8,1,5,1,2,Executive,21082
3156,203156,0,34,Self Enquiry,1,20,Salaried,Female,3,4,Basic,3,Unmarried,5,0,3,1,1,Executive,22130
3157,203157,0,46,Self Enquiry,1,7,Small Business,Female,4,4,Basic,3,Married,5,0,5,0,2,Executive,20948
3159,203159,0,34,Company Invited,1,7,Salaried,Female,3,2,Deluxe,4,Divorced,3,1,3,0,2,Manager,24166
3161,203161,0,28,Self Enquiry,1,23,Large Business,Female,3,4,Basic,4,Divorced,2,0,2,1,1,Executive,21489
3162,203162,0,46,Company Invited,1,30,Salaried,Male,3,4,Deluxe,5,Divorced,3,1,2,1,1,Manager,22311
3163,203163,0,48,Self Enquiry,3,11,Salaried,Female,3,4,Deluxe,3,Unmarried,3,1,3,1,2,Manager,22841
3164,203164,1,31,Self Enquiry,1,29,Salaried,Female,3,4,Basic,3,Divorced,6,1,2,0,2,Executive,20810
3165,203165,0,51,Self Enquiry,1,31,Salaried,Male,4,4,Super Deluxe,3,Divorced,5,1,4,0,1,AVP,32651
3166,203166,0,39,Company Invited,1,17,Small Business,Male,4,4,Basic,3,Divorced,2,0,5,0,3,Executive,21362
3167,203167,0,47,Self Enquiry,1,14,Small Business,Male,4,4,Standard,3,Married,8,0,2,0,3,Senior Manager,29523
3168,203168,0,25,Self Enquiry,1,24,Small Business,Female,3,5,Deluxe,3,Married,3,0,3,1,2,Manager,23055
3169,203169,1,36,Self Enquiry,1,21,Salaried,Male,3,5,Basic,4,Married,3,1,5,1,2,Executive,22421
3170,203170,0,32,Company Invited,1,7,Salaried,Female,4,4,Deluxe,5,Divorced,3,0,5,1,3,Manager,22826
3172,203172,0,55,Self Enquiry,1,24,Large Business,Female,3,4,Standard,3,Divorced,2,0,5,1,1,Senior Manager,29417
3173,203173,0,36,Self Enquiry,1,32,Small Business,Female,3,4,Standard,3,Married,3,1,3,1,2,Senior Manager,29066
3174,203174,0,31,Self Enquiry,1,15,Salaried,Female,4,2,Standard,5,Divorced,2,1,2,0,3,Senior Manager,30094
3175,203175,1,21,Self Enquiry,1,18,Small Business,Female,4,5,Basic,5,Unmarried,3,1,3,0,2,Executive,21278
3176,203176,1,31,Company Invited,1,12,Small Business,Female,3,4,Basic,4,Single,2,0,3,0,1,Executive,21100
3177,203177,0,27,Self Enquiry,1,9,Small Business,Male,3,2,Deluxe,3,Divorced,3,0,3,1,2,Manager,24150
3178,203178,0,23,Self Enquiry,1,15,Salaried,Male,4,6,Basic,5,Divorced,3,0,2,1,1,Executive,21129
3179,203179,0,49,Self Enquiry,1,13,Salaried,Male,4,5,Deluxe,3,Unmarried,4,0,2,0,1,Manager,22918
3180,203180,0,49,Self Enquiry,1,11,Salaried,Male,4,5,Standard,3,Single,2,0,5,1,2,Senior Manager,29677
3181,203181,0,42,Self Enquiry,1,14,Small Business,Fe Male,3,4,Deluxe,3,Unmarried,8,0,3,1,1,Manager,23681
3182,203182,0,40,Self Enquiry,1,7,Salaried,Female,4,5,Super Deluxe,3,Divorced,3,0,3,0,2,AVP,31420
3183,203183,0,28,Self Enquiry,1,9,Salaried,Female,3,4,Deluxe,3,Divorced,2,0,5,0,2,Manager,22905
3184,203184,0,36,Self Enquiry,1,17,Salaried,Male,3,4,Basic,3,Married,3,0,5,1,1,Executive,22595
3186,203186,0,51,Self Enquiry,1,16,Salaried,Male,4,4,Basic,3,Divorced,6,0,5,1,1,Executive,21058
3187,203187,0,60,Self Enquiry,1,9,Salaried,Female,4,5,Super Deluxe,3,Single,5,1,5,0,3,AVP,32404
3188,203188,1,38,Self Enquiry,1,18,Small Business,Female,4,6,Deluxe,4,Divorced,7,0,4,1,1,Manager,23455
3189,203189,0,56,Company Invited,1,25,Small Business,Male,4,4,Deluxe,4,Divorced,5,1,5,1,3,Manager,25063
3191,203191,0,39,Self Enquiry,3,10,Salaried,Male,3,4,Deluxe,3,Unmarried,2,1,3,1,2,Manager,25539
3192,203192,1,27,Company Invited,3,36,Small Business,Male,4,6,Deluxe,5,Unmarried,2,0,3,0,1,Manager,23647
3194,203194,0,45,Self Enquiry,3,35,Small Business,Female,3,2,Super Deluxe,3,Divorced,5,1,2,1,2,AVP,31998
3195,203195,0,51,Company Invited,3,7,Salaried,Female,4,4,Deluxe,3,Divorced,2,0,2,1,2,Manager,25025
3196,203196,1,37,Self Enquiry,1,23,Salaried,Female,3,2,Basic,5,Unmarried,3,0,2,1,1,Executive,21421
3197,203197,0,40,Company Invited,1,29,Small Business,Female,3,4,Standard,5,Single,3,1,5,1,1,Senior Manager,29558
3198,203198,0,34,Company Invited,3,15,Salaried,Female,3,5,Basic,3,Single,2,0,2,1,2,Executive,21020
3200,203200,0,33,Company Invited,1,36,Small Business,Female,4,4,Basic,3,Unmarried,2,0,3,1,1,Executive,22703
3201,203201,0,35,Self Enquiry,3,7,Small Business,Male,4,2,Deluxe,3,Married,2,0,5,1,3,Manager,28403
3202,203202,0,60,Self Enquiry,3,7,Large Business,Male,4,4,Standard,3,Divorced,5,1,2,0,2,Senior Manager,30582
3203,203203,0,46,Self Enquiry,2,31,Small Business,Male,3,4,Basic,4,Single,3,0,4,0,1,Executive,20855
3204,203204,0,54,Company Invited,3,9,Small Business,Female,3,5,Standard,4,Divorced,4,0,2,0,2,Senior Manager,26203
3205,203205,1,37,Self Enquiry,1,22,Salaried,Male,3,4,Deluxe,3,Married,2,0,4,0,1,Manager,23512
3206,203206,1,27,Company Invited,1,9,Salaried,Male,3,4,Basic,5,Divorced,8,1,5,1,1,Executive,20720
3207,203207,0,35,Self Enquiry,3,17,Salaried,Female,3,4,Basic,3,Divorced,3,1,2,0,2,Executive,20898
3209,203209,0,39,Company Invited,1,10,Salaried,Male,3,4,Basic,3,Divorced,5,0,3,1,2,Executive,21499
3211,203211,0,38,Self Enquiry,1,10,Salaried,Female,3,4,Deluxe,4,Unmarried,5,0,4,1,1,Manager,22785
3212,203212,0,41,Self Enquiry,3,33,Small Business,Male,4,4,Deluxe,5,Divorced,3,0,2,1,2,Manager,27074
3213,203213,0,27,Company Invited,1,7,Small Business,Female,4,5,Basic,3,Married,3,0,2,1,1,Executive,20685
3215,203215,0,55,Self Enquiry,3,9,Salaried,Female,3,5,Standard,3,Divorced,8,0,5,1,1,Senior Manager,29364
3216,203216,0,57,Company Invited,1,16,Small Business,Female,4,4,Basic,3,Divorced,4,0,2,0,1,Executive,21620
3217,203217,0,37,Self Enquiry,1,19,Small Business,Fe Male,3,5,Standard,3,Unmarried,2,0,2,1,1,Senior Manager,27536
3219,203219,0,44,Self Enquiry,3,32,Small Business,Male,4,5,Standard,3,Married,7,0,4,1,2,Senior Manager,29476
3220,203220,1,21,Company Invited,3,16,Small Business,Female,3,4,Basic,3,Single,3,1,4,0,1,Executive,21001
3221,203221,1,22,Self Enquiry,1,17,Salaried,Female,3,5,Basic,5,Single,3,0,3,1,1,Executive,20094
3222,203222,0,47,Self Enquiry,1,15,Salaried,Female,4,5,Deluxe,5,Married,2,1,2,1,3,Manager,23293
3223,203223,1,52,Self Enquiry,1,11,Salaried,Male,3,4,Basic,3,Divorced,2,1,2,1,2,Executive,21139
3224,203224,1,29,Company Invited,1,31,Large Business,Male,4,5,Standard,5,Unmarried,3,0,2,0,1,Senior Manager,27400
3225,203225,0,27,Self Enquiry,1,7,Small Business,Male,3,5,Basic,5,Divorced,3,0,3,0,2,Executive,22633
3226,203226,0,31,Self Enquiry,1,27,Salaried,Male,3,4,Deluxe,5,Divorced,2,0,4,1,1,Manager,28635
3227,203227,0,42,Self Enquiry,1,14,Large Business,Female,3,2,Basic,3,Divorced,3,0,3,1,2,Executive,22054
3228,203228,0,39,Self Enquiry,1,24,Salaried,Female,4,5,Standard,3,Divorced,2,0,2,0,3,Senior Manager,27501
3229,203229,0,41,Self Enquiry,1,27,Large Business,Male,4,4,Standard,3,Divorced,6,0,3,1,2,Senior Manager,29000
3230,203230,0,28,Company Invited,1,15,Salaried,Male,3,6,Basic,3,Divorced,3,0,2,1,2,Executive,23299
3231,203231,0,56,Company Invited,1,9,Salaried,Male,4,4,Standard,4,Divorced,5,0,2,1,2,Senior Manager,29654
3232,203232,0,29,Self Enquiry,1,17,Salaried,Female,3,4,Deluxe,3,Unmarried,5,0,4,1,2,Manager,22338
3233,203233,1,45,Self Enquiry,2,7,Small Business,Male,4,5,Standard,5,Divorced,2,0,4,1,1,Senior Manager,29160
3234,203234,0,34,Self Enquiry,1,12,Salaried,Male,3,5,Standard,3,Married,6,0,3,0,1,Senior Manager,25797
3235,203235,1,36,Self Enquiry,3,11,Large Business,Male,3,4,Standard,5,Unmarried,2,1,4,1,2,Senior Manager,28260
3236,203236,1,34,Company Invited,1,36,Small Business,Female,3,5,Deluxe,3,Unmarried,3,0,5,1,1,Manager,23186
3237,203237,0,29,Self Enquiry,1,22,Salaried,Male,3,4,Basic,3,Married,3,0,4,1,2,Executive,20885
3238,203238,0,35,Company Invited,1,10,Salaried,Male,3,4,Deluxe,3,Unmarried,2,0,2,1,1,Manager,26434
3239,203239,0,38,Self Enquiry,3,17,Salaried,Female,3,5,Deluxe,3,Married,4,1,4,0,1,Manager,25372
3240,203240,1,26,Self Enquiry,1,11,Large Business,Male,3,4,Basic,3,Divorced,3,1,3,1,1,Executive,22369
3241,203241,1,27,Self Enquiry,1,28,Small Business,Male,3,4,Basic,3,Married,3,0,5,1,2,Executive,21055
3242,203242,1,34,Self Enquiry,1,32,Small Business,Male,3,5,Basic,4,Single,6,1,4,0,1,Executive,20991
3244,203244,1,29,Company Invited,1,7,Small Business,Male,3,5,Basic,4,Married,3,0,4,0,1,Executive,21274
3245,203245,1,51,Company Invited,3,7,Salaried,Male,3,4,Deluxe,3,Unmarried,5,1,2,0,1,Manager,23406
3246,203246,0,34,Company Invited,3,14,Salaried,Female,2,4,Deluxe,4,Divorced,2,0,4,1,1,Manager,22980
3247,203247,0,35,Company Invited,1,10,Salaried,Male,3,5,Basic,3,Divorced,5,0,2,1,1,Executive,21657
3248,203248,0,49,Company Invited,1,7,Small Business,Male,3,2,Super Deluxe,3,Single,4,0,2,0,1,AVP,35563
3249,203249,0,46,Company Invited,3,16,Salaried,Female,4,5,Deluxe,3,Divorced,3,0,3,0,1,Manager,24271
3250,203250,0,53,Self Enquiry,1,14,Salaried,Male,3,4,Standard,4,Single,2,0,3,1,2,Senior Manager,29123
3251,203251,0,39,Self Enquiry,3,17,Small Business,Male,4,5,Standard,3,Married,2,1,3,1,1,Senior Manager,27418
3252,203252,0,30,Self Enquiry,1,35,Salaried,Female,4,4,Basic,3,Married,6,0,5,0,2,Executive,21192
3253,203253,0,29,Self Enquiry,1,10,Small Business,Female,4,4,Standard,4,Married,2,0,4,0,1,Senior Manager,26333
3255,203255,0,39,Self Enquiry,3,9,Small Business,Male,3,4,Standard,4,Unmarried,2,0,4,1,1,Senior Manager,26029
3256,203256,0,44,Company Invited,1,34,Salaried,Female,3,4,Standard,5,Divorced,2,0,4,0,1,Senior Manager,29498
3257,203257,1,40,Company Invited,1,9,Salaried,Male,3,4,Super Deluxe,3,Married,2,0,3,1,1,AVP,30847
3258,203258,0,41,Self Enquiry,1,21,Small Business,Male,3,5,King,3,Single,3,0,3,1,2,VP,38304
3259,203259,0,22,Self Enquiry,1,7,Large Business,Female,4,5,Basic,4,Single,3,1,5,0,3,Executive,20748
3260,203260,0,40,Company Invited,1,16,Salaried,Male,4,4,Deluxe,4,Unmarried,22,0,2,1,1,Manager,25460
3261,203261,0,37,Company Invited,1,25,Salaried,Male,4,4,Deluxe,3,Unmarried,4,0,3,1,1,Manager,26457
3262,203262,0,32,Company Invited,3,27,Salaried,Male,4,2,Basic,3,Divorced,2,0,5,1,2,Executive,21469
3263,203263,0,29,Self Enquiry,1,9,Salaried,Male,4,5,Basic,4,Divorced,2,0,2,0,3,Executive,21879
3264,203264,0,36,Company Invited,3,18,Small Business,Male,3,4,Deluxe,3,Married,3,0,5,0,1,Manager,23646
3265,203265,0,50,Self Enquiry,3,15,Large Business,Male,3,5,Super Deluxe,4,Divorced,8,0,4,1,1,AVP,31798
3266,203266,0,35,Company Invited,1,9,Salaried,Male,4,4,Deluxe,3,Unmarried,4,0,4,1,3,Manager,22711
3267,203267,0,30,Company Invited,1,17,Salaried,Female,4,4,Basic,4,Married,2,0,5,1,1,Executive,21969
3268,203268,0,43,Self Enquiry,1,36,Small Business,Male,3,6,Deluxe,3,Unmarried,6,0,3,1,1,Manager,22950
3269,203269,0,30,Self Enquiry,1,15,Small Business,Male,4,5,Deluxe,3,Divorced,3,1,3,0,1,Manager,23734
3270,203270,0,39,Self Enquiry,2,7,Salaried,Male,3,2,Basic,3,Divorced,3,0,4,1,1,Executive,21522
3271,203271,0,29,Company Invited,1,13,Salaried,Male,3,5,Basic,3,Married,3,1,4,1,1,Executive,21381
3272,203272,1,19,Company Invited,1,15,Small Business,Male,4,4,Basic,3,Single,3,0,5,0,1,Executive,20582
3273,203273,1,34,Self Enquiry,3,16,Small Business,Fe Male,4,4,Deluxe,5,Unmarried,2,1,3,0,2,Manager,26902
3274,203274,0,42,Self Enquiry,1,19,Salaried,Male,3,4,Basic,3,Divorced,5,1,3,1,1,Executive,23444
3275,203275,1,32,Company Invited,1,22,Small Business,Male,4,4,Basic,3,Divorced,3,0,4,1,3,Executive,21288
3276,203276,0,38,Self Enquiry,1,32,Small Business,Female,3,5,Deluxe,3,Married,2,0,3,0,2,Manager,24409
3277,203277,0,28,Self Enquiry,1,13,Salaried,Male,3,5,Basic,3,Divorced,3,0,2,1,2,Executive,21217
3278,203278,0,35,Self Enquiry,3,16,Salaried,Female,4,4,Deluxe,3,Divorced,3,0,2,1,3,Manager,24392
3279,203279,0,36,Self Enquiry,2,15,Large Business,Male,4,4,Basic,3,Unmarried,3,0,5,0,2,Executive,23001
3280,203280,1,30,Self Enquiry,3,30,Salaried,Female,3,5,Standard,5,Divorced,3,0,3,0,1,Senior Manager,26014
3281,203281,0,41,Company Invited,1,16,Small Business,Female,3,4,Standard,3,Single,2,0,4,0,1,Senior Manager,32177
3282,203282,1,43,Company Invited,3,19,Salaried,Male,3,4,Super Deluxe,5,Single,2,1,5,1,2,AVP,32436
3283,203283,0,43,Self Enquiry,3,11,Small Business,Male,3,4,Deluxe,5,Unmarried,2,0,5,1,2,Manager,23833
3284,203284,0,36,Self Enquiry,1,7,Small Business,Male,3,5,Basic,3,Divorced,8,0,2,1,2,Executive,20936
3285,203285,0,25,Self Enquiry,1,31,Small Business,Male,3,4,Basic,4,Unmarried,2,0,5,1,1,Executive,22275
3286,203286,1,29,Self Enquiry,1,19,Salaried,Female,4,4,Basic,3,Divorced,3,1,4,1,1,Executive,21193
3287,203287,0,27,Self Enquiry,1,10,Small Business,Male,3,2,Basic,3,Divorced,3,0,5,1,2,Executive,23098
3288,203288,0,31,Self Enquiry,3,17,Small Business,Male,4,5,Deluxe,3,Divorced,3,0,2,1,1,Manager,25256
3289,203289,0,41,Company Invited,1,33,Small Business,Female,4,5,Deluxe,3,Divorced,5,1,2,1,1,Manager,23100
3290,203290,0,36,Self Enquiry,1,9,Salaried,Male,3,5,Standard,4,Married,4,0,4,1,1,Senior Manager,28952
3291,203291,0,35,Company Invited,1,7,Small Business,Male,4,5,Deluxe,5,Unmarried,2,0,2,1,3,Manager,24021
3292,203292,0,36,Company Invited,1,11,Salaried,Male,3,5,Basic,3,Divorced,3,0,2,1,1,Executive,21054
3293,203293,1,44,Self Enquiry,3,16,Small Business,Fe Male,3,6,Deluxe,3,Unmarried,2,0,2,1,2,Manager,24024
3294,203294,0,33,Company Invited,3,9,Salaried,Female,4,4,Basic,5,Married,3,0,3,0,2,Executive,21505
3296,203296,0,30,Self Enquiry,1,13,Small Business,Female,3,4,Basic,3,Divorced,3,0,3,0,1,Executive,21809
3297,203297,0,20,Self Enquiry,1,16,Salaried,Male,3,4,Basic,5,Single,3,0,3,0,1,Executive,21230
3298,203298,0,46,Self Enquiry,1,14,Small Business,Female,3,4,Basic,3,Divorced,6,1,3,1,1,Executive,23155
3299,203299,0,38,Self Enquiry,1,7,Salaried,Female,3,5,Deluxe,3,Divorced,3,0,2,1,2,Manager,25152
3300,203300,0,21,Self Enquiry,1,10,Salaried,Male,3,5,Basic,3,Unmarried,3,0,3,0,2,Executive,21711
3301,203301,1,45,Self Enquiry,1,17,Salaried,Male,4,4,Basic,3,Unmarried,3,1,3,1,3,Executive,21614
3303,203303,0,30,Self Enquiry,1,22,Salaried,Female,4,6,Basic,3,Divorced,2,1,5,1,1,Executive,20846
3304,203304,1,23,Company Invited,1,10,Salaried,Male,3,5,Basic,3,Divorced,2,1,3,0,1,Executive,21531
3306,203306,0,45,Company Invited,1,24,Salaried,Male,4,6,Basic,3,Single,4,0,4,1,1,Executive,20968
3307,203307,0,34,Self Enquiry,2,9,Salaried,Male,3,4,Basic,3,Divorced,3,0,2,0,1,Executive,22278
3308,203308,1,42,Company Invited,1,12,Salaried,Male,4,5,Basic,5,Married,8,0,3,1,1,Executive,20785
3309,203309,0,31,Self Enquiry,3,36,Salaried,Male,4,4,Deluxe,5,Married,2,0,2,1,2,Manager,22793
3310,203310,0,41,Company Invited,3,9,Small Business,Male,4,4,Deluxe,4,Divorced,7,0,4,1,3,Manager,23005
3312,203312,0,29,Self Enquiry,1,26,Small Business,Male,4,5,Basic,5,Divorced,3,0,3,1,3,Executive,21874
3314,203314,0,36,Self Enquiry,3,24,Salaried,Male,4,4,Deluxe,5,Divorced,5,1,3,1,2,Manager,27644
3315,203315,1,25,Self Enquiry,1,24,Salaried,Female,4,4,Basic,4,Divorced,3,0,2,0,2,Executive,20888
3316,203316,0,34,Company Invited,3,32,Small Business,Female,3,4,Deluxe,3,Divorced,3,0,3,0,2,Manager,23217
3317,203317,0,37,Self Enquiry,1,13,Salaried,Male,3,6,Basic,3,Married,3,0,2,0,1,Executive,21419
3318,203318,0,31,Self Enquiry,1,14,Salaried,Male,3,4,Deluxe,3,Married,3,0,5,1,2,Manager,22169
3319,203319,0,45,Self Enquiry,1,36,Salaried,Male,3,4,Deluxe,3,Unmarried,3,0,5,1,2,Manager,23219
3320,203320,0,21,Self Enquiry,3,28,Small Business,Male,3,2,Basic,3,Unmarried,3,0,3,0,1,Executive,21356
3321,203321,0,47,Self Enquiry,1,9,Large Business,Male,3,4,Deluxe,3,Married,4,0,2,1,1,Manager,26057
3322,203322,0,43,Company Invited,2,9,Small Business,Male,4,2,Deluxe,5,Divorced,2,0,2,0,3,Manager,24950
3323,203323,0,61,Self Enquiry,3,14,Small Business,Male,3,2,Deluxe,3,Married,2,1,5,0,1,Manager,23898
3324,203324,0,33,Company Invited,1,20,Salaried,Female,4,5,Basic,4,Divorced,3,0,5,0,1,Executive,21421
3325,203325,0,33,Company Invited,1,9,Salaried,Fe Male,3,4,Deluxe,3,Unmarried,6,1,5,1,2,Manager,23676
3326,203326,0,37,Self Enquiry,1,7,Large Business,Female,4,6,Standard,5,Married,4,1,2,1,3,Senior Manager,28930
3327,203327,0,34,Self Enquiry,1,16,Small Business,Male,3,4,Basic,3,Divorced,2,0,2,1,1,Executive,21459
3328,203328,0,41,Self Enquiry,3,17,Large Business,Female,3,5,Deluxe,4,Married,2,0,5,1,1,Manager,25530
3329,203329,0,26,Self Enquiry,3,17,Salaried,Male,3,4,Deluxe,3,Unmarried,2,0,2,0,2,Manager,23628
3330,203330,0,31,Self Enquiry,1,7,Small Business,Male,4,4,Basic,4,Divorced,2,1,4,1,3,Executive,22257
3331,203331,0,43,Company Invited,1,33,Small Business,Female,3,4,Standard,5,Divorced,5,1,3,0,2,Senior Manager,31869
3332,203332,0,36,Company Invited,3,15,Small Business,Female,4,5,Standard,3,Divorced,6,1,5,1,3,Senior Manager,29055
3333,203333,0,28,Self Enquiry,1,21,Salaried,Male,3,4,Basic,5,Divorced,3,1,4,1,1,Executive,20913
3334,203334,0,55,Company Invited,1,7,Salaried,Female,3,4,Standard,3,Married,2,0,5,1,2,Senior Manager,29180
3335,203335,0,45,Self Enquiry,1,9,Salaried,Female,4,2,Basic,3,Divorced,3,0,4,1,1,Executive,20689
3336,203336,1,20,Company Invited,1,17,Small Business,Female,4,5,Basic,4,Single,3,1,5,1,2,Executive,20537
3337,203337,0,30,Self Enquiry,1,7,Salaried,Female,4,4,Basic,3,Married,3,0,2,0,3,Executive,22438
3339,203339,0,32,Self Enquiry,1,18,Small Business,Male,4,4,Deluxe,5,Divorced,3,1,2,0,3,Manager,25511
3340,203340,0,32,Self Enquiry,1,31,Small Business,Fe Male,4,5,Deluxe,5,Unmarried,3,0,5,0,3,Manager,25490
3341,203341,0,60,Self Enquiry,3,10,Salaried,Fe Male,3,5,Deluxe,3,Unmarried,7,0,3,0,1,Manager,23849
3344,203344,0,37,Company Invited,1,10,Large Business,Male,3,4,Basic,4,Divorced,3,0,3,1,2,Executive,22370
3345,203345,0,49,Self Enquiry,1,9,Large Business,Male,4,2,Basic,4,Single,7,0,2,0,3,Executive,21237
3346,203346,0,28,Self Enquiry,1,11,Salaried,Male,4,4,Basic,3,Married,3,0,4,1,2,Executive,21195
3347,203347,0,30,Self Enquiry,1,14,Salaried,Male,3,4,Deluxe,3,Married,3,1,3,0,1,Manager,25301
3350,203350,0,35,Self Enquiry,1,27,Large Business,Female,3,2,Basic,3,Divorced,2,0,1,1,1,Executive,21263
3352,203352,0,34,Self Enquiry,3,17,Small Business,Male,3,2,Standard,3,Married,2,1,4,1,2,Senior Manager,27058
3353,203353,0,20,Self Enquiry,1,32,Salaried,Female,3,2,Basic,3,Unmarried,3,1,5,1,1,Executive,21672
3354,203354,0,24,Self Enquiry,1,7,Salaried,Male,3,4,Basic,3,Divorced,3,0,4,0,2,Executive,19901
3356,203356,0,27,Self Enquiry,1,11,Salaried,Male,3,4,Basic,3,Unmarried,3,1,1,0,1,Executive,21553
3358,203358,0,56,Company Invited,1,15,Small Business,Male,3,5,Super Deluxe,4,Married,3,1,3,1,2,AVP,32255
3359,203359,1,22,Company Invited,1,17,Salaried,Female,3,5,Basic,3,Unmarried,3,0,4,1,1,Executive,21303
3361,203361,0,35,Self Enquiry,3,9,Small Business,Female,3,4,Deluxe,5,Unmarried,2,1,3,1,1,Manager,23216
3363,203363,0,60,Self Enquiry,1,25,Small Business,Male,4,4,Standard,3,Single,8,0,3,1,2,Senior Manager,29190
3364,203364,0,35,Company Invited,1,26,Small Business,Female,3,4,Deluxe,4,Married,6,0,3,1,1,Manager,23122
3365,203365,0,29,Company Invited,1,7,Small Business,Male,3,4,Basic,3,Single,2,1,4,0,1,Executive,20832
3367,203367,0,35,Company Invited,2,18,Salaried,Male,3,5,Deluxe,4,Divorced,6,0,5,0,2,Manager,23168
3368,203368,0,36,Self Enquiry,1,13,Salaried,Male,4,4,Basic,3,Divorced,2,1,3,1,2,Executive,22184
3369,203369,0,43,Self Enquiry,1,14,Small Business,Female,4,2,Deluxe,4,Divorced,8,1,1,0,1,Manager,21050
3370,203370,0,44,Self Enquiry,3,11,Small Business,Female,3,5,Standard,3,Single,5,0,3,1,1,Senior Manager,28909
3371,203371,0,37,Self Enquiry,1,9,Salaried,Fe Male,3,4,Deluxe,4,Unmarried,2,1,3,1,1,Manager,24088
3372,203372,1,45,Self Enquiry,1,22,Small Business,Female,4,4,Standard,3,Divorced,3,0,3,0,2,Senior Manager,26656
3373,203373,0,29,Company Invited,1,9,Salaried,Male,3,5,Basic,3,Divorced,3,1,4,1,1,Executive,22545
3374,203374,0,52,Company Invited,1,13,Small Business,Female,3,5,Basic,3,Unmarried,2,0,5,1,2,Executive,21516
3375,203375,0,31,Company Invited,1,16,Small Business,Female,4,4,Deluxe,3,Unmarried,2,1,3,1,3,Manager,23373
3376,203376,1,30,Self Enquiry,1,14,Large Business,Female,3,4,Basic,3,Married,5,1,4,1,2,Executive,22017
3377,203377,0,29,Self Enquiry,1,7,Large Business,Male,3,4,Basic,5,Single,4,0,4,0,1,Executive,20758
3378,203378,0,26,Self Enquiry,1,7,Small Business,Female,3,4,Basic,4,Single,3,0,3,1,1,Executive,20774
3379,203379,0,33,Self Enquiry,3,15,Small Business,Male,3,2,Deluxe,3,Divorced,3,0,5,0,1,Manager,24887
3382,203382,0,59,Self Enquiry,1,30,Salaried,Male,3,4,Basic,3,Married,3,0,3,1,2,Executive,21050
3383,203383,1,33,Self Enquiry,1,14,Salaried,Male,4,4,Deluxe,3,Divorced,3,0,3,1,2,Manager,23561
3384,203384,1,40,Self Enquiry,1,30,Small Business,Male,4,4,Basic,5,Unmarried,2,0,3,0,3,Executive,22582
3385,203385,0,31,Self Enquiry,1,13,Large Business,Female,3,5,Deluxe,3,Divorced,2,0,4,1,2,Manager,23305
3386,203386,0,37,Self Enquiry,1,17,Large Business,Female,4,4,Standard,3,Divorced,5,0,3,0,3,Senior Manager,25772
3387,203387,0,47,Self Enquiry,2,7,Salaried,Female,3,4,Basic,5,Unmarried,8,0,5,1,1,Executive,22101
3388,203388,0,29,Company Invited,1,7,Salaried,Female,3,6,Deluxe,3,Divorced,2,0,3,1,1,Manager,25352
3390,203390,1,41,Self Enquiry,3,32,Small Business,Male,3,5,Standard,4,Unmarried,4,1,5,0,2,Senior Manager,27772
3391,203391,1,53,Self Enquiry,3,12,Salaried,Male,4,4,Standard,4,Unmarried,2,1,4,1,2,Senior Manager,27124
3392,203392,0,31,Self Enquiry,1,24,Small Business,Female,4,4,Standard,5,Divorced,3,1,4,0,3,Senior Manager,30594
3393,203393,0,40,Self Enquiry,1,25,Salaried,Male,3,4,Deluxe,3,Unmarried,2,0,3,0,1,Manager,23212
3394,203394,0,32,Company Invited,3,9,Salaried,Female,3,4,Standard,3,Married,3,1,1,1,1,Senior Manager,28530
3395,203395,0,42,Company Invited,3,17,Small Business,Male,3,6,Deluxe,4,Unmarried,3,0,1,1,1,Manager,24829
3396,203396,1,32,Company Invited,3,7,Salaried,Female,3,4,Basic,4,Single,3,1,5,1,2,Executive,20980
3397,203397,1,45,Self Enquiry,1,10,Salaried,Male,3,4,Basic,5,Divorced,6,0,5,1,2,Executive,21040
3401,203401,0,41,Company Invited,1,23,Salaried,Male,4,4,Basic,3,Married,2,0,3,1,3,Executive,22222
3402,203402,0,35,Self Enquiry,1,16,Salaried,Male,3,4,Standard,3,Married,2,0,5,1,2,Senior Manager,27178
3403,203403,0,41,Self Enquiry,1,9,Salaried,Male,4,4,Deluxe,3,Unmarried,3,0,3,1,3,Manager,23339
3404,203404,0,42,Company Invited,3,7,Small Business,Female,4,4,Deluxe,5,Married,2,0,3,0,2,Manager,22781
3405,203405,0,36,Company Invited,1,11,Salaried,Male,3,4,Deluxe,3,Unmarried,3,1,1,1,2,Manager,22927
3406,203406,0,52,Self Enquiry,2,12,Salaried,Male,3,4,Super Deluxe,4,Married,3,1,3,1,2,AVP,32704
3407,203407,0,39,Self Enquiry,3,9,Salaried,Female,3,4,Deluxe,5,Married,5,0,4,0,2,Manager,25571
3408,203408,0,35,Self Enquiry,3,22,Small Business,Fe Male,4,4,Deluxe,5,Unmarried,3,0,1,1,3,Manager,24803
3409,203409,0,26,Self Enquiry,1,26,Small Business,Male,4,4,Basic,3,Divorced,5,0,5,1,3,Executive,22347
3410,203410,1,59,Self Enquiry,1,14,Small Business,Female,3,5,Standard,5,Divorced,2,1,4,1,1,Senior Manager,28686
3411,203411,0,41,Self Enquiry,1,7,Salaried,Male,3,4,Basic,4,Divorced,5,0,1,1,2,Executive,21065
3412,203412,0,37,Company Invited,3,14,Small Business,Female,3,2,Deluxe,5,Divorced,4,0,1,1,1,Manager,23317
3413,203413,0,49,Self Enquiry,1,11,Salaried,Male,3,4,Standard,3,Unmarried,3,0,5,1,2,Senior Manager,26576
3414,203414,0,28,Self Enquiry,3,18,Small Business,Female,4,2,Basic,3,Divorced,2,0,3,1,2,Executive,21212
3415,203415,0,52,Self Enquiry,1,18,Large Business,Female,3,5,Super Deluxe,4,Single,5,0,1,0,2,AVP,31820
3416,203416,0,19,Company Invited,1,7,Salaried,Female,4,4,Basic,3,Single,3,0,5,1,2,Executive,20289
3417,203417,0,36,Self Enquiry,1,7,Small Business,Female,3,5,Deluxe,3,Divorced,2,0,1,1,2,Manager,24041
3418,203418,0,28,Company Invited,3,9,Salaried,Male,3,6,Deluxe,3,Unmarried,5,0,4,1,2,Manager,23749
3419,203419,1,56,Self Enquiry,3,20,Small Business,Male,3,2,Super Deluxe,3,Single,8,1,3,1,2,AVP,32373
3420,203420,0,57,Self Enquiry,1,30,Salaried,Male,4,4,Super Deluxe,4,Divorced,6,1,4,1,3,AVP,32080
3421,203421,0,35,Company Invited,1,33,Large Business,Female,4,5,Basic,3,Married,3,0,1,1,1,Executive,20707
3422,203422,0,41,Self Enquiry,1,9,Small Business,Female,3,2,Deluxe,3,Married,7,0,3,1,1,Manager,25055
3423,203423,0,35,Self Enquiry,1,36,Small Business,Male,3,4,Deluxe,3,Divorced,6,0,3,0,1,Manager,24107
3424,203424,1,32,Company Invited,3,9,Salaried,Female,3,5,Basic,3,Unmarried,2,0,5,0,2,Executive,21463
3425,203425,1,36,Company Invited,3,25,Small Business,Female,4,4,Deluxe,3,Divorced,2,1,5,1,3,Manager,23292
3426,203426,0,39,Company Invited,1,14,Salaried,Male,3,2,Basic,3,Married,3,0,3,0,1,Executive,21288
3427,203427,0,35,Self Enquiry,1,9,Large Business,Fe Male,4,4,Deluxe,3,Unmarried,3,0,5,1,2,Manager,25365
3428,203428,0,29,Self Enquiry,3,33,Salaried,Male,3,5,Deluxe,5,Divorced,3,0,4,1,1,Manager,23402
3429,203429,1,32,Self Enquiry,1,29,Small Business,Male,4,4,Deluxe,3,Divorced,3,1,5,1,1,Manager,24857
3430,203430,0,40,Self Enquiry,3,28,Salaried,Male,3,5,Deluxe,3,Divorced,5,1,1,0,2,Manager,24798
3431,203431,0,52,Company Invited,3,9,Small Business,Male,3,4,Standard,4,Divorced,4,0,4,0,1,Senior Manager,29274
3432,203432,0,42,Company Invited,1,29,Salaried,Female,4,4,Deluxe,3,Married,5,1,5,0,1,Manager,24145
3433,203433,0,38,Self Enquiry,1,11,Salaried,Male,3,4,Basic,3,Divorced,2,1,5,1,2,Executive,21674
3434,203434,0,34,Company Invited,3,12,Salaried,Male,4,4,Deluxe,3,Divorced,8,0,1,1,3,Manager,28676
3435,203435,0,33,Self Enquiry,3,9,Small Business,Male,3,4,Deluxe,4,Divorced,2,1,1,0,2,Manager,22756
3436,203436,0,40,Company Invited,1,32,Salaried,Male,4,4,Standard,3,Divorced,5,0,1,0,1,Senior Manager,29598
3437,203437,0,26,Self Enquiry,3,25,Salaried,Male,4,2,Deluxe,3,Divorced,4,0,1,0,1,Manager,24910
3438,203438,0,53,Company Invited,1,35,Small Business,Female,3,2,Super Deluxe,3,Divorced,4,1,4,0,1,AVP,31925
3439,203439,0,44,Self Enquiry,1,13,Small Business,Female,4,5,Deluxe,3,Unmarried,3,1,4,1,2,Manager,22759
3440,203440,0,28,Self Enquiry,3,17,Small Business,Female,4,5,Deluxe,3,Divorced,3,1,3,1,3,Manager,24447
3441,203441,1,28,Self Enquiry,1,24,Salaried,Female,3,4,Basic,3,Single,3,1,5,1,1,Executive,21072
3442,203442,0,27,Self Enquiry,1,9,Small Business,Male,3,5,Basic,3,Unmarried,2,0,3,0,1,Executive,22582
3444,203444,0,53,Self Enquiry,1,15,Salaried,Female,3,4,Basic,5,Divorced,2,0,1,1,2,Executive,21628
3445,203445,0,38,Self Enquiry,1,18,Small Business,Female,4,4,Basic,3,Unmarried,6,0,3,0,2,Executive,22307
3446,203446,0,36,Company Invited,1,25,Salaried,Male,3,4,Standard,3,Unmarried,4,0,3,0,1,Senior Manager,28040
3447,203447,0,26,Self Enquiry,1,7,Large Business,Male,3,4,Basic,3,Divorced,6,0,5,1,2,Executive,21907
3448,203448,0,27,Self Enquiry,1,14,Salaried,Male,4,2,Basic,5,Unmarried,2,0,1,1,1,Executive,22256
3449,203449,0,30,Self Enquiry,2,24,Salaried,Male,3,5,Standard,5,Unmarried,3,0,3,0,1,Senior Manager,26666
3450,203450,1,50,Company Invited,1,35,Salaried,Male,4,5,Deluxe,5,Unmarried,5,0,3,0,2,Manager,22962
3451,203451,1,30,Company Invited,1,21,Salaried,Fe Male,3,4,Standard,3,Unmarried,2,1,5,1,1,Senior Manager,26231
3454,203454,0,56,Self Enquiry,1,7,Small Business,Male,3,2,Super Deluxe,3,Married,4,0,5,1,1,AVP,33410
3455,203455,0,37,Self Enquiry,3,10,Small Business,Fe Male,3,4,Deluxe,4,Unmarried,5,1,4,0,2,Manager,27956
3457,203457,0,31,Self Enquiry,3,14,Small Business,Female,4,4,Deluxe,5,Married,2,0,3,1,1,Manager,23457
3459,203459,0,35,Company Invited,1,7,Salaried,Male,4,4,Basic,5,Married,7,0,1,1,3,Executive,21674
3461,203461,0,28,Self Enquiry,1,18,Salaried,Male,4,4,Basic,5,Divorced,2,0,5,1,3,Executive,20777
3462,203462,0,37,Self Enquiry,1,11,Salaried,Male,3,5,Deluxe,3,Unmarried,3,0,5,1,2,Manager,24488
3463,203463,0,37,Self Enquiry,3,23,Small Business,Female,4,5,Deluxe,5,Divorced,6,0,5,1,1,Manager,24325
3464,203464,0,48,Self Enquiry,1,7,Large Business,Male,4,4,Basic,3,Divorced,2,0,3,1,1,Executive,22098
3465,203465,1,26,Self Enquiry,3,16,Salaried,Male,4,5,Basic,5,Divorced,5,0,1,1,1,Executive,23078
3466,203466,0,38,Company Invited,1,12,Large Business,Male,3,2,Basic,3,Unmarried,2,0,5,1,1,Executive,22178
3467,203467,0,57,Self Enquiry,1,7,Salaried,Female,3,4,Basic,5,Divorced,4,0,5,1,2,Executive,20744
3469,203469,0,25,Self Enquiry,3,11,Small Business,Female,3,4,Deluxe,3,Divorced,3,1,5,1,1,Manager,22840
3470,203470,0,33,Self Enquiry,3,14,Small Business,Male,4,4,Deluxe,3,Divorced,6,0,5,1,2,Manager,27882
3471,203471,0,35,Self Enquiry,1,7,Salaried,Female,3,5,Basic,4,Divorced,7,0,1,1,2,Executive,21972
3472,203472,0,42,Self Enquiry,1,12,Small Business,Male,3,2,Basic,3,Divorced,4,1,1,1,2,Executive,20805
3473,203473,0,41,Company Invited,1,16,Salaried,Male,3,4,Deluxe,3,Married,5,0,3,1,1,Manager,22653
3474,203474,0,32,Self Enquiry,3,15,Salaried,Male,3,4,Standard,3,Married,3,0,3,1,1,Senior Manager,29471
3475,203475,1,47,Self Enquiry,3,16,Small Business,Male,3,4,Standard,3,Married,6,0,3,0,2,Senior Manager,28774
3476,203476,1,40,Company Invited,1,9,Salaried,Female,3,5,Basic,5,Unmarried,4,1,3,0,1,Executive,22324
3477,203477,1,32,Company Invited,1,7,Salaried,Fe Male,4,2,Standard,4,Unmarried,3,0,3,1,3,Senior Manager,26124
3478,203478,0,46,Self Enquiry,1,27,Small Business,Male,4,6,Standard,5,Married,4,1,3,0,1,Senior Manager,29529
3479,203479,0,32,Self Enquiry,2,15,Small Business,Female,4,2,Basic,4,Single,2,0,1,0,3,Executive,20787
3480,203480,1,32,Company Invited,1,9,Salaried,Male,4,4,Basic,3,Divorced,8,1,3,1,2,Executive,22400
3481,203481,0,46,Self Enquiry,1,36,Large Business,Male,3,4,Standard,3,Divorced,6,1,5,1,1,Senior Manager,28058
3482,203482,0,49,Self Enquiry,3,14,Small Business,Male,4,4,Deluxe,5,Married,6,0,4,1,2,Manager,24164
3483,203483,1,35,Self Enquiry,2,16,Large Business,Female,3,4,Basic,3,Divorced,3,0,1,1,1,Executive,21420
3484,203484,0,41,Company Invited,1,15,Small Business,Male,3,5,Standard,4,Married,4,0,1,1,2,Senior Manager,32435
3485,203485,0,29,Self Enquiry,3,12,Small Business,Male,3,4,Deluxe,5,Unmarried,2,0,1,1,1,Manager,27141
3486,203486,0,45,Company Invited,1,12,Salaried,Male,3,5,Basic,3,Unmarried,5,0,1,0,2,Executive,21840
3488,203488,0,50,Self Enquiry,1,12,Large Business,Male,4,4,Deluxe,3,Divorced,4,0,3,0,1,Manager,25329
3489,203489,0,41,Self Enquiry,1,9,Small Business,Male,4,4,Basic,3,Married,4,0,1,0,1,Executive,21023
3490,203490,0,45,Self Enquiry,1,27,Salaried,Male,3,4,Basic,4,Unmarried,3,0,5,1,2,Executive,22098
3491,203491,0,34,Company Invited,3,14,Small Business,Male,3,4,Deluxe,5,Divorced,2,0,3,0,1,Manager,23051
3492,203492,0,35,Self Enquiry,3,10,Salaried,Male,3,6,Deluxe,5,Unmarried,5,0,5,1,2,Manager,23437
3493,203493,0,31,Self Enquiry,3,23,Salaried,Male,4,4,Deluxe,3,Divorced,2,0,3,0,3,Manager,23979
3494,203494,0,43,Company Invited,1,16,Small Business,Female,4,4,Basic,3,Unmarried,3,0,4,1,2,Executive,22351
3495,203495,0,45,Company Invited,3,7,Small Business,Female,4,4,Deluxe,3,Divorced,2,0,4,1,2,Manager,23446
3497,203497,0,58,Self Enquiry,1,7,Salaried,Male,4,2,Deluxe,3,Divorced,2,0,3,1,3,Manager,23578
3498,203498,0,50,Self Enquiry,1,14,Salaried,Male,3,4,Standard,4,Married,5,0,4,0,2,Senior Manager,29144
3500,203500,1,29,Company Invited,3,7,Large Business,Male,4,4,Basic,3,Divorced,5,0,3,1,1,Executive,21587
3501,203501,1,30,Company Invited,3,20,Large Business,Fe Male,3,4,Deluxe,4,Unmarried,7,0,3,0,2,Manager,24443
3502,203502,1,35,Self Enquiry,3,31,Small Business,Female,3,5,Deluxe,4,Unmarried,2,1,5,1,1,Manager,23277
3503,203503,0,36,Self Enquiry,3,14,Salaried,Male,4,4,Basic,3,Divorced,3,0,3,1,1,Executive,21082
3504,203504,1,25,Company Invited,1,16,Small Business,Male,3,4,Basic,5,Unmarried,4,1,3,0,2,Executive,21850
3505,203505,0,25,Company Invited,3,20,Salaried,Female,4,4,Basic,4,Divorced,3,0,1,0,1,Executive,20711
3506,203506,0,45,Company Invited,1,9,Small Business,Male,3,4,Standard,3,Single,7,1,1,0,2,Senior Manager,28887
3507,203507,0,30,Self Enquiry,3,26,Salaried,Male,4,5,Deluxe,3,Married,3,0,4,1,1,Manager,27298
3508,203508,0,31,Self Enquiry,2,7,Salaried,Male,3,4,Basic,3,Married,2,0,1,0,2,Executive,20742
3509,203509,0,56,Self Enquiry,1,11,Salaried,Male,2,4,Deluxe,3,Divorced,2,1,4,0,1,Manager,22713
3510,203510,0,34,Self Enquiry,1,11,Small Business,Female,3,5,Basic,4,Divorced,2,0,1,0,1,Executive,22516
3511,203511,0,48,Self Enquiry,3,21,Small Business,Female,4,4,Deluxe,3,Divorced,5,1,5,1,1,Manager,23269
3512,203512,1,29,Company Invited,1,9,Small Business,Male,3,5,Basic,5,Single,2,0,4,0,1,Executive,21239
3513,203513,0,29,Self Enquiry,1,7,Salaried,Male,4,5,Basic,3,Married,3,0,4,0,2,Executive,20241
3514,203514,0,29,Company Invited,3,14,Salaried,Male,3,4,Deluxe,5,Unmarried,2,0,3,1,2,Manager,23576
3515,203515,0,50,Self Enquiry,1,10,Small Business,Female,3,5,Deluxe,5,Divorced,6,0,3,1,2,Manager,23467
3516,203516,0,30,Company Invited,1,9,Salaried,Female,4,4,Basic,4,Divorced,2,0,5,0,3,Executive,21858
3517,203517,0,29,Self Enquiry,1,36,Salaried,Male,4,6,Deluxe,4,Divorced,3,0,1,1,3,Manager,25227
3518,203518,0,34,Self Enquiry,1,15,Salaried,Male,4,4,Deluxe,3,Unmarried,4,1,3,0,3,Manager,25066
3519,203519,0,33,Self Enquiry,1,17,Small Business,Male,2,4,Standard,3,Single,4,0,1,0,1,Senior Manager,29922
3521,203521,1,30,Self Enquiry,1,7,Large Business,Male,4,5,Basic,5,Single,8,0,3,0,3,Executive,21040
3523,203523,0,40,Self Enquiry,1,13,Salaried,Fe Male,3,4,Standard,4,Unmarried,6,0,3,0,2,Senior Manager,27054
3525,203525,0,36,Self Enquiry,1,23,Salaried,Fe Male,4,5,Standard,4,Unmarried,3,0,1,1,3,Senior Manager,27284
3526,203526,0,24,Self Enquiry,1,27,Salaried,Male,4,4,Deluxe,3,Single,2,0,4,1,3,Manager,20950
3527,203527,1,41,Self Enquiry,1,16,Salaried,Male,3,4,Basic,5,Single,5,0,1,1,2,Executive,20696
3528,203528,0,35,Self Enquiry,3,7,Large Business,Male,4,5,Standard,3,Divorced,3,1,1,1,2,Senior Manager,25761
3529,203529,1,32,Company Invited,1,10,Salaried,Female,3,4,Basic,3,Unmarried,3,0,4,1,2,Executive,22762
3530,203530,0,51,Company Invited,1,29,Small Business,Male,3,6,Super Deluxe,3,Single,3,1,1,1,2,AVP,33089
3531,203531,0,35,Self Enquiry,3,14,Large Business,Male,3,4,Basic,3,Married,2,1,1,0,2,Executive,20986
3532,203532,0,43,Self Enquiry,1,9,Small Business,Male,4,5,Basic,4,Married,6,0,1,1,3,Executive,23519
3533,203533,0,38,Self Enquiry,1,20,Small Business,Male,3,4,Deluxe,3,Married,3,0,1,0,1,Manager,22963
3534,203534,0,30,Self Enquiry,1,15,Salaried,Female,3,6,Deluxe,5,Married,5,0,1,0,1,Manager,28393
3535,203535,0,34,Self Enquiry,1,32,Salaried,Male,3,5,Deluxe,4,Unmarried,3,0,1,0,2,Manager,22998
3536,203536,0,46,Self Enquiry,1,35,Large Business,Male,4,4,Basic,3,Married,6,0,3,1,3,Executive,20810
3537,203537,0,43,Company Invited,1,9,Salaried,Male,3,4,Standard,3,Married,4,1,3,1,1,Senior Manager,28802
3538,203538,0,41,Self Enquiry,3,16,Small Business,Male,3,4,Deluxe,5,Married,2,0,3,1,2,Manager,24151
3539,203539,0,34,Self Enquiry,1,35,Salaried,Male,4,4,Deluxe,3,Married,3,1,1,1,1,Manager,23885
3541,203541,0,25,Self Enquiry,1,28,Large Business,Male,3,5,Basic,5,Married,2,0,3,0,1,Executive,20974
3542,203542,0,41,Company Invited,1,15,Salaried,Male,4,4,Deluxe,3,Married,5,1,3,1,2,Manager,22747
3543,203543,0,46,Self Enquiry,1,7,Large Business,Male,4,4,Standard,4,Married,3,0,3,1,2,Senior Manager,26119
3544,203544,0,36,Self Enquiry,3,35,Salaried,Female,4,5,Basic,3,Married,2,0,4,1,3,Executive,21108
3545,203545,0,33,Self Enquiry,1,12,Salaried,Female,4,5,Deluxe,4,Married,5,0,3,1,1,Manager,24556
3546,203546,0,37,Self Enquiry,3,9,Salaried,Male,4,4,Basic,3,Unmarried,5,1,3,0,1,Executive,21322
3547,203547,0,49,Self Enquiry,3,23,Salaried,Female,4,4,Deluxe,3,Married,2,0,4,1,1,Manager,25117
3548,203548,0,30,Self Enquiry,1,16,Salaried,Male,4,2,Basic,3,Married,8,0,5,1,1,Executive,21129
3549,203549,0,34,Self Enquiry,3,15,Salaried,Male,3,4,Deluxe,5,Married,4,0,5,1,1,Manager,25070
3550,203550,1,31,Self Enquiry,3,7,Salaried,Male,4,5,Deluxe,5,Married,3,0,4,1,2,Manager,28392
3551,203551,0,39,Company Invited,2,17,Salaried,Male,4,4,Deluxe,3,Married,5,0,3,0,3,Manager,24755
3552,203552,0,36,Self Enquiry,1,7,Small Business,Male,4,5,Basic,5,Single,3,0,1,0,3,Executive,21128
3553,203553,0,31,Self Enquiry,3,36,Large Business,Male,3,4,Standard,4,Married,5,0,4,0,2,Senior Manager,27928
3554,203554,1,36,Self Enquiry,1,9,Salaried,Female,4,4,Basic,5,Married,3,1,1,1,2,Executive,20752
3555,203555,1,54,Self Enquiry,1,9,Large Business,Female,4,5,Standard,3,Married,2,0,5,1,3,Senior Manager,28847
3556,203556,1,39,Self Enquiry,1,9,Small Business,Male,3,4,Deluxe,4,Married,6,0,4,0,1,Manager,23533
3557,203557,0,33,Company Invited,1,7,Large Business,Male,4,4,Deluxe,5,Married,6,0,4,1,3,Manager,22765
3558,203558,0,49,Self Enquiry,1,22,Salaried,Female,4,4,Basic,5,Married,2,0,1,1,1,Executive,21045
3559,203559,0,35,Self Enquiry,1,14,Small Business,Male,3,4,Basic,3,Unmarried,3,0,1,0,2,Executive,21650
3560,203560,0,56,Self Enquiry,3,33,Small Business,Male,3,5,King,3,Married,3,0,3,1,2,VP,38264
3561,203561,0,35,Self Enquiry,1,7,Salaried,Male,3,4,Deluxe,3,Married,2,0,4,1,1,Manager,24162
3562,203562,0,27,Self Enquiry,1,10,Salaried,Female,3,4,Basic,3,Married,3,0,3,1,2,Executive,20739
3563,203563,0,39,Self Enquiry,3,21,Salaried,Male,4,4,Deluxe,4,Married,2,0,5,1,3,Manager,28602
3564,203564,0,39,Self Enquiry,3,23,Salaried,Female,3,4,Deluxe,4,Unmarried,4,0,1,0,1,Manager,22876
3565,203565,0,37,Self Enquiry,3,7,Salaried,Fe Male,4,4,Deluxe,3,Unmarried,8,0,1,1,2,Manager,25493
3566,203566,0,30,Self Enquiry,1,10,Small Business,Male,3,4,Basic,5,Unmarried,3,1,3,0,2,Executive,23401
3567,203567,0,36,Self Enquiry,1,17,Small Business,Fe Male,3,4,Deluxe,3,Unmarried,5,1,1,1,1,Manager,24820
3568,203568,0,40,Self Enquiry,3,13,Small Business,Male,3,2,Standard,3,Married,4,0,4,1,2,Senior Manager,26915
3569,203569,0,30,Company Invited,1,9,Salaried,Male,3,4,Deluxe,3,Married,3,0,3,0,1,Manager,27531
3571,203571,0,24,Self Enquiry,1,17,Large Business,Male,3,2,Basic,3,Married,4,0,1,1,1,Executive,20751
3572,203572,0,37,Company Invited,1,13,Salaried,Male,4,2,Deluxe,5,Married,5,1,4,1,2,Manager,24240
3573,203573,0,43,Self Enquiry,1,16,Salaried,Male,4,5,King,3,Single,2,0,1,1,2,VP,38291
3574,203574,0,36,Self Enquiry,1,35,Salaried,Male,3,2,Deluxe,3,Married,3,0,5,1,1,Manager,22085
3575,203575,0,35,Company Invited,1,17,Large Business,Male,4,5,Deluxe,3,Married,3,0,4,1,2,Manager,23741
3576,203576,0,41,Self Enquiry,3,21,Salaried,Female,3,4,Deluxe,5,Married,3,0,3,0,2,Manager,23317
3577,203577,0,44,Self Enquiry,1,34,Large Business,Male,3,2,Basic,4,Married,7,0,5,1,2,Executive,23554
3578,203578,0,36,Self Enquiry,1,14,Salaried,Male,4,5,Basic,3,Married,3,0,3,1,1,Executive,21368
3580,203580,1,29,Self Enquiry,1,31,Small Business,Male,3,4,Basic,4,Married,3,1,1,0,1,Executive,21086
3581,203581,0,23,Company Invited,1,33,Salaried,Female,3,5,Basic,3,Married,3,1,3,0,1,Executive,21492
3582,203582,0,51,Company Invited,1,27,Small Business,Male,3,4,Super Deluxe,3,Married,4,1,4,1,2,AVP,29923
3583,203583,0,33,Self Enquiry,1,12,Salaried,Female,3,2,Basic,3,Married,5,0,5,1,2,Executive,21990
3585,203585,0,31,Self Enquiry,1,14,Small Business,Male,3,5,Basic,4,Married,3,0,5,0,1,Executive,20819
3586,203586,0,46,Self Enquiry,1,12,Small Business,Fe Male,3,6,Deluxe,5,Unmarried,3,1,3,1,1,Manager,24447
3587,203587,0,46,Company Invited,3,33,Small Business,Male,3,5,Deluxe,5,Married,3,0,3,0,1,Manager,23063
3588,203588,0,32,Company Invited,3,9,Salaried,Male,3,4,Deluxe,5,Unmarried,2,0,1,0,1,Manager,24010
3589,203589,0,37,Self Enquiry,1,19,Salaried,Female,4,4,Deluxe,3,Married,2,1,1,0,3,Manager,23341
3590,203590,0,35,Company Invited,1,17,Salaried,Male,3,2,Deluxe,3,Married,3,0,4,1,1,Manager,23402
3591,203591,0,50,Self Enquiry,1,32,Salaried,Female,3,4,Basic,5,Married,3,0,3,0,1,Executive,21889
3592,203592,0,40,Self Enquiry,1,17,Small Business,Male,4,4,Deluxe,5,Married,4,0,5,1,3,Manager,24055
3593,203593,0,28,Self Enquiry,1,26,Salaried,Male,4,5,Basic,5,Married,3,0,1,0,1,Executive,22744
3594,203594,0,36,Self Enquiry,1,25,Salaried,Male,3,2,Deluxe,5,Married,3,0,3,0,2,Manager,23886
3595,203595,0,29,Self Enquiry,1,34,Small Business,Female,3,6,Deluxe,5,Married,2,0,4,1,1,Manager,23886
3596,203596,0,22,Self Enquiry,1,12,Small Business,Male,4,4,Basic,3,Unmarried,3,0,1,1,2,Executive,21795
3597,203597,1,19,Company Invited,3,10,Small Business,Female,4,4,Basic,3,Single,3,1,5,0,2,Executive,20247
3599,203599,0,40,Self Enquiry,1,10,Small Business,Male,4,5,Deluxe,3,Married,2,0,4,0,3,Manager,21747
3600,203600,0,41,Self Enquiry,1,22,Salaried,Female,4,5,Standard,3,Married,3,0,1,1,2,Senior Manager,29113
3601,203601,0,36,Company Invited,1,15,Salaried,Female,3,4,Deluxe,3,Married,3,0,5,1,2,Manager,22826
3602,203602,0,38,Self Enquiry,1,26,Salaried,Male,3,4,Deluxe,3,Married,5,0,1,0,1,Manager,24446
3603,203603,0,40,Company Invited,1,11,Small Business,Fe Male,3,4,Deluxe,3,Unmarried,2,0,3,1,1,Manager,23720
3604,203604,0,46,Self Enquiry,1,9,Salaried,Female,3,5,Deluxe,3,Married,3,0,4,1,2,Manager,24448
3605,203605,0,39,Self Enquiry,1,9,Small Business,Female,3,5,Standard,3,Married,5,1,5,1,2,Senior Manager,26434
3606,203606,1,36,Self Enquiry,3,17,Small Business,Male,3,5,Standard,5,Married,2,0,5,1,2,Senior Manager,28984
3607,203607,0,38,Self Enquiry,1,17,Small Business,Female,4,4,Basic,4,Married,3,0,1,1,1,Executive,22614
3608,203608,0,41,Self Enquiry,1,23,Salaried,Fe Male,3,4,Standard,3,Unmarried,8,1,4,1,1,Senior Manager,26623
3609,203609,0,45,Company Invited,2,7,Salaried,Male,3,4,Deluxe,3,Married,6,1,5,1,2,Manager,24421
3610,203610,0,49,Company Invited,1,11,Small Business,Male,3,5,Super Deluxe,3,Married,4,0,5,1,2,AVP,33880
3611,203611,1,36,Self Enquiry,3,22,Small Business,Male,3,6,Deluxe,3,Married,8,1,1,1,2,Manager,24118
3612,203612,0,25,Company Invited,1,9,Large Business,Female,3,4,Basic,3,Unmarried,3,1,3,1,2,Executive,22438
3613,203613,0,28,Self Enquiry,1,15,Small Business,Female,3,2,Basic,3,Married,2,0,4,0,1,Executive,22195
3614,203614,0,28,Company Invited,1,9,Small Business,Male,3,4,Basic,3,Single,4,0,3,0,2,Executive,21258
3615,203615,1,41,Self Enquiry,1,14,Salaried,Male,4,4,Basic,5,Single,5,1,3,0,2,Executive,20844
3616,203616,0,30,Self Enquiry,3,17,Small Business,Male,3,5,Deluxe,3,Unmarried,2,0,4,1,1,Manager,24547
3617,203617,0,37,Self Enquiry,1,12,Salaried,Female,3,4,Standard,5,Married,6,0,4,1,2,Senior Manager,26686
3618,203618,0,26,Company Invited,1,9,Salaried,Male,4,2,Deluxe,3,Married,3,0,1,0,2,Manager,23884
3619,203619,0,40,Self Enquiry,1,19,Small Business,Male,4,4,Deluxe,4,Married,6,0,3,1,2,Manager,23973
3621,203621,0,51,Self Enquiry,1,24,Salaried,Female,3,5,Standard,5,Married,7,0,3,1,1,Senior Manager,31947
3622,203622,0,21,Self Enquiry,3,9,Small Business,Female,3,4,Basic,3,Unmarried,3,0,4,0,1,Executive,21461
3623,203623,0,35,Self Enquiry,1,10,Salaried,Female,4,4,Deluxe,4,Married,3,0,5,1,3,Manager,24111
3624,203624,0,37,Self Enquiry,1,14,Salaried,Male,4,4,Basic,4,Single,4,0,1,0,3,Executive,20691
3625,203625,0,50,Self Enquiry,1,13,Salaried,Female,3,5,Super Deluxe,3,Married,4,1,5,1,1,AVP,32644
3626,203626,0,37,Company Invited,1,7,Small Business,Female,3,5,Deluxe,3,Married,2,0,5,1,2,Manager,23052
3627,203627,0,37,Self Enquiry,1,10,Salaried,Male,4,2,Deluxe,5,Married,8,0,1,1,3,Manager,25520
3630,203630,1,36,Company Invited,3,19,Salaried,Male,3,4,Deluxe,3,Unmarried,5,1,3,1,1,Manager,23259
3631,203631,0,39,Company Invited,1,7,Salaried,Male,3,4,Deluxe,3,Married,2,0,5,1,1,Manager,23413
3632,203632,0,30,Self Enquiry,3,12,Small Business,Male,3,5,Deluxe,4,Married,3,1,5,0,1,Manager,22865
3633,203633,0,34,Self Enquiry,3,9,Small Business,Male,4,4,Deluxe,3,Married,3,0,3,1,2,Manager,24183
3634,203634,0,33,Self Enquiry,1,9,Small Business,Male,3,4,Deluxe,4,Married,2,0,4,0,2,Manager,24148
3635,203635,0,32,Self Enquiry,3,12,Salaried,Female,4,4,Deluxe,3,Married,3,0,1,0,3,Manager,24154
3636,203636,0,50,Self Enquiry,1,23,Small Business,Female,4,4,Basic,5,Married,6,1,1,1,2,Executive,21265
3637,203637,0,39,Company Invited,1,9,Small Business,Female,3,5,Basic,4,Single,3,0,1,1,1,Executive,21118
3639,203639,0,50,Self Enquiry,1,7,Salaried,Male,3,4,Super Deluxe,3,Single,6,0,3,1,1,AVP,34057
3640,203640,0,42,Self Enquiry,3,30,Salaried,Male,4,4,Standard,3,Unmarried,5,1,3,0,3,Senior Manager,25760
3641,203641,0,21,Self Enquiry,3,16,Salaried,Male,3,4,Basic,5,Unmarried,3,0,1,0,2,Executive,21406
3642,203642,0,34,Company Invited,3,23,Salaried,Female,3,4,Deluxe,3,Married,3,1,1,0,1,Manager,24046
3643,203643,0,37,Self Enquiry,1,33,Salaried,Male,4,4,Deluxe,3,Married,8,0,3,1,1,Manager,24025
3644,203644,0,45,Self Enquiry,2,7,Salaried,Female,3,4,Basic,3,Married,6,1,3,1,1,Executive,21873
3645,203645,1,24,Self Enquiry,1,15,Small Business,Male,4,5,Basic,3,Unmarried,3,1,4,1,3,Executive,22667
3646,203646,0,39,Self Enquiry,1,11,Small Business,Female,3,4,Basic,3,Married,2,0,5,0,1,Executive,21984
3647,203647,0,54,Self Enquiry,1,31,Small Business,Male,3,2,Standard,3,Married,5,0,3,0,2,Senior Manager,25683
3648,203648,1,49,Company Invited,3,14,Small Business,Female,4,4,Basic,3,Married,4,1,4,1,2,Executive,21333
3649,203649,1,33,Self Enquiry,1,9,Salaried,Male,4,4,Basic,4,Single,3,0,3,1,2,Executive,20071
3650,203650,0,27,Company Invited,1,14,Small Business,Male,4,4,Basic,3,Single,3,0,4,1,3,Executive,21248
3651,203651,0,56,Self Enquiry,1,29,Large Business,Male,4,5,Basic,4,Married,7,0,1,1,2,Executive,22215
3652,203652,0,35,Self Enquiry,1,12,Small Business,Male,3,5,Deluxe,3,Married,3,0,4,1,2,Manager,22664
3653,203653,0,61,Self Enquiry,1,7,Small Business,Male,4,6,Standard,3,Married,5,0,5,0,1,Senior Manager,29561
3654,203654,0,34,Self Enquiry,1,28,Small Business,Male,4,2,Basic,4,Married,3,0,1,1,2,Executive,20706
3655,203655,0,38,Company Invited,3,7,Small Business,Male,3,6,Deluxe,3,Married,3,0,1,0,2,Manager,28203
3656,203656,0,35,Self Enquiry,1,26,Salaried,Female,3,5,Basic,3,Married,3,0,4,1,2,Executive,21607
3657,203657,1,24,Self Enquiry,3,14,Salaried,Male,3,4,Basic,3,Married,3,1,1,1,1,Executive,20953
3658,203658,0,45,Self Enquiry,1,9,Salaried,Female,4,2,Standard,3,Married,3,1,4,1,1,Senior Manager,26557
3659,203659,0,36,Company Invited,1,9,Small Business,Male,4,5,Basic,3,Unmarried,2,1,3,1,1,Executive,23608
3660,203660,0,44,Self Enquiry,3,9,Small Business,Male,4,4,Deluxe,3,Married,3,1,3,0,1,Manager,26525
3661,203661,0,25,Self Enquiry,1,16,Small Business,Male,4,2,Basic,3,Married,3,0,1,0,1,Executive,23079
3662,203662,0,42,Self Enquiry,3,13,Small Business,Male,3,4,Standard,3,Unmarried,3,0,5,1,1,Senior Manager,27919
3663,203663,0,30,Self Enquiry,1,16,Small Business,Female,3,4,Basic,3,Married,2,0,5,1,2,Executive,21652
3664,203664,0,37,Self Enquiry,3,9,Salaried,Female,3,4,Deluxe,3,Unmarried,5,0,4,1,2,Manager,23180
3665,203665,0,46,Company Invited,1,7,Salaried,Male,4,5,Standard,3,Married,5,0,1,1,3,Senior Manager,29426
3666,203666,1,25,Self Enquiry,2,29,Salaried,Male,3,6,Basic,3,Married,3,0,1,0,2,Executive,20233
3667,203667,1,48,Company Invited,3,16,Salaried,Male,3,6,Super Deluxe,3,Married,2,0,5,1,2,AVP,31614
3668,203668,0,27,Self Enquiry,1,24,Small Business,Male,4,6,Basic,3,Married,3,0,3,0,3,Executive,20983
3670,203670,0,33,Company Invited,1,17,Salaried,Male,3,4,Basic,3,Married,8,0,1,0,1,Executive,22111
3671,203671,0,32,Self Enquiry,1,9,Salaried,Male,4,4,Basic,3,Married,3,0,5,0,3,Executive,22155
3672,203672,0,42,Company Invited,2,11,Salaried,Male,3,6,Deluxe,4,Married,8,0,5,0,2,Manager,25108
3673,203673,0,41,Self Enquiry,1,15,Salaried,Female,4,4,Deluxe,5,Married,4,1,1,0,1,Manager,25194
3674,203674,0,25,Self Enquiry,1,36,Small Business,Male,4,4,Basic,5,Married,3,0,4,1,2,Executive,22585
3675,203675,0,47,Self Enquiry,1,20,Salaried,Male,3,4,Deluxe,4,Unmarried,8,0,4,1,1,Manager,24240
3676,203676,0,36,Self Enquiry,1,34,Salaried,Male,3,4,Deluxe,3,Married,4,0,5,0,2,Manager,25561
3677,203677,0,31,Self Enquiry,1,23,Salaried,Male,3,4,Basic,3,Married,3,0,1,0,1,Executive,21540
3678,203678,0,48,Company Invited,3,9,Small Business,Male,3,4,Deluxe,4,Married,2,0,1,0,2,Manager,23656
3679,203679,0,47,Self Enquiry,3,9,Salaried,Male,4,4,Standard,3,Married,6,1,3,0,3,Senior Manager,29046
3680,203680,1,37,Self Enquiry,3,20,Small Business,Male,4,5,Deluxe,5,Married,7,1,1,1,1,Manager,24812
3681,203681,1,33,Self Enquiry,3,7,Salaried,Male,3,6,Deluxe,4,Unmarried,8,0,3,0,2,Manager,25413
3682,203682,0,24,Self Enquiry,1,11,Small Business,Female,3,4,Basic,4,Unmarried,3,0,3,1,2,Executive,21973
3683,203683,0,32,Company Invited,1,31,Large Business,Fe Male,2,4,Deluxe,3,Unmarried,4,0,1,1,1,Manager,23916
3684,203684,0,40,Company Invited,1,7,Salaried,Male,4,4,Deluxe,3,Married,3,1,5,1,3,Manager,25150
3685,203685,0,33,Self Enquiry,3,26,Salaried,Male,4,6,Standard,3,Married,5,0,3,1,3,Senior Manager,28288
3687,203687,0,46,Self Enquiry,2,11,Salaried,Female,3,6,Standard,3,Married,6,0,1,1,2,Senior Manager,28434
3688,203688,0,31,Company Invited,1,9,Large Business,Fe Male,4,5,Basic,5,Unmarried,2,0,3,0,2,Executive,23646
3689,203689,0,25,Company Invited,2,17,Small Business,Male,3,4,Basic,3,Married,2,0,4,1,2,Executive,20823
3690,203690,1,31,Company Invited,2,15,Salaried,Female,4,5,Basic,3,Married,8,0,5,1,3,Executive,20858
3691,203691,0,32,Self Enquiry,3,12,Large Business,Male,3,4,Deluxe,3,Married,3,0,5,0,2,Manager,27024
3692,203692,0,28,Self Enquiry,1,15,Small Business,Female,4,4,Basic,3,Unmarried,3,0,4,1,3,Executive,22123
3693,203693,1,30,Self Enquiry,3,16,Small Business,Female,3,6,Basic,4,Unmarried,3,0,1,1,2,Executive,21438
3694,203694,0,30,Company Invited,1,7,Salaried,Male,4,2,Deluxe,3,Unmarried,2,1,3,0,2,Manager,24972
3695,203695,0,31,Self Enquiry,3,22,Small Business,Male,4,5,Standard,5,Married,4,0,1,0,3,Senior Manager,25818
3696,203696,0,35,Self Enquiry,1,9,Small Business,Male,4,2,Basic,3,Married,2,1,1,0,2,Executive,21610
3697,203697,0,34,Company Invited,3,9,Small Business,Fe Male,4,4,Deluxe,4,Unmarried,2,0,1,0,1,Manager,23825
3698,203698,0,50,Self Enquiry,3,18,Small Business,Female,4,4,Deluxe,3,Unmarried,5,0,4,0,2,Manager,23185
3699,203699,1,34,Self Enquiry,3,23,Salaried,Fe Male,4,4,Standard,5,Unmarried,4,1,5,0,1,Senior Manager,27242
3700,203700,0,39,Company Invited,1,9,Small Business,Female,4,5,Basic,4,Married,6,0,3,0,1,Executive,21146
3701,203701,1,32,Self Enquiry,3,23,Small Business,Male,4,4,Standard,3,Married,4,0,5,1,1,Senior Manager,26839
3702,203702,0,30,Self Enquiry,1,11,Large Business,Female,4,5,Basic,5,Married,3,0,4,0,1,Executive,20787
3703,203703,0,31,Self Enquiry,1,23,Salaried,Male,3,2,Deluxe,3,Married,5,0,1,1,1,Manager,23972
3704,203704,0,33,Company Invited,1,12,Large Business,Male,4,4,Basic,4,Unmarried,4,0,3,1,2,Executive,21396
3705,203705,0,39,Self Enquiry,1,25,Small Business,Male,3,6,Deluxe,3,Married,5,1,5,0,2,Manager,24489
3706,203706,1,44,Company Invited,1,24,Large Business,Male,3,5,Basic,3,Married,2,1,5,1,2,Executive,21115
3707,203707,0,43,Self Enquiry,1,19,Small Business,Male,3,4,Basic,4,Married,2,0,1,1,2,Executive,21444
3709,203709,0,34,Company Invited,1,11,Large Business,Male,3,4,Deluxe,4,Married,7,0,1,0,1,Manager,21733
3710,203710,0,42,Self Enquiry,1,16,Salaried,Male,4,4,Basic,5,Married,3,0,5,1,2,Executive,20967
3711,203711,0,35,Company Invited,3,17,Salaried,Male,3,4,Deluxe,3,Married,3,1,1,1,2,Manager,22679
3712,203712,0,54,Company Invited,1,7,Small Business,Female,3,5,Super Deluxe,3,Married,6,1,1,0,1,AVP,31643
3713,203713,0,44,Self Enquiry,2,9,Salaried,Male,4,4,Basic,3,Unmarried,2,0,1,0,1,Executive,22217
3714,203714,0,35,Self Enquiry,3,10,Salaried,Fe Male,3,6,Deluxe,3,Unmarried,7,0,1,1,1,Manager,24707
3715,203715,1,22,Self Enquiry,3,14,Small Business,Male,3,4,Basic,4,Unmarried,3,0,5,1,2,Executive,21357
3716,203716,0,39,Self Enquiry,1,13,Salaried,Female,3,5,Basic,3,Married,3,0,3,0,2,Executive,22380
3717,203717,1,23,Self Enquiry,1,15,Small Business,Female,4,4,Basic,5,Married,3,1,3,0,2,Executive,21076
3718,203718,0,32,Self Enquiry,3,36,Small Business,Female,4,5,Deluxe,3,Married,3,0,3,1,1,Manager,24146
3719,203719,0,52,Self Enquiry,1,10,Large Business,Female,3,4,Standard,3,Married,4,0,4,1,2,Senior Manager,31794
3720,203720,0,38,Self Enquiry,3,16,Small Business,Male,3,5,Deluxe,4,Married,3,0,4,0,2,Manager,22867
3722,203722,0,37,Self Enquiry,1,17,Salaried,Male,3,4,Standard,5,Married,2,1,5,1,2,Senior Manager,26999
3723,203723,1,45,Company Invited,1,7,Small Business,Male,3,4,Basic,4,Married,3,1,3,1,2,Executive,21020
3724,203724,0,38,Self Enquiry,2,15,Salaried,Male,3,4,Deluxe,4,Married,4,0,3,1,2,Manager,22749
3725,203725,1,36,Self Enquiry,3,34,Salaried,Male,3,4,Deluxe,3,Unmarried,3,1,5,0,1,Manager,24491
3726,203726,0,34,Self Enquiry,1,15,Salaried,Male,3,2,Basic,5,Married,8,0,3,1,2,Executive,21821
3727,203727,0,29,Self Enquiry,1,7,Salaried,Male,3,4,Basic,3,Married,3,0,1,0,1,Executive,20722
3728,203728,0,40,Self Enquiry,1,17,Small Business,Male,4,4,Standard,3,Single,2,0,3,1,1,Senior Manager,32142
3729,203729,0,47,Company Invited,3,33,Salaried,Male,4,5,Deluxe,4,Unmarried,2,0,4,1,3,Manager,26669
3730,203730,0,41,Self Enquiry,1,9,Salaried,Female,3,4,Basic,5,Married,6,0,4,1,2,Executive,22055
3731,203731,0,43,Self Enquiry,1,20,Small Business,Male,4,2,Deluxe,5,Married,7,0,4,1,1,Manager,24216
3732,203732,0,36,Company Invited,1,9,Small Business,Male,3,4,Deluxe,3,Married,4,0,3,0,2,Manager,24440
3733,203733,0,39,Company Invited,2,9,Salaried,Male,4,4,Basic,4,Married,7,0,3,1,3,Executive,21270
3734,203734,1,35,Company Invited,1,16,Salaried,Male,4,4,Deluxe,5,Married,6,0,3,0,2,Manager,24024
3735,203735,1,38,Self Enquiry,1,17,Small Business,Male,3,4,Deluxe,5,Unmarried,3,0,4,0,1,Manager,22891
3736,203736,0,40,Company Invited,3,27,Salaried,Male,3,4,Deluxe,3,Married,4,0,3,1,1,Manager,22805
3737,203737,0,44,Company Invited,1,16,Salaried,Male,3,4,Basic,3,Single,6,0,3,0,2,Executive,21116
3738,203738,0,42,Self Enquiry,1,12,Salaried,Male,3,2,Deluxe,4,Unmarried,5,0,5,1,1,Manager,25548
3739,203739,0,42,Self Enquiry,3,11,Small Business,Female,3,4,Standard,3,Married,2,1,1,0,2,Senior Manager,29125
3740,203740,0,31,Self Enquiry,1,17,Small Business,Fe Male,4,4,Standard,3,Unmarried,2,0,4,0,1,Senior Manager,28345
3741,203741,1,27,Self Enquiry,2,27,Small Business,Female,4,4,Basic,4,Married,2,1,3,0,2,Executive,20826
3742,203742,1,47,Self Enquiry,1,28,Small Business,Female,4,4,Deluxe,4,Married,6,0,3,1,3,Manager,27604
3743,203743,0,41,Self Enquiry,1,7,Salaried,Female,3,4,Deluxe,3,Married,6,0,3,0,2,Manager,25191
3744,203744,0,35,Self Enquiry,3,15,Large Business,Male,4,2,Deluxe,3,Married,3,0,1,0,3,Manager,25477
3745,203745,0,59,Company Invited,3,9,Small Business,Male,3,4,Super Deluxe,4,Married,6,0,4,1,1,AVP,21383
3746,203746,0,36,Self Enquiry,1,30,Small Business,Male,4,6,Basic,3,Married,2,0,1,1,1,Executive,21383
3747,203747,0,48,Self Enquiry,1,11,Salaried,Female,4,5,Standard,4,Married,2,1,4,1,3,Senior Manager,29011
3748,203748,0,41,Self Enquiry,1,19,Salaried,Female,3,4,Deluxe,5,Married,4,0,1,1,2,Manager,23126
3749,203749,0,55,Self Enquiry,1,14,Small Business,Female,4,4,Deluxe,3,Married,6,0,3,1,2,Manager,25532
3750,203750,0,32,Company Invited,3,14,Small Business,Female,4,4,Standard,5,Married,4,0,1,1,3,Senior Manager,28315
3751,203751,0,29,Self Enquiry,1,7,Small Business,Female,4,4,Basic,5,Married,3,0,1,1,1,Executive,22269
3752,203752,0,39,Self Enquiry,3,9,Small Business,Female,4,6,Deluxe,3,Married,4,1,3,0,1,Manager,24083
3753,203753,0,27,Self Enquiry,3,17,Small Business,Male,3,4,Deluxe,3,Unmarried,3,0,1,0,1,Manager,23362
3754,203754,0,59,Company Invited,1,22,Salaried,Male,3,4,Super Deluxe,3,Married,4,1,1,1,1,AVP,34465
3755,203755,0,19,Company Invited,1,21,Small Business,Female,3,4,Basic,3,Single,3,0,5,1,1,Executive,20192
3756,203756,1,32,Self Enquiry,2,25,Salaried,Male,3,2,Basic,5,Married,2,0,1,1,1,Executive,21634
3757,203757,1,30,Self Enquiry,2,20,Salaried,Male,3,5,Basic,5,Married,6,1,5,1,2,Executive,21013
3758,203758,0,46,Company Invited,3,9,Salaried,Female,4,4,Deluxe,3,Married,6,0,1,1,3,Manager,23832
3759,203759,0,37,Self Enquiry,1,9,Salaried,Female,4,4,Deluxe,4,Married,6,1,4,0,1,Manager,25640
3760,203760,0,44,Company Invited,3,9,Salaried,Male,4,4,Deluxe,3,Married,3,0,3,1,3,Manager,24353
3761,203761,0,28,Company Invited,1,12,Salaried,Female,3,4,Basic,3,Single,2,1,1,1,2,Executive,21057
3762,203762,0,30,Company Invited,1,27,Small Business,Male,3,4,Basic,3,Married,3,0,3,1,2,Executive,22490
3763,203763,0,33,Company Invited,3,17,Small Business,Male,4,4,Deluxe,3,Unmarried,2,0,3,1,2,Manager,23326
3764,203764,0,43,Company Invited,1,17,Large Business,Male,3,4,Basic,3,Married,5,0,4,1,1,Executive,21614
3765,203765,0,48,Self Enquiry,1,16,Salaried,Female,4,4,Basic,3,Single,6,0,3,1,1,Executive,20783
3766,203766,0,47,Self Enquiry,1,9,Salaried,Male,3,4,Standard,3,Married,5,0,1,1,2,Senior Manager,27256
3767,203767,0,29,Company Invited,2,7,Salaried,Male,3,4,Basic,3,Married,3,0,4,0,2,Executive,21384
3768,203768,0,30,Self Enquiry,1,36,Salaried,Male,4,6,Deluxe,3,Married,2,0,5,1,3,Manager,25062
3769,203769,0,43,Self Enquiry,1,15,Salaried,Male,3,4,Basic,3,Unmarried,6,0,1,1,2,Executive,22646
3770,203770,1,33,Self Enquiry,3,9,Small Business,Male,3,5,Deluxe,4,Single,2,1,1,1,1,Manager,28585
3771,203771,0,47,Self Enquiry,3,10,Large Business,Female,3,2,Super Deluxe,5,Married,4,0,3,1,1,AVP,31903
3772,203772,0,28,Self Enquiry,3,30,Small Business,Female,3,5,Deluxe,3,Married,3,0,1,1,2,Manager,22218
3773,203773,0,30,Self Enquiry,2,13,Small Business,Male,3,5,Basic,4,Married,3,0,3,1,2,Executive,21482
3776,203776,1,30,Company Invited,1,31,Salaried,Male,4,5,Basic,3,Single,3,1,3,1,3,Executive,21117
3777,203777,1,47,Self Enquiry,3,17,Salaried,Female,4,4,Standard,4,Married,7,0,1,0,3,Senior Manager,25992
3778,203778,0,28,Company Invited,1,22,Salaried,Female,4,5,Basic,5,Married,2,0,4,1,1,Executive,23452
3779,203779,0,40,Self Enquiry,1,26,Salaried,Male,3,4,Deluxe,3,Married,2,0,5,1,1,Manager,22580
3780,203780,0,56,Self Enquiry,1,9,Large Business,Male,4,5,Basic,3,Married,2,0,5,0,1,Executive,21340
3781,203781,0,29,Self Enquiry,3,10,Small Business,Female,4,4,Basic,4,Married,3,0,1,1,1,Executive,21534
3783,203783,1,23,Self Enquiry,1,14,Salaried,Male,4,4,Basic,4,Single,3,1,3,1,1,Executive,21150
3784,203784,0,37,Self Enquiry,3,17,Large Business,Female,4,5,Deluxe,3,Married,3,1,1,1,3,Manager,24351
3785,203785,0,32,Self Enquiry,1,27,Salaried,Male,3,4,Deluxe,3,Married,3,0,5,0,1,Manager,22875
3786,203786,0,35,Self Enquiry,3,11,Salaried,Male,4,4,Standard,3,Married,4,1,4,0,3,Senior Manager,28391
3787,203787,0,30,Self Enquiry,1,14,Salaried,Male,3,4,Basic,5,Single,5,0,4,0,1,Executive,20740
3788,203788,0,38,Self Enquiry,1,14,Small Business,Male,4,4,Deluxe,5,Married,7,1,3,0,1,Manager,22962
3789,203789,0,36,Self Enquiry,1,23,Salaried,Female,3,5,Deluxe,4,Married,2,1,1,1,2,Manager,23466
3790,203790,0,46,Self Enquiry,1,32,Salaried,Female,4,5,Deluxe,3,Married,2,0,4,0,1,Manager,24584
3791,203791,0,37,Company Invited,2,9,Salaried,Male,4,5,Deluxe,3,Unmarried,3,0,3,1,1,Manager,22564
3793,203793,0,27,Self Enquiry,1,7,Salaried,Female,3,5,Basic,3,Married,3,1,4,0,1,Executive,21611
3794,203794,0,28,Self Enquiry,3,9,Small Business,Fe Male,3,2,Deluxe,3,Unmarried,2,0,1,0,2,Manager,25178
3796,203796,0,45,Self Enquiry,1,7,Salaried,Male,4,2,Deluxe,5,Married,4,0,3,1,3,Manager,23711
3797,203797,1,35,Company Invited,1,23,Large Business,Male,3,6,Basic,5,Married,3,1,3,1,1,Executive,20985
3798,203798,1,57,Self Enquiry,1,31,Salaried,Male,4,4,Basic,3,Single,3,0,3,0,1,Executive,21265
3799,203799,0,37,Self Enquiry,3,24,Small Business,Male,3,5,Deluxe,4,Married,4,0,4,1,1,Manager,24185
3800,203800,0,42,Self Enquiry,3,15,Small Business,Female,3,4,Deluxe,4,Married,7,0,3,1,2,Manager,23071
3801,203801,0,43,Self Enquiry,1,13,Small Business,Male,3,4,Standard,5,Married,2,0,3,1,1,Senior Manager,32026
3802,203802,0,32,Self Enquiry,3,17,Small Business,Female,3,4,Deluxe,3,Married,4,1,1,0,1,Manager,25261
3803,203803,0,35,Self Enquiry,3,10,Small Business,Female,4,5,Deluxe,3,Married,5,1,3,0,1,Manager,26781
3804,203804,0,32,Self Enquiry,1,11,Small Business,Female,4,2,Basic,3,Married,2,0,5,1,3,Executive,22656
3805,203805,0,27,Company Invited,1,13,Salaried,Male,4,2,Basic,3,Married,2,0,4,1,2,Executive,21222
3806,203806,0,46,Company Invited,1,7,Small Business,Male,3,4,Deluxe,3,Unmarried,6,0,1,1,2,Manager,24077
3807,203807,0,34,Self Enquiry,3,17,Small Business,Male,3,4,Deluxe,3,Unmarried,3,0,1,0,1,Manager,24165
3808,203808,0,29,Company Invited,3,7,Salaried,Male,3,5,Deluxe,3,Married,3,1,1,0,1,Manager,25512
3810,203810,0,40,Company Invited,3,28,Salaried,Female,3,6,Deluxe,3,Married,8,0,5,0,1,Manager,24414
3811,203811,0,28,Self Enquiry,1,9,Large Business,Male,3,4,Basic,4,Married,3,0,4,1,2,Executive,20904
3812,203812,0,35,Company Invited,1,29,Salaried,Male,3,5,Deluxe,3,Married,3,1,1,1,1,Manager,24425
3813,203813,1,29,Self Enquiry,3,20,Small Business,Fe Male,3,4,Deluxe,3,Unmarried,5,1,5,1,2,Manager,28532
3814,203814,0,48,Company Invited,1,21,Large Business,Male,4,4,Deluxe,4,Married,2,0,3,0,3,Manager,24145
3815,203815,0,57,Self Enquiry,3,18,Small Business,Female,3,5,Deluxe,5,Married,6,0,5,0,2,Manager,24058
3816,203816,0,40,Self Enquiry,1,16,Small Business,Male,3,4,Deluxe,5,Married,3,0,4,1,1,Manager,23829
3817,203817,0,39,Company Invited,1,15,Small Business,Female,3,5,Deluxe,4,Married,3,1,1,1,1,Manager,20811
3819,203819,1,33,Company Invited,1,12,Salaried,Female,3,2,Basic,3,Single,5,1,1,0,2,Executive,21110
3820,203820,0,39,Self Enquiry,1,16,Salaried,Male,4,4,Basic,3,Married,4,0,1,1,2,Executive,23449
3822,203822,0,43,Self Enquiry,3,19,Small Business,Male,4,4,Deluxe,3,Married,5,1,1,0,1,Manager,23765
3823,203823,1,28,Company Invited,2,29,Salaried,Female,3,5,Basic,4,Married,3,0,1,1,1,Executive,21541
3824,203824,0,36,Self Enquiry,3,25,Small Business,Male,4,4,Deluxe,5,Married,2,0,3,0,1,Manager,20822
3825,203825,0,29,Company Invited,1,23,Small Business,Male,3,4,Basic,3,Single,3,0,3,0,1,Executive,20822
3826,203826,0,32,Company Invited,1,10,Small Business,Male,3,4,Basic,5,Married,3,1,1,0,1,Executive,21743
3827,203827,0,37,Company Invited,1,16,Salaried,Male,4,2,Basic,4,Married,3,0,5,1,1,Executive,21488
3828,203828,0,35,Self Enquiry,3,7,Small Business,Male,3,4,Standard,3,Unmarried,3,0,5,1,1,Senior Manager,28566
3829,203829,0,35,Self Enquiry,3,20,Small Business,Male,3,4,Standard,3,Married,3,0,1,1,2,Senior Manager,27306
3830,203830,0,27,Self Enquiry,1,7,Small Business,Male,4,4,Basic,5,Unmarried,2,0,5,1,3,Executive,21545
3831,203831,0,30,Self Enquiry,1,7,Salaried,Male,3,4,Deluxe,5,Married,2,0,3,1,1,Manager,24051
3832,203832,0,33,Company Invited,1,22,Small Business,Female,3,4,Deluxe,3,Married,7,0,3,0,2,Manager,25345
3833,203833,0,32,Company Invited,1,7,Salaried,Male,3,6,Deluxe,5,Married,3,0,1,1,2,Manager,23681
3834,203834,1,29,Self Enquiry,1,24,Large Business,Male,3,5,Basic,3,Married,7,0,3,0,2,Executive,21045
3835,203835,0,39,Self Enquiry,3,7,Salaried,Male,3,5,Basic,5,Unmarried,6,0,3,0,2,Executive,21536
3836,203836,0,36,Self Enquiry,3,14,Salaried,Female,3,4,Deluxe,3,Married,3,1,4,1,2,Manager,23882
3837,203837,0,28,Self Enquiry,3,16,Small Business,Male,3,4,Deluxe,3,Unmarried,3,0,1,0,2,Manager,22783
3838,203838,0,33,Self Enquiry,1,12,Salaried,Male,3,5,Deluxe,3,Unmarried,2,0,1,0,2,Manager,28357
3839,203839,1,32,Company Invited,3,33,Small Business,Male,4,4,Deluxe,3,Married,3,1,3,0,2,Manager,24295
3840,203840,1,54,Self Enquiry,3,31,Salaried,Male,4,4,Standard,5,Single,8,1,3,1,3,Senior Manager,29126
3841,203841,0,55,Self Enquiry,1,16,Salaried,Female,4,4,Deluxe,3,Married,5,0,5,0,2,Manager,21575
3842,203842,0,34,Company Invited,1,14,Salaried,Male,3,4,Deluxe,3,Married,3,0,5,1,2,Manager,24646
3843,203843,0,44,Self Enquiry,1,18,Salaried,Male,2,4,Standard,3,Married,3,0,1,1,1,Senior Manager,26188
3844,203844,0,39,Company Invited,2,7,Salaried,Male,3,4,Basic,4,Married,2,1,1,1,2,Executive,21669
3847,203847,0,40,Self Enquiry,3,22,Small Business,Male,4,4,Super Deluxe,5,Single,2,0,1,1,3,AVP,32019
3848,203848,0,43,Company Invited,1,30,Salaried,Male,3,5,Deluxe,3,Unmarried,3,0,3,1,2,Manager,23010
3849,203849,0,32,Company Invited,1,17,Small Business,Female,3,4,Standard,3,Married,6,0,1,1,2,Senior Manager,29709
3850,203850,0,55,Self Enquiry,1,17,Small Business,Female,4,4,Deluxe,5,Unmarried,8,1,1,0,1,Manager,23118
3851,203851,0,25,Self Enquiry,1,7,Salaried,Male,3,5,Deluxe,3,Unmarried,3,0,3,1,2,Manager,23295
3852,203852,0,24,Self Enquiry,1,19,Salaried,Male,4,4,Basic,3,Unmarried,3,0,5,1,1,Executive,21325
3853,203853,0,41,Company Invited,1,18,Large Business,Female,4,4,Deluxe,3,Married,3,0,3,1,2,Manager,25001
3854,203854,0,41,Self Enquiry,3,9,Small Business,Female,4,4,Deluxe,4,Married,5,0,3,1,2,Manager,24355
3855,203855,0,26,Self Enquiry,2,9,Salaried,Female,3,4,Basic,4,Married,6,0,4,0,1,Executive,20865
3856,203856,0,31,Self Enquiry,1,7,Small Business,Male,4,4,Basic,4,Married,3,0,5,0,2,Executive,22426
3857,203857,0,26,Self Enquiry,1,9,Salaried,Male,3,4,Basic,3,Married,8,1,5,0,1,Executive,22655
3858,203858,0,48,Self Enquiry,1,32,Small Business,Male,3,4,Standard,3,Unmarried,4,0,3,1,1,Senior Manager,27311
3859,203859,0,34,Company Invited,1,7,Small Business,Male,3,5,Basic,3,Married,3,0,3,0,1,Executive,20686
3860,203860,0,39,Self Enquiry,3,7,Salaried,Male,3,4,Deluxe,4,Married,2,0,4,1,2,Manager,23118
3861,203861,0,32,Self Enquiry,3,9,Salaried,Male,3,4,Basic,3,Married,2,0,4,1,1,Executive,21745
3862,203862,0,39,Company Invited,1,13,Salaried,Male,4,5,Deluxe,3,Married,4,0,4,1,2,Manager,23999
3863,203863,0,43,Self Enquiry,1,25,Salaried,Male,3,4,Deluxe,5,Married,8,1,1,0,1,Manager,24088
3864,203864,0,42,Self Enquiry,1,7,Salaried,Male,4,4,Basic,3,Married,5,0,1,0,1,Executive,21460
3865,203865,0,48,Company Invited,1,7,Small Business,Female,4,4,Standard,4,Married,2,0,5,0,1,Senior Manager,30635
3866,203866,0,36,Self Enquiry,1,18,Small Business,Male,3,4,Basic,3,Married,2,1,5,0,1,Executive,21338
3867,203867,0,23,Self Enquiry,1,7,Salaried,Male,4,4,Basic,3,Unmarried,2,0,3,0,3,Executive,22053
3868,203868,0,36,Self Enquiry,1,16,Small Business,Male,3,4,Deluxe,3,Unmarried,3,0,4,0,2,Manager,23776
3869,203869,0,34,Self Enquiry,1,22,Small Business,Female,4,4,Deluxe,3,Married,2,1,1,1,2,Manager,23556
3870,203870,0,33,Self Enquiry,1,36,Salaried,Female,3,5,Basic,4,Unmarried,3,0,3,1,1,Executive,21515
3871,203871,0,41,Self Enquiry,1,7,Salaried,Male,3,4,Basic,3,Married,2,0,1,0,1,Executive,21084
3872,203872,0,33,Self Enquiry,3,7,Small Business,Male,4,5,Basic,4,Married,2,0,1,0,3,Executive,20947
3873,203873,0,40,Self Enquiry,1,31,Salaried,Male,3,4,Deluxe,3,Unmarried,2,0,4,1,1,Manager,22786
3874,203874,0,39,Self Enquiry,1,17,Small Business,Female,3,6,Standard,3,Married,5,0,1,1,2,Senior Manager,31884
3875,203875,0,33,Self Enquiry,3,7,Small Business,Female,3,4,Standard,3,Married,3,0,5,1,1,Senior Manager,29100
3876,203876,0,38,Self Enquiry,1,17,Salaried,Female,3,2,Standard,3,Married,3,1,1,0,2,Senior Manager,32422
3877,203877,0,26,Self Enquiry,3,15,Salaried,Female,3,4,Deluxe,3,Married,2,1,1,1,2,Manager,23585
3878,203878,0,53,Company Invited,3,127,Salaried,Male,3,4,Basic,3,Married,4,0,1,1,2,Executive,22160
3879,203879,0,45,Self Enquiry,1,7,Small Business,Male,3,4,Basic,3,Single,8,1,4,0,2,Executive,21114
3880,203880,0,22,Self Enquiry,3,12,Small Business,Male,3,4,Basic,5,Single,3,1,1,1,1,Executive,21058
3882,203882,1,24,Company Invited,3,16,Small Business,Male,3,4,Basic,5,Married,3,0,5,1,1,Executive,20468
3883,203883,0,37,Self Enquiry,3,10,Small Business,Female,4,5,Standard,3,Married,2,0,3,1,1,Senior Manager,26322
3884,203884,0,37,Company Invited,1,11,Salaried,Female,4,4,Deluxe,4,Married,2,0,3,1,2,Manager,23809
3885,203885,0,57,Company Invited,1,7,Salaried,Male,3,4,Deluxe,3,Married,3,0,3,0,1,Manager,24984
3886,203886,1,30,Self Enquiry,1,7,Small Business,Male,3,4,Basic,3,Married,2,1,3,1,1,Executive,23465
3888,203888,1,57,Self Enquiry,1,14,Large Business,Male,4,4,Basic,3,Married,2,0,4,1,3,Executive,21017
3889,203889,0,42,Self Enquiry,1,35,Salaried,Female,3,5,Super Deluxe,4,Married,2,0,5,1,2,AVP,32248
3890,203890,0,35,Self Enquiry,3,35,Small Business,Female,4,5,Deluxe,3,Married,3,0,5,1,1,Manager,25390
3891,203891,0,37,Company Invited,3,22,Small Business,Male,3,6,Deluxe,3,Married,3,0,1,1,1,Manager,24084
3892,203892,0,42,Self Enquiry,3,10,Salaried,Male,3,5,Deluxe,4,Married,4,0,3,0,2,Manager,27616
3893,203893,0,33,Self Enquiry,1,9,Large Business,Male,4,4,Basic,5,Single,3,0,1,1,2,Executive,21117
3894,203894,0,36,Self Enquiry,2,33,Salaried,Fe Male,3,4,Standard,3,Unmarried,3,1,1,1,1,Senior Manager,27515
3895,203895,0,39,Self Enquiry,3,17,Salaried,Female,4,4,Deluxe,3,Married,3,0,4,0,3,Manager,24021
3896,203896,1,51,Company Invited,3,7,Salaried,Male,4,4,Deluxe,3,Married,2,0,3,1,2,Manager,25406
3897,203897,0,37,Self Enquiry,3,18,Small Business,Female,4,5,Deluxe,3,Married,6,0,1,1,2,Manager,25330
3898,203898,0,46,Self Enquiry,3,27,Salaried,Female,3,4,Deluxe,3,Unmarried,2,0,1,1,1,Manager,23528
3899,203899,0,41,Self Enquiry,1,9,Salaried,Male,3,5,Basic,3,Unmarried,4,0,5,0,2,Executive,21487
3900,203900,0,36,Company Invited,1,25,Salaried,Male,4,4,Deluxe,3,Married,3,1,3,1,1,Manager,24367
3901,203901,0,41,Self Enquiry,1,9,Small Business,Female,4,4,Basic,3,Married,4,0,1,1,2,Executive,20679
3902,203902,0,36,Self Enquiry,1,7,Salaried,Female,4,6,Basic,3,Married,3,0,3,0,2,Executive,21655
3903,203903,0,30,Self Enquiry,1,20,Salaried,Male,3,5,Deluxe,4,Married,6,1,4,1,1,Manager,22703
3904,203904,0,30,Self Enquiry,1,35,Small Business,Female,4,5,Basic,5,Unmarried,3,0,1,0,2,Executive,22463
3905,203905,1,51,Self Enquiry,3,35,Small Business,Male,3,5,Standard,5,Married,6,1,5,0,1,Senior Manager,29532
3906,203906,0,40,Self Enquiry,3,31,Small Business,Female,3,5,Super Deluxe,3,Married,2,0,1,1,2,AVP,30709
3907,203907,0,32,Company Invited,1,12,Small Business,Male,4,4,Deluxe,5,Single,2,0,1,0,3,Manager,28614
3908,203908,0,27,Self Enquiry,3,12,Salaried,Female,2,5,Basic,3,Unmarried,2,0,1,0,1,Executive,21644
3909,203909,0,37,Company Invited,1,30,Small Business,Male,3,2,Deluxe,3,Married,6,0,3,0,1,Manager,21249
3910,203910,0,40,Self Enquiry,1,13,Small Business,Male,3,5,Standard,5,Married,6,0,4,1,1,Senior Manager,28669
3911,203911,0,28,Self Enquiry,1,11,Salaried,Male,3,2,Deluxe,4,Married,3,1,4,1,1,Manager,24820
3912,203912,0,50,Company Invited,3,9,Small Business,Male,4,5,Deluxe,4,Married,4,0,3,1,3,Manager,24068
3913,203913,0,35,Self Enquiry,1,15,Small Business,Male,3,2,Deluxe,3,Married,4,0,3,0,2,Manager,23082
3914,203914,1,42,Self Enquiry,3,7,Salaried,Fe Male,4,4,Deluxe,3,Unmarried,2,1,4,0,3,Manager,24671
3915,203915,0,50,Company Invited,1,15,Salaried,Male,4,5,Deluxe,4,Married,3,0,1,0,1,Manager,23808
3916,203916,1,38,Self Enquiry,1,9,Salaried,Male,4,5,Basic,3,Single,8,1,3,0,3,Executive,20768
3917,203917,0,34,Company Invited,1,10,Salaried,Female,3,4,Basic,3,Married,3,1,1,1,2,Executive,21587
3918,203918,0,28,Self Enquiry,1,9,Small Business,Male,3,4,Basic,4,Married,2,0,5,1,2,Executive,22146
3919,203919,0,33,Company Invited,1,9,Salaried,Male,4,4,Basic,3,Unmarried,2,0,3,1,2,Executive,21746
3920,203920,0,60,Self Enquiry,1,10,Small Business,Female,3,2,Basic,5,Married,6,1,1,0,2,Executive,21348
3921,203921,0,31,Self Enquiry,1,31,Salaried,Male,4,4,Basic,3,Married,3,0,3,1,3,Executive,21371
3922,203922,0,39,Company Invited,1,30,Salaried,Male,3,5,Standard,3,Unmarried,2,0,3,1,1,Senior Manager,28204
3923,203923,0,37,Self Enquiry,1,34,Small Business,Male,4,4,Deluxe,3,Married,8,0,3,0,1,Manager,23915
3924,203924,0,36,Self Enquiry,1,23,Small Business,Male,3,2,Basic,4,Married,2,0,4,1,2,Executive,21104
3925,203925,0,30,Self Enquiry,1,22,Salaried,Female,3,5,Deluxe,3,Unmarried,2,1,1,1,2,Manager,22871
3926,203926,0,32,Self Enquiry,1,33,Salaried,Male,3,4,Basic,3,Married,3,0,3,1,2,Executive,21589
3927,203927,0,35,Self Enquiry,1,26,Small Business,Male,4,4,Basic,3,Married,2,0,3,0,1,Executive,21339
3928,203928,1,29,Self Enquiry,1,31,Salaried,Male,3,5,Basic,3,Single,7,1,1,0,1,Executive,20706
3929,203929,0,30,Self Enquiry,1,28,Salaried,Female,3,2,Standard,5,Married,3,0,5,1,2,Senior Manager,28658
3930,203930,0,33,Self Enquiry,1,12,Salaried,Male,4,2,Basic,4,Married,2,1,1,1,3,Executive,21976
3931,203931,0,23,Company Invited,1,23,Small Business,Male,4,2,Basic,3,Married,3,1,3,0,3,Executive,21613
3932,203932,0,54,Self Enquiry,3,9,Salaried,Female,4,5,Super Deluxe,3,Married,4,0,3,0,1,AVP,34105
3933,203933,0,39,Self Enquiry,1,9,Salaried,Male,3,4,Basic,3,Unmarried,7,1,1,0,1,Executive,22622
3934,203934,0,25,Company Invited,1,18,Salaried,Female,4,2,Deluxe,3,Married,2,0,5,0,2,Manager,22689
3935,203935,1,37,Self Enquiry,3,16,Salaried,Male,3,5,Basic,5,Unmarried,2,0,1,0,1,Executive,22085
3936,203936,0,35,Self Enquiry,1,14,Salaried,Female,3,4,Standard,4,Single,2,0,5,0,1,Senior Manager,30672
3938,203938,1,35,Self Enquiry,1,13,Small Business,Male,3,4,Basic,5,Unmarried,4,0,4,0,1,Executive,21638
3940,203940,1,33,Company Invited,1,23,Salaried,Female,4,6,Basic,5,Unmarried,3,1,4,0,1,Executive,22597
3941,203941,0,43,Self Enquiry,3,15,Small Business,Male,3,4,Deluxe,4,Married,2,0,3,1,1,Manager,25503
3942,203942,0,45,Self Enquiry,1,14,Small Business,Female,3,5,Standard,3,Married,5,0,4,0,1,Senior Manager,28926
3944,203944,0,34,Self Enquiry,1,9,Small Business,Male,4,4,Basic,3,Single,6,0,3,0,3,Executive,21174
3945,203945,0,45,Self Enquiry,1,17,Salaried,Male,3,4,Deluxe,3,Married,4,1,3,0,2,Manager,25143
3946,203946,0,31,Self Enquiry,1,16,Small Business,Male,3,5,Basic,3,Single,3,0,4,0,2,Executive,20884
3947,203947,1,40,Self Enquiry,3,12,Large Business,Male,3,4,Deluxe,3,Married,5,0,1,0,1,Manager,20764
3948,203948,1,25,Self Enquiry,1,7,Small Business,Male,4,4,Basic,3,Married,4,1,3,0,3,Executive,20971
3949,203949,0,44,Self Enquiry,1,9,Small Business,Female,4,2,Basic,3,Married,3,0,1,1,3,Executive,21323
3950,203950,1,51,Self Enquiry,3,10,Small Business,Male,3,5,Basic,3,Married,3,1,4,1,2,Executive,21361
3951,203951,0,36,Self Enquiry,3,9,Small Business,Female,4,4,Basic,3,Married,3,0,1,1,3,Executive,20692
3952,203952,0,37,Self Enquiry,1,12,Salaried,Female,3,5,Basic,5,Married,2,1,1,1,2,Executive,22097
3953,203953,0,34,Company Invited,3,7,Salaried,Female,3,2,Deluxe,5,Married,4,0,3,0,2,Manager,24054
3954,203954,0,36,Self Enquiry,1,11,Salaried,Male,4,4,Basic,3,Married,3,0,4,1,2,Executive,20629
3955,203955,0,28,Self Enquiry,1,9,Salaried,Female,3,4,Basic,5,Married,3,0,3,1,2,Executive,21019
3956,203956,1,27,Self Enquiry,1,32,Salaried,Male,3,6,Basic,3,Single,3,0,1,0,1,Executive,20971
3957,203957,0,28,Company Invited,3,15,Salaried,Male,3,4,Standard,3,Unmarried,3,0,1,1,1,Senior Manager,27404
3958,203958,0,31,Company Invited,1,7,Small Business,Female,3,4,Deluxe,3,Unmarried,3,0,3,1,1,Manager,22689
3959,203959,1,42,Self Enquiry,1,19,Large Business,Female,3,4,King,3,Married,3,0,4,1,2,VP,38223
3960,203960,0,35,Company Invited,3,30,Small Business,Male,4,4,Deluxe,3,Unmarried,2,0,5,0,2,Manager,23246
3961,203961,0,38,Self Enquiry,1,26,Salaried,Male,4,4,Basic,4,Married,6,0,4,0,2,Executive,21700
3962,203962,0,47,Company Invited,3,12,Small Business,Male,4,4,Deluxe,3,Unmarried,6,1,5,1,2,Manager,24450
3963,203963,0,36,Self Enquiry,1,15,Salaried,Male,3,2,Basic,3,Married,3,0,5,1,2,Executive,20947
3964,203964,1,49,Self Enquiry,1,7,Salaried,Male,4,5,Standard,3,Unmarried,2,1,5,0,1,Senior Manager,24059
3965,203965,1,29,Self Enquiry,1,12,Large Business,Male,3,4,Basic,3,Unmarried,3,1,1,0,1,Executive,22119
3966,203966,0,45,Self Enquiry,3,7,Small Business,Female,4,4,Deluxe,5,Married,7,1,1,1,2,Manager,24132
3967,203967,0,36,Company Invited,1,18,Small Business,Male,4,5,Standard,5,Married,4,1,5,1,3,Senior Manager,28562
3968,203968,0,27,Self Enquiry,3,30,Small Business,Female,3,5,Deluxe,3,Married,2,1,1,0,1,Manager,22835
3969,203969,0,34,Company Invited,1,7,Salaried,Female,4,4,Standard,3,Single,3,1,1,1,1,Senior Manager,32136
3970,203970,0,36,Company Invited,3,6,Salaried,Male,4,4,Standard,5,Married,3,0,4,0,1,Senior Manager,27747
3971,203971,0,36,Self Enquiry,1,30,Small Business,Female,2,4,Basic,5,Married,5,1,4,0,1,Executive,22692
3972,203972,0,32,Self Enquiry,1,14,Salaried,Male,3,4,Deluxe,3,Married,5,0,3,0,2,Manager,24593
3973,203973,0,38,Self Enquiry,1,7,Salaried,Male,3,5,Deluxe,3,Married,3,0,5,0,1,Manager,24671
3974,203974,0,33,Self Enquiry,1,7,Small Business,Male,3,4,Deluxe,3,Married,3,1,4,1,2,Manager,24840
3975,203975,0,39,Company Invited,1,36,Salaried,Female,3,4,Deluxe,3,Single,3,0,3,1,1,Manager,21084
3977,203977,0,60,Self Enquiry,3,32,Salaried,Fe Male,5,4,Standard,5,Unmarried,2,0,3,1,2,Senior Manager,26315
3978,203978,0,37,Self Enquiry,1,15,Large Business,Female,3,4,Standard,3,Married,3,0,4,1,1,Senior Manager,28774
3979,203979,0,56,Self Enquiry,1,15,Small Business,Female,3,4,Super Deluxe,3,Married,4,1,3,1,2,AVP,33434
3980,203980,0,37,Company Invited,1,18,Salaried,Male,4,5,Deluxe,4,Unmarried,3,0,4,1,2,Manager,25177
3981,203981,0,46,Self Enquiry,1,14,Salaried,Male,3,4,Standard,5,Married,4,0,3,0,1,Senior Manager,28402
3982,203982,0,36,Company Invited,1,7,Small Business,Male,4,4,Basic,5,Married,6,0,1,0,2,Executive,20872
3983,203983,1,37,Self Enquiry,1,16,Small Business,Male,4,5,Basic,3,Married,2,1,1,1,3,Executive,22066
3984,203984,0,60,Company Invited,3,7,Salaried,Fe Male,3,5,Deluxe,3,Unmarried,2,0,5,1,1,Manager,24151
3985,203985,0,30,Self Enquiry,1,9,Salaried,Male,4,4,Basic,4,Married,2,0,4,1,1,Executive,21381
3986,203986,0,32,Self Enquiry,1,7,Small Business,Male,3,4,Basic,4,Single,3,0,3,1,1,Executive,21179
3987,203987,0,33,Self Enquiry,1,7,Salaried,Male,4,4,Deluxe,4,Married,3,0,3,1,1,Manager,24898
3988,203988,0,37,Self Enquiry,1,13,Salaried,Female,3,2,Basic,3,Married,5,0,1,0,1,Executive,21716
3989,203989,0,32,Self Enquiry,1,15,Salaried,Female,4,4,Deluxe,3,Unmarried,3,0,5,1,3,Manager,23102
3990,203990,0,36,Self Enquiry,3,7,Small Business,Male,3,5,Deluxe,5,Unmarried,2,0,1,1,2,Manager,22990
3991,203991,0,46,Self Enquiry,1,13,Salaried,Male,3,4,Standard,5,Married,6,1,3,1,2,Senior Manager,31923
3992,203992,0,38,Self Enquiry,1,14,Small Business,Male,2,4,Standard,3,Single,6,0,1,0,1,Senior Manager,32342
3993,203993,0,47,Self Enquiry,2,12,Small Business,Male,4,4,Deluxe,4,Married,2,1,5,1,3,Manager,23699
3994,203994,0,31,Self Enquiry,1,7,Salaried,Male,3,5,Deluxe,3,Married,3,1,1,1,2,Manager,23804
3995,203995,0,36,Self Enquiry,1,7,Small Business,Male,2,5,Basic,3,Unmarried,3,0,4,1,1,Executive,21537
3996,203996,0,56,Self Enquiry,3,7,Salaried,Male,4,4,Standard,3,Married,5,0,1,0,3,Senior Manager,28917
3997,203997,0,39,Company Invited,1,13,Small Business,Female,4,6,Deluxe,3,Married,2,1,1,0,3,Manager,24007
3998,203998,0,35,Self Enquiry,1,7,Small Business,Male,4,4,Deluxe,4,Married,3,0,5,1,3,Manager,23003
3999,203999,0,57,Self Enquiry,1,14,Salaried,Male,3,6,Standard,3,Unmarried,6,0,1,0,1,Senior Manager,25938
4000,204000,0,24,Self Enquiry,3,9,Large Business,Male,4,4,Basic,5,Married,5,0,3,1,3,Executive,21000
4001,204001,0,52,Self Enquiry,1,16,Salaried,Male,4,4,Basic,3,Married,5,0,3,1,1,Executive,20753
4002,204002,0,31,Self Enquiry,1,9,Salaried,Male,5,5,Deluxe,3,Married,3,0,4,1,2,Manager,22830
4003,204003,1,47,Self Enquiry,3,16,Small Business,Male,4,5,Standard,3,Unmarried,3,0,5,1,3,Senior Manager,28297
4004,204004,0,41,Company Invited,1,7,Salaried,Male,4,5,Super Deluxe,4,Married,3,0,1,1,2,AVP,32181
4005,204005,0,52,Self Enquiry,3,28,Small Business,Male,4,4,Deluxe,3,Unmarried,2,1,5,0,3,Manager,24119
4006,204006,0,31,Self Enquiry,3,11,Small Business,Female,4,5,Deluxe,4,Married,3,1,3,1,1,Manager,23887
4007,204007,0,47,Company Invited,1,7,Small Business,Male,3,5,Standard,5,Married,4,1,1,1,2,Senior Manager,29351
4008,204008,0,33,Self Enquiry,3,13,Small Business,Male,3,4,Deluxe,3,Unmarried,3,0,5,1,2,Manager,23688
4009,204009,0,55,Self Enquiry,1,9,Large Business,Female,3,4,Standard,3,Married,2,0,4,0,1,Senior Manager,32227
4010,204010,0,25,Self Enquiry,3,10,Salaried,Female,3,4,Deluxe,3,Married,2,0,4,0,1,Manager,23677
4011,204011,0,29,Company Invited,3,11,Small Business,Male,3,4,Deluxe,3,Married,3,0,1,0,1,Manager,22899
4012,204012,0,59,Self Enquiry,3,17,Small Business,Male,3,4,Super Deluxe,3,Single,2,0,3,0,2,AVP,32550
4013,204013,0,45,Company Invited,1,30,Small Business,Male,4,4,Deluxe,4,Married,6,0,3,0,2,Manager,20720
4014,204014,1,38,Self Enquiry,2,13,Salaried,Male,4,4,Basic,5,Married,6,1,1,0,3,Executive,20751
4015,204015,0,33,Self Enquiry,1,7,Salaried,Male,4,4,Basic,5,Unmarried,3,0,1,0,2,Executive,21634
4016,204016,1,21,Company Invited,1,13,Salaried,Female,4,5,Basic,3,Unmarried,3,1,1,0,1,Executive,21604
4017,204017,0,35,Self Enquiry,1,13,Salaried,Female,3,4,Deluxe,3,Unmarried,3,0,3,0,1,Manager,23487
4018,204018,0,38,Company Invited,1,9,Salaried,Male,4,5,Deluxe,3,Married,7,0,1,1,3,Manager,23841
4021,204021,1,26,Self Enquiry,3,12,Small Business,Male,3,5,Deluxe,3,Unmarried,3,1,3,0,2,Manager,24422
4022,204022,0,26,Self Enquiry,1,14,Small Business,Male,4,5,Basic,3,Married,3,0,1,0,3,Executive,21567
4023,204023,0,23,Self Enquiry,1,22,Small Business,Female,3,4,Basic,3,Unmarried,3,0,1,1,2,Executive,21549
4024,204024,0,52,Company Invited,1,7,Small Business,Fe Male,2,5,Standard,5,Unmarried,5,0,1,1,1,Senior Manager,26162
4025,204025,1,35,Company Invited,1,14,Salaried,Male,4,6,Deluxe,3,Unmarried,3,1,5,1,1,Manager,24752
4027,204027,0,25,Self Enquiry,1,25,Salaried,Male,3,4,Basic,3,Married,2,0,4,0,1,Executive,21452
4028,204028,0,35,Self Enquiry,1,13,Salaried,Female,3,5,Deluxe,4,Married,8,0,3,1,1,Manager,23183
4029,204029,0,38,Self Enquiry,3,10,Salaried,Male,3,4,Standard,3,Unmarried,4,0,3,0,2,Senior Manager,26106
4030,204030,0,35,Self Enquiry,1,12,Small Business,Female,3,5,Standard,5,Single,4,0,1,1,2,Senior Manager,30309
4031,204031,0,37,Company Invited,3,18,Large Business,Female,4,4,Standard,3,Married,2,0,5,0,3,Senior Manager,28416
4032,204032,0,37,Self Enquiry,1,10,Salaried,Female,3,4,Basic,3,Married,7,0,1,0,2,Executive,21513
4034,204034,0,31,Company Invited,1,30,Salaried,Male,4,6,Basic,3,Married,3,0,3,0,1,Executive,21291
4035,204035,0,34,Company Invited,3,29,Small Business,Male,4,4,Deluxe,4,Married,2,0,1,0,1,Manager,24824
4036,204036,1,57,Self Enquiry,1,21,Salaried,Female,4,4,Basic,4,Married,2,1,5,1,1,Executive,23641
4037,204037,0,52,Self Enquiry,1,13,Salaried,Male,3,4,King,3,Single,2,0,5,1,2,VP,38215
4038,204038,1,32,Self Enquiry,3,13,Salaried,Male,4,6,Deluxe,3,Married,6,1,3,0,3,Manager,24850
4039,204039,0,27,Self Enquiry,1,13,Salaried,Female,3,5,Basic,4,Married,3,0,3,1,2,Executive,21046
4040,204040,1,59,Self Enquiry,1,30,Small Business,Female,4,4,Standard,3,Married,3,0,3,1,1,Senior Manager,28990
4041,204041,1,20,Self Enquiry,3,29,Small Business,Male,3,4,Basic,3,Single,3,1,1,1,1,Executive,20353
4042,204042,0,23,Self Enquiry,1,9,Large Business,Male,4,4,Basic,3,Married,2,0,5,1,1,Executive,21201
4043,204043,0,50,Self Enquiry,1,27,Small Business,Female,4,4,Deluxe,5,Married,3,0,1,1,1,Manager,25245
4044,204044,0,44,Company Invited,1,35,Small Business,Female,4,2,Basic,3,Unmarried,6,0,3,0,3,Executive,23417
4045,204045,0,51,Company Invited,3,19,Small Business,Fe Male,4,4,Standard,3,Unmarried,6,0,5,1,3,Senior Manager,27886
4046,204046,1,32,Self Enquiry,3,27,Salaried,Female,4,6,Deluxe,3,Married,5,1,3,0,3,Manager,23237
4047,204047,0,42,Self Enquiry,3,16,Salaried,Male,4,4,Standard,3,Married,5,1,1,0,2,Senior Manager,26867
4048,204048,0,27,Self Enquiry,2,32,Salaried,Female,4,4,Basic,3,Married,3,0,4,1,2,Executive,21620
4049,204049,0,37,Self Enquiry,1,13,Small Business,Male,3,4,Deluxe,4,Married,8,0,4,0,2,Manager,23619
4050,204050,1,52,Company Invited,1,15,Salaried,Male,3,6,Standard,3,Single,4,0,1,1,1,Senior Manager,29328
4051,204051,0,40,Self Enquiry,3,11,Salaried,Female,3,5,Deluxe,3,Married,6,0,5,1,2,Manager,24580
4052,204052,0,26,Self Enquiry,3,35,Salaried,Male,3,5,Deluxe,3,Married,4,0,4,1,2,Manager,27317
4053,204053,0,31,Self Enquiry,2,16,Salaried,Male,3,4,Deluxe,3,Married,2,1,3,1,2,Manager,25025
4054,204054,1,33,Self Enquiry,1,16,Small Business,Female,3,4,Basic,5,Unmarried,2,0,4,1,1,Executive,22878
4055,204055,0,46,Self Enquiry,1,36,Small Business,Male,3,4,Basic,3,Unmarried,7,0,1,1,1,Executive,22130
4056,204056,0,39,Self Enquiry,1,10,Large Business,Female,3,4,Deluxe,3,Unmarried,5,1,5,1,1,Manager,22995
4057,204057,0,31,Self Enquiry,1,25,Salaried,Female,4,4,Basic,3,Unmarried,3,0,1,1,3,Executive,21310
4058,204058,0,33,Company Invited,3,16,Small Business,Male,3,6,Deluxe,3,Married,2,0,1,0,2,Manager,23346
4059,204059,0,31,Self Enquiry,1,12,Large Business,Female,3,4,Basic,5,Married,7,0,5,0,2,Executive,21882
4060,204060,0,31,Self Enquiry,1,9,Small Business,Male,3,5,Basic,3,Unmarried,2,0,4,0,1,Executive,21398
4062,204062,0,42,Self Enquiry,1,16,Salaried,Male,4,4,Basic,5,Married,4,0,1,0,1,Executive,20916
4063,204063,0,20,Self Enquiry,1,10,Small Business,Female,4,4,Basic,4,Single,3,0,3,1,1,Executive,20161
4064,204064,0,41,Company Invited,1,33,Small Business,Female,3,4,Deluxe,4,Married,3,0,1,0,2,Manager,24283
4065,204065,0,36,Self Enquiry,3,7,Small Business,Male,4,4,Standard,4,Married,3,0,4,0,1,Senior Manager,25973
4066,204066,0,54,Self Enquiry,3,13,Small Business,Male,3,4,Deluxe,3,Married,4,1,5,0,2,Manager,20984
4067,204067,0,46,Self Enquiry,1,16,Salaried,Male,3,4,Deluxe,4,Married,2,0,4,1,1,Manager,21026
4068,204068,0,33,Company Invited,3,15,Small Business,Fe Male,3,4,Standard,3,Unmarried,3,0,4,1,2,Senior Manager,27676
4069,204069,0,30,Company Invited,1,7,Large Business,Male,3,4,Deluxe,3,Married,3,0,3,0,1,Manager,22997
4070,204070,0,52,Self Enquiry,1,14,Small Business,Male,3,5,Deluxe,3,Married,4,0,3,1,2,Manager,24810
4071,204071,0,59,Self Enquiry,1,16,Small Business,Female,4,5,Basic,4,Married,6,1,1,1,2,Executive,22024
4072,204072,0,41,Self Enquiry,3,11,Small Business,Male,4,5,Standard,3,Married,2,0,1,1,2,Senior Manager,29533
4073,204073,0,35,Company Invited,3,9,Small Business,Female,4,4,Basic,3,Married,8,0,5,0,1,Executive,20909
4074,204074,0,23,Self Enquiry,1,26,Small Business,Male,4,4,Basic,3,Married,3,0,1,1,1,Executive,21001
4075,204075,0,28,Company Invited,1,16,Small Business,Male,3,4,Basic,4,Married,8,0,3,1,2,Executive,20702
4076,204076,0,29,Self Enquiry,1,28,Small Business,Male,3,4,Basic,3,Married,3,0,1,0,1,Executive,21391
4077,204077,0,58,Self Enquiry,1,31,Salaried,Male,3,2,Standard,3,Married,5,1,4,1,1,Senior Manager,28117
4078,204078,0,28,Company Invited,1,10,Small Business,Male,4,5,Basic,3,Married,3,1,1,0,3,Executive,21244
4080,204080,0,42,Self Enquiry,1,21,Salaried,Male,3,4,Basic,3,Married,6,0,4,1,2,Executive,21129
4081,204081,0,31,Self Enquiry,3,12,Salaried,Female,3,4,Standard,3,Married,4,0,4,1,2,Senior Manager,28097
4082,204082,0,39,Self Enquiry,3,7,Salaried,Fe Male,3,5,Deluxe,3,Unmarried,6,0,1,0,2,Manager,27364
4083,204083,0,33,Self Enquiry,1,13,Salaried,Male,3,4,Basic,3,Unmarried,5,0,1,0,2,Executive,21716
4084,204084,0,28,Self Enquiry,1,24,Large Business,Male,3,4,Basic,4,Married,2,1,4,0,1,Executive,21736
4085,204085,1,20,Company Invited,3,7,Large Business,Female,4,6,Basic,5,Single,2,0,3,1,1,Executive,21003
4086,204086,0,37,Company Invited,1,10,Small Business,Male,2,4,Basic,4,Single,6,0,4,1,1,Executive,20766
4087,204087,0,31,Company Invited,1,16,Small Business,Male,4,4,Deluxe,5,Married,3,0,1,1,2,Manager,21750
4088,204088,0,46,Self Enquiry,3,11,Salaried,Female,2,4,Deluxe,5,Married,6,1,4,0,1,Manager,23684
4089,204089,0,57,Self Enquiry,1,15,Salaried,Female,4,4,Basic,5,Married,6,1,4,1,2,Executive,22935
4090,204090,0,34,Self Enquiry,1,9,Salaried,Male,3,4,Basic,3,Single,2,0,3,1,1,Executive,21178
4092,204092,0,47,Self Enquiry,3,7,Small Business,Female,4,4,Standard,5,Married,3,0,1,1,3,Senior Manager,29131
4093,204093,0,39,Self Enquiry,1,16,Salaried,Female,4,4,Basic,3,Single,3,0,1,1,3,Executive,20966
4094,204094,0,32,Self Enquiry,1,19,Small Business,Female,4,4,Basic,3,Married,2,1,4,1,2,Executive,22607
4095,204095,0,35,Self Enquiry,1,34,Small Business,Female,4,4,Basic,4,Single,4,0,3,0,1,Executive,20989
4096,204096,1,42,Self Enquiry,3,27,Small Business,Female,4,4,Basic,4,Unmarried,3,1,4,0,2,Executive,21818
4097,204097,0,51,Self Enquiry,1,7,Small Business,Male,3,5,Basic,3,Married,4,0,3,1,1,Executive,22368
4098,204098,0,54,Self Enquiry,1,20,Small Business,Female,3,2,Deluxe,5,Married,3,0,1,1,1,Manager,23128
4099,204099,0,34,Self Enquiry,1,21,Small Business,Female,4,4,Basic,4,Married,3,0,5,1,2,Executive,21434
4102,204102,0,35,Company Invited,1,9,Salaried,Male,3,5,Deluxe,3,Married,3,0,4,0,2,Manager,28225
4103,204103,0,52,Self Enquiry,1,10,Small Business,Female,4,4,Super Deluxe,4,Single,5,0,5,1,2,AVP,32412
4105,204105,0,28,Self Enquiry,1,16,Small Business,Female,5,4,Basic,4,Single,3,0,3,0,2,Executive,20957
4106,204106,1,36,Self Enquiry,1,30,Salaried,Male,3,5,Deluxe,3,Married,5,1,4,1,1,Manager,24594
4107,204107,0,44,Company Invited,1,14,Small Business,Male,3,2,Basic,3,Married,6,0,4,1,1,Executive,20767
4109,204109,0,38,Self Enquiry,1,28,Salaried,Male,4,2,Basic,5,Married,3,1,3,1,1,Executive,22242
4110,204110,0,36,Company Invited,1,9,Small Business,Female,3,4,Deluxe,4,Unmarried,7,0,1,0,1,Manager,23103
4111,204111,0,43,Company Invited,1,28,Small Business,Female,3,4,Deluxe,3,Married,4,0,1,0,1,Manager,23943
4112,204112,0,39,Self Enquiry,1,9,Salaried,Male,3,4,Deluxe,3,Married,2,0,1,1,2,Manager,25231
4113,204113,0,39,Self Enquiry,1,36,Large Business,Male,3,4,Deluxe,3,Married,5,0,1,0,1,Manager,24939
4114,204114,0,28,Company Invited,1,7,Large Business,Male,3,5,Deluxe,5,Married,7,0,3,1,1,Manager,22976
4115,204115,0,50,Company Invited,1,25,Salaried,Male,4,4,Deluxe,3,Married,3,1,1,0,1,Manager,25482
4116,204116,0,35,Company Invited,1,17,Small Business,Male,3,4,Basic,3,Married,3,1,3,1,2,Executive,22493
4117,204117,0,41,Self Enquiry,1,26,Small Business,Male,2,4,Deluxe,3,Married,2,1,1,1,1,Manager,21419
4118,204118,1,39,Self Enquiry,1,36,Small Business,Male,4,4,Deluxe,5,Married,2,1,3,1,3,Manager,25351
4119,204119,1,30,Self Enquiry,3,34,Small Business,Female,3,4,Standard,3,Married,3,0,3,0,1,Senior Manager,26317
4120,204120,0,23,Self Enquiry,1,12,Salaried,Male,3,2,Basic,4,Married,3,1,4,1,1,Executive,21006
4121,204121,0,37,Company Invited,1,25,Small Business,Female,4,4,Basic,3,Single,3,0,3,0,2,Executive,20831
4122,204122,0,41,Company Invited,1,16,Salaried,Male,4,5,Deluxe,3,Married,2,0,5,0,2,Manager,23554
4123,204123,0,47,Self Enquiry,1,7,Small Business,Male,4,4,Standard,5,Married,2,0,1,0,3,Senior Manager,28074
4124,204124,1,33,Self Enquiry,3,11,Small Business,Male,3,6,Standard,3,Married,3,0,1,1,1,Senior Manager,29078
4125,204125,0,31,Company Invited,1,7,Salaried,Male,3,5,Standard,3,Unmarried,3,0,5,1,2,Senior Manager,27152
4126,204126,0,28,Company Invited,3,27,Salaried,Female,3,4,Deluxe,3,Single,3,0,1,1,2,Manager,28659
4127,204127,0,52,Self Enquiry,1,15,Salaried,Male,3,5,Standard,4,Married,7,0,3,1,2,Senior Manager,31168
4128,204128,1,31,Self Enquiry,1,10,Large Business,Female,3,4,Basic,5,Unmarried,7,1,4,0,1,Executive,21335
4129,204129,0,42,Self Enquiry,3,13,Salaried,Female,4,4,Standard,3,Single,5,1,1,0,1,Senior Manager,32269
4130,204130,1,31,Company Invited,3,33,Small Business,Fe Male,3,5,Deluxe,5,Unmarried,7,0,1,1,2,Manager,25374
4131,204131,1,30,Self Enquiry,1,7,Large Business,Male,3,4,Basic,3,Single,2,0,1,0,1,Executive,20736
4132,204132,0,46,Company Invited,3,13,Small Business,Fe Male,3,5,Standard,3,Unmarried,8,0,4,1,1,Senior Manager,27543
4133,204133,0,55,Self Enquiry,3,10,Small Business,Female,3,4,Deluxe,5,Married,4,0,4,1,1,Manager,24618
4134,204134,0,37,Self Enquiry,1,12,Salaried,Male,4,4,Deluxe,4,Unmarried,2,0,1,1,2,Manager,24592
4135,204135,0,34,Self Enquiry,1,11,Small Business,Female,3,5,Basic,4,Married,8,0,4,0,2,Executive,21300
4136,204136,0,38,Company Invited,1,18,Salaried,Male,3,4,Standard,3,Married,3,1,3,1,2,Senior Manager,30863
4137,204137,0,39,Self Enquiry,3,10,Salaried,Male,4,4,Standard,3,Married,2,0,1,1,2,Senior Manager,29287
4138,204138,0,32,Company Invited,1,7,Small Business,Male,3,6,Deluxe,3,Married,2,0,3,0,1,Manager,23023
4139,204139,0,60,Self Enquiry,1,10,Salaried,Male,4,5,Basic,3,Married,5,0,3,0,1,Executive,20855
4140,204140,0,38,Company Invited,3,11,Small Business,Male,3,4,Basic,3,Married,6,0,4,1,1,Executive,21471
4141,204141,0,30,Company Invited,3,7,Small Business,Female,3,4,Standard,3,Married,3,0,3,1,2,Senior Manager,26596
4142,204142,0,36,Company Invited,3,7,Small Business,Fe Male,4,4,Standard,3,Unmarried,3,0,5,1,1,Senior Manager,27467
4143,204143,1,30,Self Enquiry,1,25,Small Business,Male,3,5,Basic,3,Single,3,1,3,0,1,Executive,21067
4144,204144,0,53,Self Enquiry,1,9,Salaried,Female,3,5,Basic,3,Unmarried,2,0,3,1,1,Executive,21890
4146,204146,0,60,Self Enquiry,2,13,Small Business,Male,3,4,Basic,3,Married,2,0,4,0,1,Executive,20945
4148,204148,1,34,Self Enquiry,1,21,Small Business,Male,3,4,Basic,3,Married,7,1,1,1,2,Executive,21114
4150,204150,1,34,Self Enquiry,1,9,Salaried,Female,3,4,Basic,5,Married,2,0,3,1,2,Executive,21385
4152,204152,0,33,Self Enquiry,3,11,Salaried,Female,3,4,Basic,4,Married,4,0,3,1,2,Executive,22609
4153,204153,1,33,Self Enquiry,1,7,Salaried,Male,4,5,Basic,3,Unmarried,2,1,5,0,3,Executive,22408
4154,204154,0,40,Self Enquiry,1,7,Small Business,Female,4,4,Basic,3,Married,2,0,3,1,1,Executive,20910
4155,204155,0,33,Company Invited,3,33,Small Business,Male,4,4,Deluxe,3,Married,2,0,4,1,2,Manager,23143
4156,204156,0,42,Self Enquiry,1,26,Salaried,Male,3,4,Deluxe,5,Married,4,0,1,0,1,Manager,21750
4157,204157,0,41,Self Enquiry,1,31,Large Business,Male,4,4,Deluxe,3,Married,3,0,3,1,2,Manager,21997
4159,204159,0,32,Company Invited,1,10,Small Business,Male,4,4,Standard,3,Married,2,0,4,1,1,Senior Manager,32353
4160,204160,0,34,Self Enquiry,1,12,Salaried,Female,4,5,Basic,3,Married,3,0,1,0,1,Executive,21589
4161,204161,0,35,Self Enquiry,1,9,Salaried,Male,3,5,Deluxe,5,Married,8,0,4,0,2,Manager,24635
4162,204162,0,38,Self Enquiry,1,7,Small Business,Female,3,5,Basic,5,Married,4,0,4,0,2,Executive,22598
4163,204163,0,46,Company Invited,1,14,Salaried,Male,4,2,Deluxe,3,Married,6,0,1,1,1,Manager,25112
4164,204164,1,38,Company Invited,1,17,Small Business,Male,4,4,Standard,3,Married,8,0,3,0,3,Senior Manager,28726
4165,204165,0,40,Company Invited,1,9,Large Business,Female,4,4,Standard,3,Single,2,0,1,1,3,Senior Manager,29616
4166,204166,0,30,Self Enquiry,1,22,Salaried,Male,3,4,Basic,3,Single,3,0,3,1,2,Executive,21018
4167,204167,0,43,Self Enquiry,1,24,Salaried,Fe Male,3,2,Deluxe,5,Unmarried,5,1,1,1,2,Manager,25223
4168,204168,0,30,Self Enquiry,3,27,Small Business,Male,3,4,Deluxe,3,Married,4,0,1,1,1,Manager,25609
4169,204169,0,26,Self Enquiry,1,7,Salaried,Female,4,4,Deluxe,3,Married,2,0,3,1,2,Manager,23576
4170,204170,0,43,Self Enquiry,1,9,Small Business,Female,3,5,Basic,5,Married,2,1,4,1,2,Executive,21271
4172,204172,0,52,Self Enquiry,1,7,Salaried,Male,4,4,Basic,3,Married,3,0,4,1,1,Executive,21401
4173,204173,1,32,Company Invited,1,36,Small Business,Male,4,5,Basic,4,Unmarried,2,0,3,0,3,Executive,22157
4174,204174,0,33,Company Invited,1,14,Salaried,Male,4,2,Basic,4,Married,3,0,1,0,2,Executive,21472
4175,204175,0,39,Company Invited,3,9,Salaried,Male,3,5,Deluxe,3,Married,5,0,5,1,2,Manager,23927
4176,204176,0,33,Self Enquiry,1,9,Large Business,Male,3,5,Deluxe,5,Single,6,0,4,0,2,Manager,20854
4177,204177,0,47,Self Enquiry,3,9,Large Business,Female,4,6,Super Deluxe,4,Married,5,1,5,1,1,AVP,35550
4178,204178,1,29,Self Enquiry,1,9,Salaried,Male,4,4,Basic,3,Unmarried,4,0,4,0,2,Executive,22163
4179,204179,0,30,Self Enquiry,3,9,Small Business,Male,4,5,Deluxe,4,Married,4,0,4,1,1,Manager,25322
4180,204180,0,32,Self Enquiry,1,30,Small Business,Male,4,5,Deluxe,3,Married,2,0,3,0,2,Manager,24260
4181,204181,0,26,Company Invited,1,12,Salaried,Male,3,2,Deluxe,5,Married,3,0,5,1,2,Manager,22678
4182,204182,0,46,Self Enquiry,1,27,Small Business,Male,4,4,Super Deluxe,3,Married,2,1,3,1,2,AVP,32174
4183,204183,0,37,Self Enquiry,1,13,Salaried,Male,3,4,Basic,3,Married,2,0,5,1,2,Executive,21888
4185,204185,1,48,Company Invited,1,36,Salaried,Male,3,4,Standard,4,Married,3,1,3,1,1,Senior Manager,30527
4186,204186,0,29,Self Enquiry,1,16,Small Business,Male,4,4,Basic,3,Married,3,0,1,1,1,Executive,20748
4187,204187,0,38,Self Enquiry,3,13,Small Business,Male,4,4,Deluxe,3,Married,6,0,3,1,1,Manager,25180
4188,204188,0,22,Self Enquiry,1,10,Small Business,Male,4,5,Basic,3,Unmarried,3,0,5,1,3,Executive,21908
4189,204189,0,38,Company Invited,1,7,Small Business,Female,4,4,Standard,3,Married,4,1,3,0,1,Senior Manager,32281
4190,204190,0,36,Self Enquiry,1,29,Salaried,Female,4,2,Standard,4,Married,2,0,5,1,3,Senior Manager,30674
4191,204191,0,39,Self Enquiry,3,14,Small Business,Female,3,2,Deluxe,5,Married,3,1,3,1,2,Manager,24283
4192,204192,0,27,Company Invited,1,7,Salaried,Female,3,4,Deluxe,4,Married,3,0,5,1,2,Manager,25075
4195,204195,0,43,Self Enquiry,3,7,Salaried,Male,2,4,Deluxe,3,Married,3,0,3,1,1,Manager,23585
4196,204196,0,30,Company Invited,3,9,Salaried,Male,3,4,Deluxe,3,Unmarried,3,0,1,0,2,Manager,23232
4197,204197,0,56,Self Enquiry,1,27,Large Business,Male,3,4,Deluxe,3,Married,5,1,1,0,1,Manager,24093
4198,204198,0,27,Company Invited,1,18,Small Business,Male,3,4,Deluxe,5,Married,3,1,3,1,1,Manager,23419
4199,204199,0,38,Self Enquiry,1,7,Salaried,Female,3,4,Basic,3,Single,3,0,1,1,1,Executive,20793
4200,204200,1,45,Company Invited,1,31,Salaried,Male,3,4,Basic,3,Married,5,1,5,0,2,Executive,21839
4201,204201,0,39,Self Enquiry,1,30,Salaried,Male,3,4,Deluxe,3,Married,2,0,3,0,2,Manager,24423
4202,204202,1,27,Self Enquiry,1,23,Small Business,Male,3,4,Basic,4,Married,4,1,1,1,1,Executive,21051
4203,204203,0,29,Self Enquiry,1,15,Salaried,Female,4,4,Basic,3,Unmarried,3,0,4,1,2,Executive,21988
4205,204205,0,37,Self Enquiry,1,10,Large Business,Male,2,4,Deluxe,4,Unmarried,6,0,1,1,1,Manager,23163
4206,204206,0,32,Company Invited,3,12,Small Business,Female,3,4,Basic,4,Married,3,0,3,0,1,Executive,21467
4207,204207,1,27,Self Enquiry,3,11,Small Business,Male,3,5,Deluxe,3,Unmarried,3,1,1,1,1,Manager,24506
4208,204208,0,38,Company Invited,1,16,Small Business,Male,3,4,Basic,3,Married,3,1,1,0,2,Executive,21004
4209,204209,0,43,Company Invited,3,33,Small Business,Female,4,4,Super Deluxe,4,Married,7,0,3,1,2,AVP,32203
4210,204210,1,19,Self Enquiry,1,10,Small Business,Male,3,4,Basic,3,Single,3,0,4,1,1,Executive,20098
4211,204211,0,36,Self Enquiry,3,23,Small Business,Male,4,4,Standard,4,Married,2,0,1,1,2,Senior Manager,26698
4212,204212,0,37,Company Invited,1,25,Salaried,Male,3,2,Basic,3,Married,6,0,5,1,2,Executive,22366
4213,204213,0,52,Self Enquiry,1,9,Small Business,Male,3,6,Deluxe,4,Married,7,0,1,0,2,Manager,24160
4216,204216,0,29,Self Enquiry,1,23,Small Business,Male,4,2,Deluxe,5,Unmarried,2,0,5,0,2,Manager,24339
4217,204217,0,32,Self Enquiry,3,14,Large Business,Male,4,2,Deluxe,3,Married,6,0,1,1,2,Manager,25607
4218,204218,0,40,Self Enquiry,1,7,Small Business,Male,3,2,Standard,3,Married,2,0,3,1,1,Senior Manager,28291
4219,204219,0,37,Company Invited,1,31,Salaried,Female,3,4,Deluxe,4,Married,2,0,3,1,2,Manager,24352
4220,204220,0,33,Self Enquiry,3,14,Salaried,Male,4,5,Deluxe,3,Married,3,0,3,1,1,Manager,24162
4221,204221,0,39,Self Enquiry,1,32,Salaried,Female,3,5,Standard,4,Married,5,0,3,0,2,Senior Manager,30739
4222,204222,0,59,Company Invited,1,7,Salaried,Male,3,6,Deluxe,3,Married,4,1,1,1,2,Manager,24338
4223,204223,0,32,Self Enquiry,1,12,Large Business,Male,3,4,Basic,3,Married,2,1,4,1,1,Executive,23499
4224,204224,0,32,Self Enquiry,2,9,Salaried,Male,4,5,Deluxe,5,Married,5,0,3,0,3,Manager,25088
4225,204225,0,46,Company Invited,1,14,Salaried,Male,4,4,Standard,5,Married,3,0,1,1,1,Senior Manager,23888
4226,204226,0,32,Self Enquiry,1,9,Salaried,Male,3,4,Basic,3,Married,2,1,4,1,2,Executive,21373
4227,204227,0,34,Company Invited,1,12,Salaried,Female,4,4,Standard,4,Married,8,0,3,1,2,Senior Manager,30556
4229,204229,0,44,Company Invited,1,17,Salaried,Female,3,4,Basic,3,Single,2,0,5,0,1,Executive,21133
4230,204230,0,50,Self Enquiry,1,7,Large Business,Female,3,5,Super Deluxe,3,Single,2,1,3,0,1,AVP,32642
4231,204231,1,53,Self Enquiry,1,15,Small Business,Male,3,5,Deluxe,4,Married,4,0,1,1,1,Manager,23619
4232,204232,0,28,Self Enquiry,1,12,Salaried,Female,3,4,Basic,4,Single,3,1,3,0,2,Executive,21156
4233,204233,0,33,Self Enquiry,3,15,Large Business,Female,4,5,Deluxe,4,Married,3,1,1,1,3,Manager,23906
4234,204234,0,28,Self Enquiry,3,9,Salaried,Male,4,4,Deluxe,3,Unmarried,3,1,4,0,2,Manager,23156
4235,204235,0,32,Self Enquiry,3,14,Small Business,Male,4,4,Deluxe,3,Married,6,0,1,0,1,Manager,26225
4236,204236,0,33,Self Enquiry,1,9,Small Business,Fe Male,4,2,Deluxe,3,Unmarried,2,0,3,0,1,Manager,23733
4237,204237,1,29,Self Enquiry,1,9,Small Business,Male,3,6,Basic,3,Married,7,1,3,1,2,Executive,22142
4238,204238,0,31,Self Enquiry,1,35,Small Business,Female,4,4,Deluxe,3,Married,3,0,3,1,3,Manager,24453
4239,204239,0,32,Company Invited,1,14,Salaried,Female,3,5,Standard,3,Married,3,0,1,1,1,Senior Manager,27621
4241,204241,1,40,Self Enquiry,3,10,Small Business,Female,3,4,Deluxe,3,Married,6,1,4,1,2,Manager,23916
4242,204242,0,34,Company Invited,3,17,Small Business,Male,3,5,Deluxe,3,Unmarried,5,0,3,1,1,Manager,23360
4244,204244,0,44,Company Invited,1,17,Salaried,Female,3,5,Deluxe,3,Married,3,0,3,1,1,Manager,23935
4245,204245,0,28,Company Invited,3,7,Small Business,Male,4,4,Deluxe,4,Married,2,1,1,0,2,Manager,25027
4246,204246,0,55,Company Invited,1,27,Salaried,Fe Male,3,4,Deluxe,3,Unmarried,5,0,4,0,2,Manager,23547
4247,204247,0,44,Self Enquiry,1,14,Salaried,Female,3,4,Standard,5,Married,2,0,5,1,1,Senior Manager,28663
4248,204248,0,46,Self Enquiry,1,15,Salaried,Male,4,4,Deluxe,3,Married,2,0,3,1,1,Manager,22375
4249,204249,0,41,Self Enquiry,3,7,Small Business,Male,3,6,Deluxe,3,Married,4,1,3,1,1,Manager,26135
4250,204250,1,30,Self Enquiry,1,15,Salaried,Male,4,6,Basic,5,Married,3,1,3,0,2,Executive,20797
4251,204251,0,30,Self Enquiry,1,16,Salaried,Male,2,5,Basic,3,Unmarried,2,0,1,1,1,Executive,22661
4252,204252,0,31,Self Enquiry,3,12,Small Business,Female,2,5,Deluxe,3,Married,3,0,1,1,1,Manager,24796
4253,204253,0,28,Self Enquiry,3,15,Small Business,Female,3,4,Deluxe,4,Married,3,0,1,0,2,Manager,24892
4254,204254,0,38,Self Enquiry,1,12,Small Business,Male,4,4,Deluxe,3,Married,2,0,3,1,3,Manager,25025
4255,204255,0,39,Self Enquiry,1,22,Salaried,Male,4,5,Standard,3,Married,2,1,5,1,3,Senior Manager,30188
4256,204256,0,32,Self Enquiry,1,14,Small Business,Fe Male,3,4,Standard,3,Unmarried,3,1,4,1,2,Senior Manager,25821
4257,204257,0,30,Self Enquiry,3,17,Small Business,Female,3,5,Deluxe,4,Married,3,1,5,1,1,Manager,26946
4258,204258,0,36,Self Enquiry,1,12,Large Business,Male,4,4,Standard,4,Unmarried,2,0,3,1,2,Senior Manager,26773
4259,204259,0,24,Self Enquiry,1,33,Salaried,Male,3,4,Basic,3,Married,3,0,1,0,2,Executive,21582
4260,204260,0,42,Self Enquiry,1,13,Small Business,Male,4,5,Deluxe,4,Unmarried,8,1,3,1,3,Manager,24710
4261,204261,0,48,Company Invited,3,11,Small Business,Male,4,4,Deluxe,3,Unmarried,5,0,4,0,3,Manager,21654
4263,204263,0,30,Company Invited,3,9,Salaried,Male,4,4,Deluxe,3,Married,3,0,1,1,2,Manager,23327
4264,204264,0,43,Self Enquiry,2,9,Large Business,Male,3,4,Basic,3,Married,2,1,4,1,2,Executive,21374
4265,204265,0,33,Self Enquiry,1,9,Small Business,Female,4,4,Basic,4,Married,3,0,4,0,2,Executive,21048
4266,204266,0,49,Self Enquiry,3,36,Small Business,Female,4,4,Standard,3,Married,5,0,4,0,2,Senior Manager,31182
4267,204267,0,38,Self Enquiry,1,13,Small Business,Male,3,2,Deluxe,5,Married,6,1,3,1,2,Manager,24652
4268,204268,0,31,Company Invited,3,32,Large Business,Female,3,4,Deluxe,3,Married,2,1,3,1,2,Manager,23414
4269,204269,0,27,Self Enquiry,3,7,Salaried,Male,3,4,Deluxe,3,Married,3,0,5,0,2,Manager,23974
4270,204270,0,43,Self Enquiry,1,9,Salaried,Male,4,5,Deluxe,3,Unmarried,5,0,1,1,1,Manager,25459
4271,204271,1,22,Company Invited,3,7,Large Business,Female,4,5,Basic,4,Single,3,1,5,1,3,Executive,20852
4272,204272,0,37,Company Invited,3,7,Small Business,Fe Male,3,4,Deluxe,3,Unmarried,6,0,1,1,2,Manager,25331
4273,204273,0,37,Company Invited,3,10,Small Business,Male,3,5,Standard,3,Married,6,0,1,0,1,Senior Manager,28377
4274,204274,0,58,Self Enquiry,1,7,Small Business,Male,3,4,Deluxe,3,Married,4,0,3,0,2,Manager,25433
4275,204275,0,41,Self Enquiry,1,17,Salaried,Female,3,2,Basic,3,Married,5,1,3,0,2,Executive,20891
4276,204276,0,22,Company Invited,3,16,Small Business,Male,3,4,Basic,3,Unmarried,3,0,4,1,1,Executive,21288
4277,204277,1,34,Self Enquiry,3,12,Small Business,Female,3,4,Basic,3,Unmarried,3,1,1,0,2,Executive,21529
4278,204278,0,38,Self Enquiry,1,17,Small Business,Female,4,4,Basic,5,Married,8,0,1,1,3,Executive,22130
4279,204279,0,47,Company Invited,1,14,Small Business,Female,2,4,Deluxe,3,Married,4,0,5,1,1,Manager,23936
4280,204280,1,42,Company Invited,3,11,Small Business,Male,3,4,Deluxe,4,Unmarried,3,0,3,1,1,Manager,28033
4281,204281,0,51,Self Enquiry,1,17,Large Business,Male,4,5,Standard,3,Single,8,0,5,1,2,Senior Manager,29174
4282,204282,1,41,Self Enquiry,3,29,Small Business,Male,4,5,Deluxe,3,Married,4,1,3,1,1,Manager,25058
4283,204283,0,32,Self Enquiry,1,16,Salaried,Male,3,5,Basic,4,Unmarried,2,1,3,1,1,Executive,21335
4284,204284,1,22,Self Enquiry,3,19,Salaried,Female,3,2,Basic,4,Unmarried,3,0,5,0,2,Executive,21394
4285,204285,0,30,Self Enquiry,1,30,Salaried,Male,3,4,Basic,3,Single,2,0,3,0,1,Executive,20879
4286,204286,0,36,Self Enquiry,1,16,Salaried,Male,4,5,Deluxe,4,Unmarried,2,0,1,0,2,Manager,25218
4287,204287,0,28,Self Enquiry,1,7,Small Business,Male,3,4,Basic,4,Married,3,0,3,0,1,Executive,22494
4288,204288,0,29,Self Enquiry,3,16,Salaried,Male,4,4,Deluxe,3,Unmarried,3,0,3,1,2,Manager,23931
4289,204289,0,50,Self Enquiry,1,14,Salaried,Male,3,5,Standard,3,Single,2,0,1,1,1,Senior Manager,29643
4290,204290,0,52,Self Enquiry,3,21,Salaried,Female,3,4,Deluxe,3,Married,6,0,3,1,1,Manager,23614
4291,204291,0,37,Self Enquiry,1,9,Salaried,Female,4,4,Basic,3,Married,6,0,5,1,1,Executive,21221
4292,204292,1,35,Company Invited,3,26,Small Business,Male,4,2,Deluxe,3,Unmarried,2,1,1,0,1,Manager,23982
4294,204294,0,25,Self Enquiry,3,17,Small Business,Female,4,4,Deluxe,3,Married,3,1,1,0,1,Manager,22938
4295,204295,0,31,Self Enquiry,3,9,Large Business,Male,4,4,Basic,4,Married,3,0,3,1,1,Executive,21154
4296,204296,1,27,Company Invited,1,10,Large Business,Male,4,4,Basic,5,Unmarried,2,0,3,0,2,Executive,21780
4297,204297,0,23,Self Enquiry,1,18,Small Business,Female,3,4,Basic,4,Married,3,0,1,1,2,Executive,20922
4298,204298,0,37,Self Enquiry,3,9,Small Business,Male,4,5,Standard,3,Married,3,0,1,1,2,Senior Manager,26274
4299,204299,1,31,Company Invited,1,11,Large Business,Male,3,4,Basic,3,Single,2,1,4,1,1,Executive,20963
4300,204300,0,38,Self Enquiry,1,21,Salaried,Female,4,4,Basic,5,Married,3,0,4,1,2,Executive,21712
4301,204301,0,41,Self Enquiry,3,9,Small Business,Female,3,4,Deluxe,4,Married,2,0,1,0,1,Manager,24393
4302,204302,0,43,Self Enquiry,1,7,Salaried,Female,4,4,Basic,5,Married,5,0,3,0,3,Executive,21254
4303,204303,0,38,Self Enquiry,1,17,Salaried,Male,3,4,Deluxe,4,Unmarried,4,1,5,0,2,Manager,22875
4304,204304,0,44,Self Enquiry,1,19,Salaried,Male,3,5,Super Deluxe,4,Married,3,0,3,1,2,AVP,33014
4305,204305,0,41,Self Enquiry,1,9,Small Business,Female,4,5,Deluxe,3,Married,8,0,5,1,2,Manager,22126
4307,204307,0,35,Company Invited,3,11,Small Business,Female,4,4,Deluxe,3,Married,2,0,1,0,1,Manager,25216
4308,204308,0,32,Self Enquiry,1,14,Small Business,Female,3,4,Deluxe,5,Married,3,0,1,1,1,Manager,22984
4309,204309,0,44,Company Invited,1,28,Small Business,Male,4,4,Basic,3,Married,2,0,4,1,3,Executive,20936
4310,204310,0,44,Self Enquiry,1,15,Salaried,Female,4,4,Deluxe,3,Married,6,1,1,1,1,Manager,23200
4311,204311,0,26,Self Enquiry,3,11,Salaried,Female,4,5,Deluxe,3,Unmarried,3,1,1,0,3,Manager,23165
4312,204312,0,38,Company Invited,1,32,Small Business,Female,4,4,Deluxe,3,Married,5,1,3,1,3,Manager,23127
4313,204313,0,32,Self Enquiry,1,7,Salaried,Male,4,5,Basic,5,Married,3,0,4,1,2,Executive,20896
4315,204315,0,57,Company Invited,3,13,Salaried,Female,3,2,Super Deluxe,5,Married,2,0,3,1,1,AVP,31890
4316,204316,0,31,Self Enquiry,3,19,Large Business,Fe Male,3,4,Deluxe,3,Unmarried,2,0,1,1,2,Manager,25255
4317,204317,0,42,Self Enquiry,3,7,Small Business,Male,3,2,Standard,5,Married,3,0,3,1,2,Senior Manager,27070
4318,204318,0,29,Self Enquiry,1,24,Small Business,Male,4,4,Deluxe,5,Married,3,0,1,0,2,Manager,23236
4319,204319,1,26,Self Enquiry,1,10,Small Business,Male,4,4,Basic,5,Married,7,0,5,1,2,Executive,22709
4320,204320,0,53,Self Enquiry,1,10,Small Business,Male,3,5,Standard,3,Married,4,1,1,1,1,Senior Manager,26647
4321,204321,0,46,Self Enquiry,1,17,Salaried,Male,4,4,Basic,3,Married,5,0,5,0,3,Executive,21332
4323,204323,0,43,Company Invited,1,36,Salaried,Female,4,4,Deluxe,3,Married,4,0,3,1,2,Manager,23234
4324,204324,0,31,Self Enquiry,1,9,Salaried,Fe Male,3,6,Deluxe,3,Unmarried,4,0,1,1,1,Manager,24769
4325,204325,0,61,Self Enquiry,1,14,Salaried,Female,3,4,King,5,Married,7,0,5,1,1,VP,38244
4326,204326,0,47,Self Enquiry,1,25,Small Business,Female,3,4,Deluxe,3,Married,4,0,5,1,2,Manager,23488
4327,204327,0,43,Company Invited,1,35,Large Business,Female,3,5,Deluxe,3,Married,2,0,3,0,2,Manager,23201
4328,204328,1,25,Self Enquiry,3,7,Large Business,Female,4,4,Basic,4,Unmarried,3,1,4,0,1,Executive,21880
4329,204329,1,35,Company Invited,3,13,Small Business,Female,3,6,Basic,3,Married,2,0,4,0,2,Executive,21029
4330,204330,0,39,Company Invited,1,9,Salaried,Male,3,4,Basic,3,Married,3,1,5,1,1,Executive,20380
4332,204332,0,27,Self Enquiry,1,30,Salaried,Female,3,4,Basic,3,Married,3,0,3,0,1,Executive,21564
4333,204333,0,31,Company Invited,1,10,Salaried,Male,3,4,Basic,3,Married,6,0,3,1,1,Executive,20775
4334,204334,0,30,Self Enquiry,1,10,Small Business,Male,4,5,Standard,3,Married,3,0,1,0,3,Senior Manager,30613
4335,204335,1,30,Self Enquiry,1,32,Large Business,Female,4,5,Basic,4,Married,7,0,3,1,3,Executive,21224
4336,204336,1,20,Self Enquiry,2,9,Large Business,Male,3,5,Basic,3,Single,3,0,3,0,1,Executive,21242
4337,204337,0,31,Company Invited,3,29,Salaried,Female,4,4,Standard,5,Married,2,0,1,1,2,Senior Manager,27090
4338,204338,0,58,Self Enquiry,3,36,Small Business,Male,3,5,Super Deluxe,3,Married,5,0,3,1,1,AVP,32796
4340,204340,0,31,Company Invited,1,9,Small Business,Female,3,4,Basic,3,Single,2,0,4,1,1,Executive,21242
4341,204341,0,61,Company Invited,3,35,Small Business,Female,4,5,Standard,5,Married,6,0,1,1,1,Senior Manager,28944
4342,204342,0,48,Self Enquiry,1,9,Small Business,Female,4,4,Deluxe,3,Married,7,0,1,0,1,Manager,23748
4344,204344,0,36,Self Enquiry,1,29,Salaried,Male,3,6,Basic,3,Unmarried,2,0,4,1,2,Executive,22908
4345,204345,0,55,Self Enquiry,1,6,Salaried,Female,3,4,Deluxe,3,Unmarried,2,0,1,0,1,Manager,22458
4346,204346,0,35,Self Enquiry,1,9,Salaried,Male,4,5,Basic,3,Married,5,0,5,1,3,Executive,21446
4347,204347,0,47,Self Enquiry,3,17,Small Business,Female,4,5,Standard,3,Married,4,1,1,0,1,Senior Manager,27749
4348,204348,0,32,Self Enquiry,1,16,Salaried,Male,3,4,Standard,4,Married,3,0,3,0,1,Senior Manager,29326
4349,204349,1,34,Self Enquiry,1,22,Small Business,Male,3,4,Standard,3,Married,2,1,5,1,1,Senior Manager,32288
4350,204350,1,34,Self Enquiry,1,17,Small Business,Male,3,6,Basic,3,Married,2,0,5,0,1,Executive,22086
4351,204351,0,31,Self Enquiry,3,14,Small Business,Male,3,4,Basic,4,Unmarried,2,0,1,0,1,Executive,21661
4352,204352,0,36,Self Enquiry,1,23,Salaried,Male,4,4,Standard,3,Married,6,1,1,0,1,Senior Manager,26310
4353,204353,1,32,Company Invited,1,27,Salaried,Male,4,4,Standard,3,Married,5,0,3,1,1,Senior Manager,28502
4354,204354,1,35,Company Invited,2,30,Salaried,Female,3,4,Standard,5,Married,2,1,3,1,1,Senior Manager,28628
4355,204355,0,43,Company Invited,1,12,Salaried,Male,4,4,Basic,3,Married,6,0,3,0,2,Executive,20771
4356,204356,0,37,Company Invited,3,17,Small Business,Male,3,4,Standard,3,Single,3,0,1,1,2,Senior Manager,28658
4357,204357,1,23,Company Invited,1,11,Large Business,Male,4,5,Basic,3,Unmarried,7,0,5,0,1,Executive,22572
4358,204358,0,49,Self Enquiry,3,9,Small Business,Female,3,4,Deluxe,3,Married,4,0,5,1,1,Manager,22729
4360,204360,0,42,Company Invited,3,17,Salaried,Male,3,4,Deluxe,3,Unmarried,2,0,1,0,2,Manager,24908
4361,204361,0,36,Self Enquiry,3,7,Small Business,Male,3,4,Deluxe,3,Married,2,0,3,0,2,Manager,23395
4362,204362,0,41,Self Enquiry,1,13,Salaried,Female,4,4,Super Deluxe,3,Single,2,0,5,1,1,AVP,31915
4363,204363,0,40,Company Invited,1,15,Salaried,Female,3,4,Basic,3,Married,3,0,1,1,2,Executive,22433
4364,204364,0,32,Self Enquiry,3,9,Salaried,Male,4,4,Deluxe,3,Unmarried,6,1,5,1,2,Manager,25260
4365,204365,0,43,Self Enquiry,1,31,Small Business,Male,3,4,Standard,5,Married,3,1,1,1,1,Senior Manager,26084
4366,204366,0,46,Self Enquiry,3,9,Salaried,Male,4,4,Deluxe,4,Married,2,0,5,1,3,Manager,23483
4367,204367,1,27,Company Invited,2,24,Salaried,Female,3,4,Basic,3,Married,2,1,5,0,2,Executive,21419
4368,204368,0,30,Self Enquiry,1,26,Large Business,Male,3,4,Deluxe,3,Married,6,0,5,1,1,Manager,22940
4370,204370,0,32,Self Enquiry,3,14,Salaried,Male,3,5,Standard,3,Married,2,0,3,1,1,Senior Manager,30235
4371,204371,1,19,Company Invited,3,12,Small Business,Male,4,4,Basic,4,Single,3,1,4,1,1,Executive,20556
4372,204372,0,41,Company Invited,3,35,Salaried,Male,3,6,Standard,5,Married,5,0,5,0,2,Senior Manager,29610
4373,204373,0,42,Company Invited,1,9,Salaried,Fe Male,4,5,Deluxe,3,Unmarried,4,1,1,0,1,Manager,25489
4374,204374,0,27,Self Enquiry,3,36,Small Business,Male,3,4,Deluxe,3,Married,7,0,5,0,1,Manager,22984
4375,204375,0,36,Self Enquiry,3,7,Small Business,Fe Male,4,4,Deluxe,3,Unmarried,3,0,4,1,1,Manager,23537
4376,204376,0,35,Self Enquiry,3,28,Salaried,Male,4,2,Deluxe,3,Unmarried,3,0,3,0,1,Manager,24015
4377,204377,1,27,Self Enquiry,1,31,Large Business,Male,4,6,Basic,3,Single,3,1,3,0,2,Executive,21018
4378,204378,0,38,Self Enquiry,1,7,Large Business,Fe Male,3,4,Standard,3,Unmarried,6,0,5,1,1,Senior Manager,26169
4379,204379,0,47,Company Invited,1,25,Small Business,Female,3,4,Standard,3,Married,7,0,3,0,2,Senior Manager,29205
4381,204381,0,38,Company Invited,3,16,Small Business,Male,4,4,Standard,4,Married,3,0,1,1,3,Senior Manager,27512
4382,204382,0,53,Self Enquiry,1,13,Large Business,Male,4,4,Deluxe,5,Married,5,1,4,1,2,Manager,24255
4383,204383,1,33,Company Invited,3,18,Salaried,Male,3,2,Deluxe,3,Married,2,0,3,1,1,Manager,23385
4384,204384,0,25,Company Invited,3,31,Small Business,Male,3,4,Basic,3,Married,2,0,4,1,2,Executive,21078
4385,204385,0,39,Self Enquiry,1,17,Small Business,Female,4,4,Deluxe,3,Married,5,0,3,0,2,Manager,28502
4386,204386,0,38,Self Enquiry,1,7,Salaried,Female,4,4,Deluxe,4,Married,8,0,1,1,3,Manager,25125
4388,204388,0,25,Self Enquiry,1,30,Small Business,Male,3,2,Basic,3,Married,3,1,4,0,1,Executive,21403
4389,204389,0,27,Self Enquiry,3,35,Small Business,Male,4,4,Deluxe,4,Married,3,0,3,0,1,Manager,24950
4390,204390,0,25,Self Enquiry,1,24,Salaried,Male,4,5,Basic,4,Married,3,0,3,1,2,Executive,20805
4392,204392,0,26,Self Enquiry,3,20,Small Business,Male,3,4,Basic,3,Married,3,0,3,1,2,Executive,20774
4393,204393,1,25,Company Invited,1,14,Salaried,Female,3,4,Basic,3,Married,3,1,4,0,1,Executive,21564
4394,204394,1,31,Company Invited,3,19,Salaried,Male,4,5,Basic,5,Married,3,0,5,1,3,Executive,20711
4395,204395,0,35,Self Enquiry,1,7,Salaried,Male,3,5,Basic,3,Married,3,1,1,1,2,Executive,22300
4396,204396,1,32,Self Enquiry,3,20,Small Business,Male,3,4,Deluxe,5,Married,4,0,1,0,2,Manager,22911
4397,204397,0,36,Self Enquiry,1,32,Salaried,Male,3,5,Deluxe,3,Unmarried,6,0,1,1,1,Manager,22359
4398,204398,0,32,Self Enquiry,3,13,Small Business,Male,4,2,Deluxe,3,Married,6,0,5,1,2,Manager,24138
4399,204399,0,28,Self Enquiry,1,13,Small Business,Female,4,5,Basic,3,Married,2,0,1,0,2,Executive,20865
4400,204400,0,38,Self Enquiry,3,9,Small Business,Male,4,4,Deluxe,3,Married,6,1,3,0,3,Manager,28280
4401,204401,0,21,Self Enquiry,1,7,Salaried,Female,3,5,Basic,4,Unmarried,3,0,4,0,2,Executive,21514
4402,204402,0,43,Self Enquiry,1,9,Salaried,Female,3,4,Deluxe,3,Married,3,0,1,0,1,Manager,22767
4404,204404,0,39,Self Enquiry,1,7,Salaried,Female,3,4,Basic,5,Unmarried,5,0,1,0,2,Executive,21297
4405,204405,0,44,Company Invited,1,16,Small Business,Male,4,4,Deluxe,3,Married,5,1,3,1,3,Manager,24357
4406,204406,0,49,Self Enquiry,1,7,Salaried,Female,3,5,Super Deluxe,5,Married,2,0,4,0,1,AVP,34080
4407,204407,0,45,Self Enquiry,2,7,Salaried,Fe Male,3,5,Deluxe,3,Unmarried,6,0,5,1,2,Manager,24663
4408,204408,0,35,Self Enquiry,3,21,Large Business,Female,3,4,Basic,3,Married,3,1,5,1,1,Executive,21257
4409,204409,1,28,Self Enquiry,3,9,Small Business,Male,3,4,Basic,5,Married,2,0,5,1,2,Executive,21719
4410,204410,0,22,Self Enquiry,3,29,Large Business,Male,3,4,Basic,3,Unmarried,3,0,1,0,1,Executive,22125
4412,204412,0,23,Self Enquiry,1,13,Small Business,Male,4,4,Basic,3,Married,2,0,1,1,2,Executive,21451
4413,204413,0,34,Self Enquiry,3,15,Small Business,Male,3,4,Deluxe,3,Married,2,0,1,0,1,Manager,25782
4414,204414,0,33,Self Enquiry,1,16,Salaried,Female,4,4,Deluxe,3,Married,3,1,5,1,3,Manager,25000
4415,204415,0,31,Company Invited,1,10,Small Business,Female,4,4,Basic,3,Married,3,0,3,1,2,Executive,20761
4416,204416,0,54,Self Enquiry,3,7,Small Business,Fe Male,3,4,Deluxe,5,Unmarried,2,0,1,1,2,Manager,27059
4417,204417,0,35,Self Enquiry,1,7,Salaried,Male,3,4,Basic,3,Married,3,0,3,1,2,Executive,21369
4418,204418,1,46,Company Invited,3,33,Salaried,Female,4,4,Deluxe,5,Married,4,0,1,0,3,Manager,22964
4419,204419,0,27,Self Enquiry,1,13,Salaried,Female,4,4,Basic,3,Married,3,1,1,0,2,Executive,21337
4420,204420,0,38,Self Enquiry,1,10,Salaried,Male,3,4,Standard,3,Married,3,0,1,1,1,Senior Manager,28112
4421,204421,0,30,Self Enquiry,3,10,Small Business,Female,4,4,Deluxe,3,Married,3,0,1,0,1,Manager,24239
4422,204422,0,36,Self Enquiry,1,13,Salaried,Male,3,6,Deluxe,3,Unmarried,3,0,5,0,2,Manager,25324
4423,204423,0,34,Company Invited,1,13,Salaried,Male,2,4,Deluxe,3,Married,5,0,5,1,1,Manager,26403
4424,204424,0,55,Self Enquiry,2,26,Small Business,Male,3,4,Standard,4,Married,4,0,3,1,2,Senior Manager,29403
4425,204425,0,37,Self Enquiry,1,16,Small Business,Male,3,5,Deluxe,4,Married,4,1,4,0,2,Manager,27525
4426,204426,0,28,Self Enquiry,1,10,Small Business,Male,3,5,Basic,3,Single,2,0,1,1,2,Executive,20723
4428,204428,1,34,Company Invited,1,10,Salaried,Male,4,4,Basic,5,Unmarried,3,1,5,1,1,Executive,22026
4430,204430,0,24,Self Enquiry,1,11,Small Business,Male,3,2,Basic,5,Married,4,0,4,0,2,Executive,21497
4431,204431,0,26,Self Enquiry,3,15,Salaried,Male,3,2,Deluxe,4,Married,2,0,4,1,1,Manager,23529
4432,204432,0,39,Self Enquiry,3,14,Small Business,Female,3,5,Deluxe,3,Unmarried,2,0,1,1,1,Manager,22706
4433,204433,0,30,Company Invited,1,7,Salaried,Male,4,6,Basic,3,Married,3,0,1,0,3,Executive,21398
4434,204434,0,49,Self Enquiry,3,9,Small Business,Male,3,2,Deluxe,4,Married,5,0,3,0,2,Manager,26798
4435,204435,0,28,Company Invited,3,10,Small Business,Female,4,2,Deluxe,3,Married,3,1,1,1,1,Manager,23325
4436,204436,0,38,Self Enquiry,1,17,Salaried,Male,4,2,Basic,3,Unmarried,5,0,4,1,3,Executive,23358
4437,204437,0,51,Self Enquiry,1,35,Small Business,Male,4,2,Basic,3,Married,3,1,1,0,2,Executive,21899
4438,204438,0,35,Self Enquiry,1,16,Small Business,Fe Male,3,5,Standard,4,Unmarried,3,0,1,1,1,Senior Manager,27299
4439,204439,1,25,Self Enquiry,3,10,Salaried,Female,4,4,Deluxe,3,Unmarried,2,0,1,1,2,Manager,23255
4440,204440,0,40,Self Enquiry,1,9,Large Business,Female,4,5,Deluxe,3,Unmarried,3,0,1,1,2,Manager,23231
4441,204441,0,33,Self Enquiry,3,17,Small Business,Male,3,4,Deluxe,3,Unmarried,3,0,4,1,2,Manager,24074
4442,204442,1,51,Company Invited,3,15,Large Business,Male,3,4,Deluxe,3,Married,5,1,5,0,1,Manager,25474
4443,204443,0,39,Self Enquiry,1,7,Salaried,Fe Male,3,2,Deluxe,3,Unmarried,2,0,1,0,1,Manager,26303
4444,204444,0,28,Self Enquiry,1,7,Salaried,Female,4,4,Standard,5,Married,3,0,4,0,3,Senior Manager,26090
4445,204445,0,33,Self Enquiry,1,10,Salaried,Female,3,4,Standard,3,Single,5,0,1,1,1,Senior Manager,29837
4446,204446,0,48,Self Enquiry,3,21,Small Business,Male,3,4,Deluxe,5,Unmarried,4,0,1,1,2,Manager,23638
4447,204447,0,41,Company Invited,3,12,Salaried,Male,3,5,Standard,5,Married,7,1,5,0,1,Senior Manager,29153
4448,204448,0,54,Self Enquiry,1,14,Salaried,Male,3,2,Super Deluxe,3,Married,5,0,1,0,2,AVP,33492
4450,204450,0,61,Self Enquiry,3,23,Small Business,Male,3,4,Deluxe,5,Unmarried,2,0,4,1,2,Manager,24083
4451,204451,0,28,Company Invited,1,17,Salaried,Male,3,4,Standard,5,Married,3,0,3,0,2,Senior Manager,27471
4453,204453,0,51,Self Enquiry,3,15,Small Business,Male,3,4,Basic,4,Married,2,0,1,0,2,Executive,22553
4454,204454,1,29,Self Enquiry,1,7,Salaried,Female,4,6,Basic,4,Single,2,1,1,1,3,Executive,20894
4455,204455,0,37,Company Invited,1,15,Salaried,Female,4,2,Standard,5,Married,2,0,3,0,2,Senior Manager,30391
4456,204456,0,39,Self Enquiry,1,7,Salaried,Fe Male,3,4,Standard,3,Unmarried,6,1,1,0,2,Senior Manager,26539
4457,204457,0,45,Company Invited,1,31,Small Business,Male,3,6,Basic,3,Unmarried,4,0,3,0,1,Executive,22386
4458,204458,0,48,Company Invited,3,10,Small Business,Female,3,4,Super Deluxe,3,Married,2,1,5,1,1,AVP,32448
4459,204459,0,31,Self Enquiry,3,34,Small Business,Male,4,4,Deluxe,3,Married,2,0,3,1,3,Manager,23982
4460,204460,0,30,Self Enquiry,3,17,Salaried,Male,4,4,Basic,3,Unmarried,3,0,4,1,1,Executive,21320
4461,204461,1,43,Company Invited,1,26,Small Business,Male,3,2,Basic,3,Married,8,1,3,0,1,Executive,21437
4462,204462,0,44,Company Invited,3,22,Salaried,Male,3,5,Deluxe,3,Married,5,0,5,1,1,Manager,25482
4463,204463,0,35,Self Enquiry,1,15,Small Business,Fe Male,4,4,Deluxe,3,Unmarried,5,0,4,0,2,Manager,24820
4464,204464,0,24,Self Enquiry,1,16,Small Business,Male,3,4,Basic,5,Married,3,0,3,1,1,Executive,21178
4465,204465,0,40,Self Enquiry,2,10,Salaried,Female,3,2,Deluxe,4,Married,2,0,1,0,1,Manager,25067
4466,204466,0,57,Self Enquiry,1,16,Small Business,Male,3,4,Super Deluxe,3,Married,2,0,4,0,1,AVP,29781
4467,204467,0,41,Self Enquiry,1,9,Small Business,Female,3,5,Basic,3,Single,2,1,3,0,1,Executive,21020
4468,204468,0,28,Self Enquiry,1,14,Small Business,Fe Male,3,5,Deluxe,5,Unmarried,2,0,3,1,1,Manager,25489
4469,204469,0,30,Self Enquiry,3,17,Small Business,Male,3,4,Basic,4,Married,3,0,1,1,1,Executive,20975
4470,204470,0,54,Self Enquiry,1,13,Salaried,Male,3,4,Deluxe,3,Single,4,0,5,1,2,Manager,21128
4471,204471,0,36,Company Invited,1,9,Salaried,Female,4,4,Deluxe,5,Married,4,0,4,1,3,Manager,23771
4472,204472,0,33,Company Invited,1,31,Salaried,Male,4,4,Deluxe,3,Married,3,0,4,1,3,Manager,23987
4473,204473,0,39,Self Enquiry,1,9,Small Business,Male,4,4,Basic,3,Married,8,1,4,0,3,Executive,21735
4474,204474,0,35,Self Enquiry,1,15,Salaried,Female,3,4,Deluxe,5,Married,5,0,5,1,2,Manager,23799
4476,204476,1,34,Self Enquiry,1,7,Salaried,Male,4,4,Basic,3,Unmarried,3,1,3,1,1,Executive,21364
4477,204477,0,26,Self Enquiry,3,33,Small Business,Fe Male,3,4,Deluxe,3,Unmarried,3,0,4,0,1,Manager,24858
4478,204478,0,46,Self Enquiry,3,9,Large Business,Male,3,6,Deluxe,3,Unmarried,2,0,5,1,2,Manager,25310
4479,204479,0,24,Self Enquiry,1,17,Small Business,Male,4,2,Basic,3,Unmarried,3,0,1,0,2,Executive,22183
4480,204480,1,48,Company Invited,3,34,Salaried,Fe Male,4,2,Deluxe,3,Unmarried,6,1,4,0,2,Manager,25075
4481,204481,0,35,Self Enquiry,3,9,Salaried,Male,3,4,Deluxe,3,Unmarried,3,0,5,0,2,Manager,24952
4483,204483,0,37,Company Invited,3,15,Salaried,Male,4,5,Standard,5,Unmarried,3,0,1,0,1,Senior Manager,26265
4484,204484,0,53,Company Invited,1,26,Small Business,Male,3,4,Basic,3,Married,2,0,3,1,1,Executive,22936
4485,204485,0,27,Company Invited,1,7,Salaried,Female,4,6,Basic,3,Married,5,0,4,1,1,Executive,23042
4486,204486,0,30,Self Enquiry,1,34,Small Business,Female,4,4,Deluxe,3,Married,6,0,1,0,2,Manager,23013
4487,204487,1,27,Self Enquiry,3,15,Large Business,Male,3,5,Deluxe,5,Unmarried,8,0,3,0,1,Manager,24004
4488,204488,0,35,Self Enquiry,1,7,Salaried,Female,4,2,Basic,3,Unmarried,4,0,1,1,2,Executive,21958
4489,204489,0,55,Self Enquiry,1,26,Small Business,Female,4,4,Deluxe,5,Married,2,1,3,0,3,Manager,24163
4490,204490,0,28,Company Invited,3,15,Small Business,Male,3,4,Deluxe,3,Married,2,0,3,1,2,Manager,23020
4491,204491,0,38,Self Enquiry,1,17,Salaried,Female,3,4,Basic,5,Married,2,1,3,1,1,Executive,21460
4492,204492,0,39,Company Invited,1,9,Salaried,Fe Male,4,2,Deluxe,5,Unmarried,8,1,1,0,1,Manager,24658
4493,204493,0,35,Self Enquiry,1,9,Small Business,Female,3,5,Basic,5,Unmarried,3,0,1,1,1,Executive,23059
4494,204494,0,36,Self Enquiry,3,15,Salaried,Female,4,4,Basic,3,Married,3,0,3,1,3,Executive,21250
4495,204495,0,31,Self Enquiry,1,7,Salaried,Male,3,6,Basic,3,Married,5,0,4,1,1,Executive,22511
4496,204496,0,41,Company Invited,1,9,Small Business,Female,3,2,Deluxe,4,Married,3,0,3,0,1,Manager,22922
4497,204497,0,35,Self Enquiry,3,15,Salaried,Female,4,4,Deluxe,5,Married,7,0,1,1,3,Manager,25178
4499,204499,1,24,Self Enquiry,1,13,Salaried,Male,4,2,Basic,5,Married,3,1,3,0,1,Executive,20279
4500,204500,0,25,Company Invited,1,16,Salaried,Male,3,5,Basic,4,Married,3,0,5,0,2,Executive,21372
4501,204501,0,53,Self Enquiry,1,18,Salaried,Female,3,4,Deluxe,3,Married,2,0,1,1,1,Manager,21827
4503,204503,1,30,Self Enquiry,1,7,Salaried,Female,3,5,Basic,5,Married,3,1,1,0,1,Executive,20997
4504,204504,0,34,Self Enquiry,1,14,Small Business,Male,3,4,Standard,3,Married,2,0,4,1,1,Senior Manager,30369
4505,204505,1,34,Self Enquiry,3,23,Small Business,Fe Male,4,4,Deluxe,5,Unmarried,7,0,3,1,1,Manager,24002
4507,204507,0,37,Self Enquiry,1,7,Salaried,Female,3,4,Deluxe,4,Married,2,0,5,1,2,Manager,23906
4508,204508,0,30,Self Enquiry,1,30,Salaried,Male,3,2,Basic,3,Married,3,0,1,1,2,Executive,21378
4510,204510,0,36,Self Enquiry,1,7,Salaried,Female,3,2,Basic,3,Single,5,0,3,1,2,Executive,21184
4511,204511,0,43,Self Enquiry,1,7,Salaried,Female,3,5,Deluxe,3,Married,2,1,3,0,1,Manager,24740
4512,204512,1,29,Self Enquiry,1,9,Small Business,Male,3,4,Basic,3,Unmarried,8,0,3,1,2,Executive,23060
4513,204513,0,37,Self Enquiry,2,20,Salaried,Male,3,4,Basic,4,Married,6,0,3,1,2,Executive,20821
4514,204514,0,33,Self Enquiry,1,11,Salaried,Female,4,5,Deluxe,3,Married,3,0,4,1,2,Manager,24840
4515,204515,0,41,Company Invited,1,23,Small Business,Male,3,5,Deluxe,3,Unmarried,8,0,5,0,1,Manager,23772
4516,204516,0,31,Self Enquiry,1,9,Small Business,Fe Male,3,5,Deluxe,3,Unmarried,7,1,1,1,2,Manager,25555
4517,204517,0,46,Self Enquiry,1,9,Salaried,Female,4,5,Basic,3,Single,3,0,3,1,1,Executive,20952
4518,204518,0,43,Self Enquiry,1,36,Salaried,Male,4,4,Deluxe,4,Married,3,0,3,1,1,Manager,23112
4519,204519,0,39,Company Invited,1,19,Salaried,Male,2,5,Deluxe,5,Married,4,0,5,1,1,Manager,24966
4520,204520,0,35,Company Invited,1,23,Salaried,Female,4,5,Basic,3,Single,3,0,5,1,3,Executive,21231
4521,204521,1,50,Self Enquiry,3,18,Small Business,Female,3,4,Standard,3,Married,3,0,4,0,1,Senior Manager,26332
4522,204522,1,56,Self Enquiry,3,9,Small Business,Male,3,4,Deluxe,3,Unmarried,6,0,1,1,1,Manager,23838
4524,204524,0,28,Self Enquiry,1,12,Large Business,Male,3,5,Standard,3,Married,3,1,3,1,2,Senior Manager,31486
4525,204525,0,36,Self Enquiry,1,14,Salaried,Male,3,4,Standard,3,Single,5,0,3,0,2,Senior Manager,28899
4526,204526,0,29,Self Enquiry,3,9,Small Business,Female,3,4,Deluxe,4,Married,3,1,3,1,2,Manager,23457
4527,204527,0,35,Self Enquiry,2,10,Salaried,Male,3,4,Basic,3,Married,2,0,1,1,1,Executive,22415
4528,204528,1,27,Company Invited,1,12,Small Business,Female,3,5,Basic,3,Married,3,1,1,0,2,Executive,21044
4529,204529,0,28,Company Invited,1,10,Small Business,Male,3,4,Basic,3,Married,3,0,1,0,1,Executive,20384
4531,204531,0,45,Self Enquiry,1,11,Small Business,Male,3,4,Deluxe,4,Unmarried,2,0,1,1,2,Manager,24611
4532,204532,0,26,Self Enquiry,1,9,Small Business,Male,4,2,Basic,5,Unmarried,2,0,1,0,2,Executive,22102
4533,204533,0,34,Self Enquiry,3,7,Small Business,Male,3,2,Deluxe,5,Married,3,0,4,0,2,Manager,22715
4534,204534,0,36,Self Enquiry,1,34,Small Business,Female,3,5,Basic,5,Single,3,0,4,0,2,Executive,21237
4535,204535,0,37,Self Enquiry,3,7,Salaried,Male,3,4,Deluxe,3,Married,3,1,3,1,2,Manager,24879
4536,204536,0,33,Self Enquiry,3,20,Salaried,Male,4,4,Deluxe,3,Married,4,0,1,0,3,Manager,23081
4537,204537,0,31,Company Invited,1,12,Salaried,Male,4,5,Basic,3,Married,2,0,5,0,1,Executive,22439
4538,204538,0,54,Self Enquiry,3,14,Small Business,Female,4,5,Standard,3,Married,2,1,1,0,2,Senior Manager,29612
4539,204539,0,46,Self Enquiry,3,16,Small Business,Male,4,4,Standard,5,Married,6,1,1,0,1,Senior Manager,29439
4540,204540,0,33,Self Enquiry,1,15,Small Business,Female,4,2,Deluxe,3,Married,7,0,3,1,3,Manager,23853
4541,204541,0,53,Company Invited,1,32,Small Business,Female,3,5,Super Deluxe,3,Married,5,0,5,0,2,AVP,32504
4542,204542,0,38,Self Enquiry,3,23,Small Business,Male,4,5,Deluxe,3,Married,6,0,5,1,1,Manager,25012
4543,204543,0,29,Self Enquiry,2,15,Small Business,Male,4,5,Basic,3,Married,3,0,1,1,1,Executive,23614
4544,204544,0,23,Self Enquiry,1,7,Salaried,Male,3,5,Deluxe,3,Married,8,0,1,1,2,Manager,23453
4545,204545,0,45,Self Enquiry,1,15,Salaried,Male,4,2,Basic,3,Married,4,1,3,1,1,Executive,21496
4546,204546,0,43,Company Invited,1,9,Small Business,Male,3,4,Basic,3,Single,7,1,1,1,2,Executive,21193
4547,204547,0,37,Self Enquiry,2,15,Salaried,Male,4,5,Basic,5,Married,2,0,1,0,2,Executive,21020
4548,204548,0,26,Self Enquiry,3,10,Salaried,Male,4,4,Deluxe,5,Married,3,1,4,0,3,Manager,22872
4549,204549,0,36,Self Enquiry,1,16,Salaried,Female,4,5,Standard,3,Married,3,1,4,1,3,Senior Manager,29363
4550,204550,1,36,Company Invited,1,32,Salaried,Female,4,4,Basic,4,Married,3,1,3,1,2,Executive,20700
4551,204551,0,33,Company Invited,1,7,Salaried,Male,4,4,Basic,3,Married,2,0,5,1,1,Executive,20992
4552,204552,0,26,Self Enquiry,3,11,Small Business,Male,3,5,Deluxe,5,Married,3,0,3,1,2,Manager,22934
4553,204553,0,50,Self Enquiry,1,7,Large Business,Female,3,4,Basic,5,Married,4,0,4,0,1,Executive,22258
4554,204554,0,25,Company Invited,1,11,Salaried,Male,3,5,Basic,3,Married,2,0,3,0,2,Executive,21840
4555,204555,0,33,Company Invited,3,12,Salaried,Male,3,4,Deluxe,4,Married,3,0,3,1,2,Manager,25202
4556,204556,0,39,Self Enquiry,3,16,Small Business,Male,4,5,Basic,4,Married,2,0,4,0,3,Executive,21577
4557,204557,0,43,Self Enquiry,1,10,Salaried,Female,4,2,Deluxe,3,Married,4,1,5,1,1,Manager,23909
4558,204558,0,32,Self Enquiry,1,18,Salaried,Male,3,4,Basic,3,Married,5,1,3,0,1,Executive,21034
4559,204559,1,30,Self Enquiry,3,7,Small Business,Female,3,5,Basic,3,Married,8,1,1,1,2,Executive,21478
4560,204560,0,54,Self Enquiry,3,15,Small Business,Male,4,4,Super Deluxe,3,Married,7,0,3,1,1,AVP,30514
4561,204561,0,36,Self Enquiry,1,32,Large Business,Male,4,5,Standard,4,Married,5,0,3,1,2,Senior Manager,29581
4562,204562,0,38,Company Invited,3,28,Small Business,Female,3,4,Basic,3,Married,7,0,1,1,1,Executive,21651
4563,204563,0,54,Self Enquiry,1,30,Salaried,Female,4,4,Super Deluxe,3,Single,8,0,5,1,2,AVP,32953
4564,204564,0,44,Company Invited,1,7,Salaried,Female,3,4,Deluxe,3,Married,6,0,1,1,2,Manager,24240
4565,204565,0,48,Self Enquiry,3,9,Small Business,Female,3,4,Deluxe,3,Married,2,1,1,1,2,Manager,23215
4566,204566,0,38,Company Invited,3,26,Small Business,Male,3,4,Standard,4,Unmarried,3,1,5,0,1,Senior Manager,26320
4568,204568,0,40,Self Enquiry,2,9,Salaried,Female,3,5,Deluxe,3,Married,2,0,3,1,1,Manager,23882
4569,204569,0,34,Self Enquiry,2,10,Salaried,Male,3,4,Basic,4,Married,5,1,5,0,2,Executive,20955
4570,204570,1,33,Self Enquiry,1,32,Salaried,Male,3,4,Basic,3,Unmarried,3,1,5,0,1,Executive,21473
4571,204571,0,30,Self Enquiry,1,14,Small Business,Female,4,5,Basic,3,Married,8,0,5,1,2,Executive,21210
4572,204572,0,45,Self Enquiry,1,16,Salaried,Male,4,4,Basic,5,Married,3,1,3,1,1,Executive,21237
4573,204573,0,29,Self Enquiry,3,12,Small Business,Male,4,4,Deluxe,3,Unmarried,3,0,3,0,2,Manager,23586
4574,204574,1,59,Company Invited,1,9,Salaried,Male,3,5,Basic,3,Married,2,1,1,1,1,Executive,21058
4575,204575,0,44,Self Enquiry,1,15,Salaried,Female,3,4,Deluxe,4,Married,6,0,3,1,1,Manager,23443
4576,204576,1,21,Self Enquiry,3,9,Small Business,Female,3,5,Basic,3,Single,3,0,4,1,1,Executive,20722
4577,204577,1,22,Self Enquiry,1,25,Salaried,Female,4,4,Basic,3,Unmarried,3,0,3,1,3,Executive,21371
4578,204578,0,37,Self Enquiry,1,21,Salaried,Male,4,4,Deluxe,3,Married,2,1,5,1,1,Manager,25264
4579,204579,0,48,Self Enquiry,3,9,Salaried,Female,4,5,Basic,3,Unmarried,3,1,1,0,1,Executive,21972
4580,204580,1,23,Self Enquiry,1,10,Salaried,Female,3,4,Deluxe,3,Married,2,1,5,1,2,Manager,22849
4581,204581,1,42,Self Enquiry,1,9,Salaried,Female,3,6,Basic,3,Married,6,1,3,0,2,Executive,21456
4582,204582,0,29,Self Enquiry,1,16,Small Business,Female,4,4,Basic,3,Married,7,0,3,0,1,Executive,21055
4583,204583,1,40,Self Enquiry,1,13,Small Business,Male,4,4,Basic,5,Married,2,1,1,1,2,Executive,21082
4584,204584,0,28,Self Enquiry,1,11,Salaried,Female,4,4,Basic,3,Single,3,0,1,0,1,Executive,20996
4585,204585,0,35,Self Enquiry,1,17,Salaried,Male,3,4,Basic,4,Married,3,0,1,1,2,Executive,20686
4586,204586,0,43,Self Enquiry,3,21,Small Business,Fe Male,4,5,Deluxe,3,Unmarried,2,0,3,1,1,Manager,24922
4587,204587,0,34,Self Enquiry,1,7,Salaried,Male,4,5,Basic,5,Unmarried,5,1,4,1,2,Executive,21477
4588,204588,0,59,Self Enquiry,1,12,Large Business,Female,3,5,Standard,4,Married,4,1,5,1,2,Senior Manager,29230
4589,204589,0,32,Self Enquiry,3,14,Salaried,Male,3,5,Basic,3,Married,5,0,4,1,2,Executive,21007
4590,204590,0,36,Self Enquiry,1,28,Salaried,Female,3,4,Deluxe,3,Married,3,1,3,0,1,Manager,22692
4591,204591,0,50,Self Enquiry,1,15,Salaried,Female,3,4,Standard,4,Married,6,0,4,0,2,Senior Manager,26081
4592,204592,0,49,Self Enquiry,1,27,Small Business,Male,3,4,Basic,3,Married,6,0,1,1,1,Executive,20937
4593,204593,0,32,Company Invited,3,27,Small Business,Female,3,4,Deluxe,3,Married,3,0,1,1,2,Manager,25610
4594,204594,0,37,Self Enquiry,1,14,Salaried,Male,4,4,Basic,3,Unmarried,4,0,3,1,3,Executive,23356
4595,204595,0,39,Self Enquiry,1,7,Large Business,Female,4,4,Standard,5,Married,3,0,4,1,2,Senior Manager,32260
4596,204596,0,33,Company Invited,1,7,Salaried,Female,4,5,Basic,4,Married,8,0,3,0,3,Executive,21010
4597,204597,1,26,Self Enquiry,3,26,Small Business,Male,3,5,Basic,4,Married,3,1,1,0,2,Executive,21091
4598,204598,0,41,Self Enquiry,3,17,Small Business,Male,4,5,Standard,4,Married,4,0,4,0,1,Senior Manager,28383
4599,204599,0,27,Company Invited,3,7,Small Business,Male,3,5,Deluxe,5,Unmarried,3,0,3,0,1,Manager,22972
4600,204600,0,42,Self Enquiry,1,13,Small Business,Male,3,4,Basic,5,Unmarried,4,1,4,1,2,Executive,23399
4601,204601,0,37,Self Enquiry,1,9,Small Business,Male,4,4,Basic,3,Single,6,0,5,1,2,Executive,21197
4602,204602,1,20,Self Enquiry,3,28,Salaried,Male,3,5,Basic,4,Single,3,1,1,1,2,Executive,20799
4603,204603,1,21,Self Enquiry,1,11,Large Business,Male,3,4,Basic,5,Unmarried,3,0,3,1,1,Executive,21651
4604,204604,0,32,Self Enquiry,1,19,Small Business,Female,3,4,Deluxe,3,Married,2,1,4,1,1,Manager,24533
4605,204605,0,41,Company Invited,1,16,Small Business,Male,3,4,Basic,4,Married,2,1,4,0,1,Executive,22295
4606,204606,0,33,Self Enquiry,1,10,Small Business,Female,4,4,Deluxe,5,Married,3,0,1,1,1,Manager,25403
4607,204607,1,37,Self Enquiry,3,10,Salaried,Male,3,5,Standard,3,Married,3,1,1,1,1,Senior Manager,29003
4608,204608,0,34,Self Enquiry,1,7,Salaried,Fe Male,3,5,Deluxe,3,Unmarried,2,0,4,1,2,Manager,25627
4609,204609,1,38,Self Enquiry,3,7,Salaried,Male,3,5,Standard,3,Married,7,0,1,1,2,Senior Manager,29287
4610,204610,0,46,Company Invited,1,11,Salaried,Male,3,4,Deluxe,4,Married,3,0,4,1,1,Manager,23125
4611,204611,0,30,Company Invited,3,27,Large Business,Female,3,4,Basic,3,Married,3,0,3,0,2,Executive,20835
4612,204612,0,36,Self Enquiry,3,25,Small Business,Female,3,4,Deluxe,3,Married,3,0,4,1,2,Manager,23279
4614,204614,1,59,Self Enquiry,1,9,Large Business,Male,3,4,Basic,3,Single,6,0,1,0,1,Executive,21157
4615,204615,0,54,Self Enquiry,3,9,Small Business,Male,3,4,Super Deluxe,3,Married,8,0,3,1,1,AVP,33530
4616,204616,0,31,Self Enquiry,3,15,Salaried,Male,4,4,Standard,3,Married,7,0,3,1,1,Senior Manager,25942
4617,204617,0,39,Company Invited,3,17,Large Business,Fe Male,3,4,Deluxe,3,Unmarried,3,1,3,1,1,Manager,24344
4618,204618,0,36,Self Enquiry,3,10,Salaried,Male,4,4,Standard,3,Married,8,0,5,0,3,Senior Manager,26501
4619,204619,0,40,Self Enquiry,3,9,Salaried,Male,3,2,Standard,3,Unmarried,2,0,1,0,1,Senior Manager,26558
4620,204620,1,41,Company Invited,3,31,Salaried,Female,4,2,Super Deluxe,4,Single,6,1,3,1,1,AVP,31872
4621,204621,0,48,Company Invited,1,23,Small Business,Male,4,2,Deluxe,3,Married,3,1,1,1,1,Manager,23745
4622,204622,0,37,Company Invited,3,15,Large Business,Male,3,4,Deluxe,3,Married,6,0,3,1,2,Manager,23757
4623,204623,1,32,Company Invited,1,16,Small Business,Male,3,5,Basic,5,Single,2,1,3,0,2,Executive,20999
4625,204625,1,30,Self Enquiry,1,17,Salaried,Female,4,5,Basic,5,Single,8,1,5,1,1,Executive,21082
4626,204626,0,34,Self Enquiry,1,20,Salaried,Female,3,4,Basic,3,Unmarried,5,0,3,1,1,Executive,22130
4627,204627,0,46,Self Enquiry,1,7,Small Business,Female,4,4,Basic,3,Married,5,0,5,1,1,Executive,20948
4629,204629,0,34,Company Invited,1,7,Salaried,Female,3,2,Deluxe,4,Married,3,1,3,1,1,Manager,24166
4631,204631,0,28,Self Enquiry,1,23,Large Business,Female,3,4,Basic,4,Married,2,0,1,1,1,Executive,21489
4632,204632,0,46,Company Invited,1,30,Salaried,Male,3,4,Deluxe,5,Married,3,1,1,1,1,Manager,22311
4633,204633,0,48,Self Enquiry,3,11,Salaried,Female,3,4,Deluxe,3,Unmarried,3,1,3,1,2,Manager,22841
4634,204634,1,31,Self Enquiry,1,29,Salaried,Female,3,4,Basic,3,Married,6,1,1,0,1,Executive,20810
4635,204635,0,51,Self Enquiry,1,31,Salaried,Male,4,4,Super Deluxe,3,Married,5,1,4,1,3,AVP,32651
4636,204636,0,39,Company Invited,1,17,Small Business,Male,4,4,Basic,3,Married,2,0,5,0,1,Executive,21362
4637,204637,0,47,Self Enquiry,1,14,Small Business,Male,4,4,Standard,3,Married,8,0,1,1,2,Senior Manager,29523
4638,204638,0,25,Self Enquiry,1,24,Small Business,Female,3,5,Deluxe,3,Married,3,0,3,0,1,Manager,23055
4639,204639,1,36,Self Enquiry,1,21,Salaried,Male,3,5,Basic,4,Married,3,1,5,1,2,Executive,22421
4640,204640,0,32,Company Invited,1,7,Salaried,Female,4,4,Deluxe,5,Married,3,0,5,1,1,Manager,22826
4642,204642,0,55,Self Enquiry,1,24,Large Business,Female,3,4,Standard,3,Married,2,0,5,0,1,Senior Manager,29417
4643,204643,0,36,Self Enquiry,1,32,Small Business,Female,3,4,Standard,3,Married,3,1,3,0,2,Senior Manager,29066
4644,204644,0,31,Self Enquiry,1,15,Salaried,Female,4,2,Standard,5,Married,2,1,1,0,3,Senior Manager,30094
4645,204645,1,21,Self Enquiry,1,18,Small Business,Female,4,5,Basic,5,Unmarried,3,1,3,1,3,Executive,21278
4646,204646,1,31,Company Invited,1,12,Small Business,Female,3,4,Basic,4,Single,2,0,3,0,1,Executive,21100
4647,204647,0,27,Self Enquiry,1,9,Small Business,Male,3,2,Deluxe,3,Married,3,0,3,1,2,Manager,24150
4648,204648,0,23,Self Enquiry,1,15,Salaried,Male,4,6,Basic,5,Married,3,0,1,0,2,Executive,21129
4649,204649,0,49,Self Enquiry,1,13,Salaried,Male,4,5,Deluxe,3,Unmarried,4,0,1,0,3,Manager,22918
4650,204650,0,49,Self Enquiry,1,11,Salaried,Male,4,5,Standard,3,Single,2,0,5,1,1,Senior Manager,29677
4651,204651,0,42,Self Enquiry,1,14,Small Business,Fe Male,3,4,Deluxe,3,Unmarried,8,0,3,1,2,Manager,23681
4652,204652,0,40,Self Enquiry,1,7,Salaried,Female,4,5,Super Deluxe,3,Married,3,0,3,1,1,AVP,31420
4653,204653,0,28,Self Enquiry,1,9,Salaried,Female,3,4,Deluxe,3,Married,2,0,5,1,1,Manager,22905
4654,204654,0,36,Self Enquiry,1,17,Salaried,Male,3,4,Basic,3,Married,3,0,5,0,1,Executive,22595
4656,204656,0,51,Self Enquiry,1,16,Salaried,Male,4,4,Basic,3,Married,6,0,5,1,3,Executive,21058
4657,204657,0,60,Self Enquiry,1,9,Salaried,Female,4,5,Super Deluxe,3,Single,5,1,5,1,1,AVP,32404
4658,204658,1,38,Self Enquiry,1,18,Small Business,Female,4,6,Deluxe,4,Married,7,0,4,1,1,Manager,23455
4659,204659,0,56,Company Invited,1,25,Small Business,Male,4,4,Deluxe,4,Married,5,1,5,1,2,Manager,25063
4661,204661,0,39,Self Enquiry,3,10,Salaried,Male,3,4,Deluxe,3,Unmarried,2,1,3,1,1,Manager,25539
4662,204662,1,27,Company Invited,3,36,Small Business,Male,4,6,Deluxe,5,Unmarried,2,0,3,1,2,Manager,23647
4664,204664,0,45,Self Enquiry,3,35,Small Business,Female,3,2,Super Deluxe,3,Married,5,1,1,1,1,AVP,31998
4665,204665,0,51,Company Invited,3,7,Salaried,Female,4,4,Deluxe,3,Married,2,0,1,0,2,Manager,25025
4666,204666,1,37,Self Enquiry,1,23,Salaried,Female,3,2,Basic,5,Unmarried,3,0,1,1,1,Executive,21421
4667,204667,0,40,Company Invited,1,29,Small Business,Female,3,4,Standard,5,Single,3,1,5,1,2,Senior Manager,29558
4668,204668,0,34,Company Invited,3,15,Salaried,Female,3,5,Basic,3,Single,2,0,1,0,2,Executive,21020
4670,204670,0,33,Company Invited,1,36,Small Business,Female,4,4,Basic,3,Unmarried,2,0,3,1,3,Executive,22703
4671,204671,0,35,Self Enquiry,3,7,Small Business,Male,4,2,Deluxe,3,Married,2,0,5,0,2,Manager,28403
4672,204672,0,60,Self Enquiry,3,7,Large Business,Male,4,4,Standard,3,Married,5,1,1,1,1,Senior Manager,30582
4673,204673,0,46,Self Enquiry,2,31,Small Business,Male,3,4,Basic,4,Single,3,0,4,0,2,Executive,20855
4674,204674,0,54,Company Invited,3,9,Small Business,Female,3,5,Standard,4,Married,4,0,1,1,1,Senior Manager,26203
4675,204675,1,37,Self Enquiry,1,22,Salaried,Male,3,4,Deluxe,3,Married,2,0,4,0,2,Manager,23512
4676,204676,1,27,Company Invited,1,9,Salaried,Male,3,4,Basic,5,Married,8,1,5,0,1,Executive,20720
4677,204677,0,35,Self Enquiry,3,17,Salaried,Female,3,4,Basic,3,Married,3,1,1,0,2,Executive,20898
4679,204679,0,39,Company Invited,1,10,Salaried,Male,3,4,Basic,3,Married,5,0,3,1,1,Executive,21499
4681,204681,0,38,Self Enquiry,1,10,Salaried,Female,3,4,Deluxe,4,Unmarried,5,0,4,1,1,Manager,22785
4682,204682,0,41,Self Enquiry,3,33,Small Business,Male,4,4,Deluxe,5,Married,3,0,1,1,3,Manager,27074
4683,204683,0,27,Company Invited,1,7,Small Business,Female,4,5,Basic,3,Married,3,0,1,0,1,Executive,20685
4685,204685,0,55,Self Enquiry,3,9,Salaried,Female,3,5,Standard,3,Married,8,0,5,1,2,Senior Manager,29364
4686,204686,0,57,Company Invited,1,16,Small Business,Female,4,4,Basic,3,Married,4,0,1,1,1,Executive,21620
4687,204687,0,37,Self Enquiry,1,19,Small Business,Fe Male,3,5,Standard,3,Unmarried,2,0,1,1,1,Senior Manager,27536
4689,204689,0,44,Self Enquiry,3,32,Small Business,Male,4,5,Standard,3,Married,7,0,4,1,2,Senior Manager,29476
4690,204690,1,21,Company Invited,3,16,Small Business,Female,3,4,Basic,3,Single,3,1,4,1,1,Executive,21001
4691,204691,1,22,Self Enquiry,1,17,Salaried,Female,3,5,Basic,5,Single,3,0,3,0,2,Executive,20094
4692,204692,0,47,Self Enquiry,1,15,Salaried,Female,4,5,Deluxe,5,Married,2,1,1,1,3,Manager,23293
4693,204693,1,52,Self Enquiry,1,11,Salaried,Male,3,4,Basic,3,Married,2,1,1,0,1,Executive,21139
4694,204694,1,29,Company Invited,1,31,Large Business,Male,4,5,Standard,5,Unmarried,3,0,1,1,2,Senior Manager,27400
4695,204695,0,27,Self Enquiry,1,7,Small Business,Male,3,5,Basic,5,Married,3,0,3,1,2,Executive,22633
4696,204696,0,31,Self Enquiry,1,27,Salaried,Male,3,4,Deluxe,5,Married,2,0,4,0,2,Manager,28635
4697,204697,0,42,Self Enquiry,1,14,Large Business,Female,3,2,Basic,3,Married,3,0,3,0,1,Executive,22054
4698,204698,0,39,Self Enquiry,1,24,Salaried,Female,4,5,Standard,3,Married,2,0,1,1,3,Senior Manager,27501
4699,204699,0,41,Self Enquiry,1,27,Large Business,Male,4,4,Standard,3,Married,6,0,3,1,2,Senior Manager,29000
4700,204700,0,28,Company Invited,1,15,Salaried,Male,3,6,Basic,3,Married,3,0,1,1,2,Executive,23299
4701,204701,0,56,Company Invited,1,9,Salaried,Male,4,4,Standard,4,Married,5,0,1,0,2,Senior Manager,29654
4702,204702,0,29,Self Enquiry,1,17,Salaried,Female,3,4,Deluxe,3,Unmarried,5,0,4,0,2,Manager,22338
4703,204703,1,45,Self Enquiry,2,7,Small Business,Male,4,5,Standard,5,Married,2,0,4,1,1,Senior Manager,29160
4704,204704,0,34,Self Enquiry,1,12,Salaried,Male,3,5,Standard,3,Married,6,0,3,1,2,Senior Manager,25797
4705,204705,1,36,Self Enquiry,3,11,Large Business,Male,3,4,Standard,5,Unmarried,2,1,4,1,2,Senior Manager,28260
4706,204706,1,34,Company Invited,1,36,Small Business,Female,3,5,Deluxe,3,Unmarried,3,0,5,1,1,Manager,23186
4707,204707,0,29,Self Enquiry,1,22,Salaried,Male,3,4,Basic,3,Married,3,0,4,0,1,Executive,20885
4708,204708,0,35,Company Invited,1,10,Salaried,Male,3,4,Deluxe,3,Unmarried,2,0,1,1,1,Manager,26434
4709,204709,0,38,Self Enquiry,3,17,Salaried,Female,3,5,Deluxe,3,Married,4,1,4,1,2,Manager,25372
4710,204710,1,26,Self Enquiry,1,11,Large Business,Male,3,4,Basic,3,Married,3,1,3,1,2,Executive,22369
4711,204711,1,27,Self Enquiry,1,28,Small Business,Male,3,4,Basic,3,Married,3,0,5,1,1,Executive,21055
4712,204712,1,34,Self Enquiry,1,32,Small Business,Male,3,5,Basic,4,Single,6,1,4,1,1,Executive,20991
4714,204714,1,29,Company Invited,1,7,Small Business,Male,3,5,Basic,4,Married,3,0,4,1,1,Executive,21274
4715,204715,1,51,Company Invited,3,7,Salaried,Male,3,4,Deluxe,3,Unmarried,5,1,1,1,2,Manager,23406
4716,204716,0,34,Company Invited,3,14,Salaried,Female,2,4,Deluxe,4,Married,2,0,4,0,1,Manager,22980
4717,204717,0,35,Company Invited,1,10,Salaried,Male,3,5,Basic,3,Married,5,0,1,0,1,Executive,21657
4719,204719,0,46,Company Invited,3,16,Salaried,Female,4,5,Deluxe,3,Married,3,0,3,1,3,Manager,24271
4720,204720,0,53,Self Enquiry,1,6,Salaried,Male,3,4,Standard,4,Single,2,0,3,1,2,Senior Manager,29123
4721,204721,0,39,Self Enquiry,3,17,Small Business,Male,4,5,Standard,3,Married,2,1,3,1,2,Senior Manager,27418
4722,204722,0,30,Self Enquiry,1,35,Salaried,Female,4,4,Basic,3,Married,6,0,5,1,1,Executive,21192
4723,204723,0,29,Self Enquiry,1,10,Small Business,Female,4,4,Standard,4,Married,2,0,4,0,1,Senior Manager,26333
4725,204725,0,39,Self Enquiry,3,9,Small Business,Male,3,4,Standard,4,Unmarried,2,0,4,1,2,Senior Manager,26029
4726,204726,0,44,Company Invited,1,34,Salaried,Female,3,4,Standard,5,Married,2,0,4,1,1,Senior Manager,29498
4727,204727,1,40,Company Invited,1,9,Salaried,Male,3,4,Super Deluxe,3,Married,2,0,3,1,1,AVP,30847
4728,204728,0,41,Self Enquiry,1,21,Small Business,Male,3,5,King,3,Single,3,0,3,1,2,VP,38304
4729,204729,0,22,Self Enquiry,1,7,Large Business,Female,4,5,Basic,4,Single,3,1,5,1,2,Executive,20748
4730,204730,0,40,Company Invited,1,16,Salaried,Male,4,4,Deluxe,4,Unmarried,2,0,1,1,1,Manager,25460
4731,204731,0,37,Company Invited,1,25,Salaried,Male,4,4,Deluxe,3,Unmarried,4,0,3,0,2,Manager,26457
4732,204732,0,32,Company Invited,3,27,Salaried,Male,4,2,Basic,3,Married,2,0,5,1,1,Executive,21469
4733,204733,0,29,Self Enquiry,1,9,Salaried,Male,4,5,Basic,4,Married,2,0,1,0,3,Executive,21879
4734,204734,0,36,Company Invited,3,18,Small Business,Male,3,4,Deluxe,3,Married,3,0,5,1,2,Manager,23646
4735,204735,0,50,Self Enquiry,3,15,Large Business,Male,3,5,Super Deluxe,4,Married,8,0,4,1,2,AVP,31798
4736,204736,0,35,Company Invited,1,9,Salaried,Male,4,4,Deluxe,3,Unmarried,4,0,4,1,2,Manager,22711
4737,204737,0,30,Company Invited,1,17,Salaried,Female,4,4,Basic,4,Married,2,0,5,0,1,Executive,21969
4738,204738,0,43,Self Enquiry,1,36,Small Business,Male,3,6,Deluxe,3,Unmarried,6,0,3,1,2,Manager,22950
4739,204739,0,30,Self Enquiry,1,15,Small Business,Male,4,5,Deluxe,3,Married,3,1,3,1,2,Manager,23734
4740,204740,0,39,Self Enquiry,2,7,Salaried,Male,3,2,Basic,3,Married,3,0,4,1,1,Executive,21522
4741,204741,0,29,Company Invited,1,13,Salaried,Male,3,5,Basic,3,Married,3,1,4,1,2,Executive,21381
4742,204742,1,19,Company Invited,1,15,Small Business,Male,4,4,Basic,3,Single,3,0,5,1,1,Executive,20582
4743,204743,1,34,Self Enquiry,3,16,Small Business,Fe Male,4,4,Deluxe,5,Unmarried,2,1,3,0,1,Manager,26902
4744,204744,0,42,Self Enquiry,1,19,Salaried,Male,3,4,Basic,3,Married,5,1,3,1,1,Executive,23444
4745,204745,1,32,Company Invited,1,22,Small Business,Male,4,4,Basic,3,Married,3,0,4,1,1,Executive,21288
4746,204746,0,38,Self Enquiry,1,32,Small Business,Female,3,5,Deluxe,3,Married,2,0,3,1,1,Manager,24409
4747,204747,0,28,Self Enquiry,1,13,Salaried,Male,3,5,Basic,3,Married,3,0,1,1,2,Executive,21217
4748,204748,0,35,Self Enquiry,3,16,Salaried,Female,4,4,Deluxe,3,Married,3,0,1,0,1,Manager,24392
4749,204749,0,36,Self Enquiry,2,15,Large Business,Male,4,4,Basic,3,Unmarried,3,0,5,0,2,Executive,23001
4750,204750,1,30,Self Enquiry,3,30,Salaried,Female,3,5,Standard,5,Married,3,0,3,1,2,Senior Manager,26014
4751,204751,0,41,Company Invited,1,16,Small Business,Female,3,4,Standard,3,Single,2,0,4,1,2,Senior Manager,32177
4752,204752,1,43,Company Invited,3,19,Salaried,Male,3,4,Super Deluxe,5,Single,2,1,5,1,2,AVP,32436
4753,204753,0,43,Self Enquiry,3,11,Small Business,Male,3,4,Deluxe,5,Unmarried,2,0,5,1,1,Manager,23833
4754,204754,0,36,Self Enquiry,1,7,Small Business,Male,3,5,Basic,3,Married,8,0,1,1,2,Executive,20936
4755,204755,0,25,Self Enquiry,1,31,Small Business,Male,3,4,Basic,4,Unmarried,2,0,5,0,2,Executive,22275
4756,204756,1,29,Self Enquiry,1,19,Salaried,Female,4,4,Basic,3,Married,3,1,4,1,2,Executive,21193
4757,204757,0,27,Self Enquiry,1,10,Small Business,Male,3,2,Basic,3,Married,3,0,5,1,2,Executive,23098
4758,204758,0,31,Self Enquiry,3,17,Small Business,Male,4,5,Deluxe,3,Married,3,0,1,0,2,Manager,25256
4759,204759,0,41,Company Invited,1,33,Small Business,Female,4,5,Deluxe,3,Married,5,1,1,0,2,Manager,23100
4760,204760,0,36,Self Enquiry,1,9,Salaried,Male,3,5,Standard,4,Married,4,0,4,1,1,Senior Manager,28952
4761,204761,0,35,Company Invited,1,8,Small Business,Male,4,5,Deluxe,5,Unmarried,2,0,1,0,1,Manager,24021
4762,204762,0,36,Company Invited,1,11,Salaried,Male,3,5,Basic,3,Married,3,0,1,1,2,Executive,21054
4763,204763,1,44,Self Enquiry,3,16,Small Business,Fe Male,3,6,Deluxe,3,Unmarried,2,0,1,0,1,Manager,24024
4764,204764,0,33,Company Invited,3,9,Salaried,Female,4,4,Basic,5,Married,3,0,3,1,1,Executive,21505
4766,204766,0,30,Self Enquiry,1,13,Small Business,Female,3,4,Basic,3,Married,3,0,3,0,2,Executive,21809
4767,204767,0,20,Self Enquiry,1,16,Salaried,Male,3,4,Basic,5,Single,3,0,3,0,2,Executive,21230
4768,204768,0,46,Self Enquiry,1,14,Small Business,Female,3,4,Basic,3,Married,6,1,3,0,2,Executive,23155
4769,204769,0,38,Self Enquiry,1,8,Salaried,Female,3,5,Deluxe,3,Married,3,0,1,0,1,Manager,25152
4770,204770,0,21,Self Enquiry,1,6,Salaried,Male,3,5,Basic,3,Unmarried,3,0,3,0,1,Executive,21711
4771,204771,1,45,Self Enquiry,1,17,Salaried,Male,4,4,Basic,3,Unmarried,3,1,3,1,1,Executive,21614
4773,204773,0,30,Self Enquiry,1,22,Salaried,Female,4,6,Basic,3,Married,2,1,5,1,2,Executive,20846
4774,204774,1,23,Company Invited,1,10,Salaried,Male,3,5,Basic,3,Married,2,1,3,0,2,Executive,21531
4776,204776,0,45,Company Invited,1,24,Salaried,Male,4,6,Basic,3,Single,4,0,4,1,2,Executive,20968
4777,204777,0,34,Self Enquiry,2,9,Salaried,Male,4,4,Basic,3,Married,3,0,1,1,3,Executive,22278
4778,204778,1,42,Company Invited,1,12,Salaried,Male,4,5,Basic,5,Married,8,0,3,0,2,Executive,20785
4779,204779,0,31,Self Enquiry,3,36,Salaried,Male,4,4,Deluxe,5,Married,2,0,1,1,1,Manager,22793
4780,204780,0,41,Company Invited,3,9,Small Business,Male,4,4,Deluxe,4,Married,7,0,4,1,2,Manager,23005
4782,204782,0,29,Self Enquiry,1,26,Small Business,Male,4,5,Basic,5,Married,3,0,3,1,2,Executive,21874
4784,204784,0,36,Self Enquiry,3,24,Salaried,Male,4,4,Deluxe,5,Married,5,1,3,0,3,Manager,27644
4785,204785,1,25,Self Enquiry,1,24,Salaried,Female,4,4,Basic,4,Married,3,0,1,1,3,Executive,20888
4786,204786,0,34,Company Invited,3,32,Small Business,Female,3,4,Deluxe,3,Married,3,0,3,0,2,Manager,23217
4787,204787,0,37,Self Enquiry,1,13,Salaried,Male,3,6,Basic,3,Married,3,0,1,1,1,Executive,21419
4788,204788,0,31,Self Enquiry,1,14,Salaried,Male,3,4,Deluxe,3,Married,3,0,5,1,2,Manager,22169
4789,204789,0,45,Self Enquiry,1,36,Salaried,Male,3,4,Deluxe,3,Unmarried,3,0,5,1,2,Manager,23219
4790,204790,0,21,Self Enquiry,3,28,Small Business,Male,3,2,Basic,3,Unmarried,3,0,3,1,2,Executive,21356
4791,204791,0,47,Self Enquiry,1,9,Large Business,Male,3,4,Deluxe,3,Married,4,0,1,0,1,Manager,26057
4792,204792,0,43,Company Invited,2,9,Small Business,Male,4,2,Deluxe,5,Married,2,0,1,1,2,Manager,24950
4793,204793,0,61,Self Enquiry,3,14,Small Business,Male,3,2,Deluxe,3,Married,2,1,5,0,1,Manager,23898
4794,204794,0,33,Company Invited,1,20,Salaried,Female,4,5,Basic,4,Married,3,0,5,1,1,Executive,21421
4795,204795,0,33,Company Invited,1,9,Salaried,Fe Male,3,4,Deluxe,3,Unmarried,6,1,5,1,1,Manager,23676
4796,204796,0,37,Self Enquiry,1,8,Large Business,Female,4,6,Standard,5,Married,4,1,1,1,1,Senior Manager,28930
4797,204797,0,34,Self Enquiry,1,16,Small Business,Male,3,4,Basic,3,Married,2,0,1,0,2,Executive,21459
4798,204798,0,41,Self Enquiry,3,17,Large Business,Female,3,5,Deluxe,4,Married,2,0,5,1,2,Manager,25530
4799,204799,0,26,Self Enquiry,3,17,Salaried,Male,3,4,Deluxe,3,Unmarried,2,0,1,1,1,Manager,23628
4800,204800,0,31,Self Enquiry,1,8,Small Business,Male,4,4,Basic,4,Married,2,1,4,1,3,Executive,22257
4801,204801,0,43,Company Invited,1,33,Small Business,Female,3,4,Standard,5,Married,5,1,3,0,1,Senior Manager,31869
4802,204802,0,36,Company Invited,3,15,Small Business,Female,4,5,Standard,3,Married,6,1,5,1,3,Senior Manager,29055
4803,204803,0,28,Self Enquiry,1,21,Salaried,Male,3,4,Basic,5,Married,3,1,4,1,1,Executive,20913
4804,204804,0,55,Company Invited,1,8,Salaried,Female,3,4,Standard,3,Married,2,0,5,0,2,Senior Manager,29180
4805,204805,0,45,Self Enquiry,1,9,Salaried,Female,4,2,Basic,3,Married,3,0,4,1,3,Executive,20689
4806,204806,1,20,Company Invited,1,17,Small Business,Female,4,5,Basic,4,Single,3,1,5,0,3,Executive,20537
4807,204807,0,30,Self Enquiry,1,8,Salaried,Female,4,4,Basic,3,Married,3,0,1,1,3,Executive,22438
4809,204809,0,32,Self Enquiry,1,18,Small Business,Male,4,4,Deluxe,5,Married,3,1,1,1,2,Manager,25511
4810,204810,0,32,Self Enquiry,1,31,Small Business,Fe Male,4,5,Deluxe,5,Unmarried,3,0,5,1,1,Manager,25490
4811,204811,0,60,Self Enquiry,3,10,Salaried,Fe Male,3,5,Deluxe,3,Unmarried,7,0,3,0,1,Manager,23849
4814,204814,0,37,Company Invited,1,10,Large Business,Male,3,4,Basic,4,Married,3,0,3,0,2,Executive,22370
4815,204815,1,49,Company Invited,3,31,Salaried,Male,4,6,Basic,3,Single,3,1,1,1,3,Executive,21237
4816,204816,1,28,Self Enquiry,3,9,Small Business,Female,4,6,King,4,Single,4,1,5,1,2,VP,21195
4817,204817,1,30,Company Invited,1,17,Salaried,Fe Male,3,5,Basic,3,Unmarried,3,0,4,1,1,Executive,25301
4820,204820,1,35,Self Enquiry,1,14,Salaried,Male,4,4,Deluxe,3,Married,3,0,3,0,1,Manager,21263
4822,204822,1,34,Self Enquiry,3,32,Small Business,Male,3,5,Standard,4,Unmarried,4,1,5,1,1,Senior Manager,27058
4823,204823,1,20,Self Enquiry,3,12,Salaried,Male,4,4,Standard,4,Unmarried,2,1,4,1,1,Senior Manager,21672
4824,204824,1,24,Company Invited,3,8,Salaried,Female,3,4,Basic,4,Single,3,1,5,1,2,Executive,19901
4826,204826,1,27,Self Enquiry,1,14,Small Business,Female,3,5,Standard,5,Married,2,1,4,1,2,Senior Manager,21553
4828,204828,1,56,Company Invited,3,9,Salaried,Female,3,5,Basic,3,Single,2,0,5,0,1,Executive,32255
4829,204829,1,22,Company Invited,3,25,Small Business,Female,4,4,Deluxe,3,Married,2,1,5,0,2,Manager,21303
4831,204831,1,35,Self Enquiry,1,24,Salaried,Female,3,4,Basic,3,Unmarried,3,1,5,1,1,Executive,23216
4833,204833,1,60,Company Invited,1,21,Salaried,Female,3,4,Standard,3,Single,2,1,5,1,1,Senior Manager,29190
4834,204834,1,35,Company Invited,3,8,Salaried,Female,3,6,Basic,3,Unmarried,3,0,3,0,2,Executive,23122
4835,204835,1,29,Self Enquiry,1,15,Salaried,Female,3,5,Basic,4,Single,3,0,4,0,2,Executive,20832
4837,204837,1,35,Self Enquiry,3,16,Small Business,Male,3,4,Standard,3,Married,6,0,3,1,2,Senior Manager,23168
4838,204838,1,36,Company Invited,1,9,Salaried,Female,3,5,Basic,5,Unmarried,4,1,3,0,1,Executive,22184
4839,204839,1,43,Company Invited,1,8,Salaried,Female,4,2,Standard,4,Single,3,0,3,1,1,Senior Manager,21050
4840,204840,1,44,Company Invited,1,9,Salaried,Male,4,4,Basic,3,Married,8,1,3,0,1,Executive,28909
4841,204841,1,37,Self Enquiry,2,16,Large Business,Female,3,4,Basic,3,Married,3,0,1,1,1,Executive,24088
4842,204842,1,45,Company Invited,3,8,Large Business,Male,4,4,Basic,3,Married,5,0,3,1,2,Executive,26656
4843,204843,1,29,Company Invited,3,20,Large Business,Female,3,4,Deluxe,4,Unmarried,7,0,3,1,1,Manager,22545
4844,204844,1,52,Self Enquiry,3,31,Small Business,Female,3,5,Deluxe,4,Unmarried,2,1,5,1,2,Manager,21516
4845,204845,1,31,Company Invited,1,16,Small Business,Male,3,4,Basic,5,Unmarried,4,1,3,0,2,Executive,23373
4846,204846,1,30,Company Invited,1,9,Small Business,Male,3,5,Basic,5,Unmarried,2,0,4,1,2,Executive,22017
4847,204847,1,29,Self Enquiry,1,8,Large Business,Male,4,5,Basic,5,Single,8,0,3,1,2,Executive,20758
4848,204848,1,26,Self Enquiry,1,16,Salaried,Male,3,4,Basic,5,Single,5,0,1,1,1,Executive,20774
4849,204849,1,33,Company Invited,1,10,Salaried,Fe Male,3,4,Basic,3,Unmarried,3,0,4,1,1,Executive,24887
4852,204852,1,59,Self Enquiry,1,9,Large Business,Female,4,5,Standard,3,Married,2,0,5,0,1,Senior Manager,21050
4853,204853,1,33,Self Enquiry,1,9,Small Business,Male,3,4,Deluxe,4,Married,6,0,4,1,2,Manager,23561
4854,204854,1,40,Self Enquiry,1,31,Small Business,Male,3,4,Basic,4,Married,3,1,1,0,1,Executive,22582
4855,204855,1,31,Company Invited,3,10,Small Business,Female,4,4,Basic,3,Unmarried,3,1,5,1,2,Executive,23305
4856,204856,1,37,Self Enquiry,3,17,Small Business,Male,3,5,Standard,5,Married,2,0,5,0,1,Senior Manager,25772
4857,204857,1,47,Self Enquiry,3,22,Small Business,Male,3,6,Deluxe,3,Married,8,1,1,0,2,Manager,22101
4858,204858,1,29,Self Enquiry,1,14,Salaried,Male,4,4,Basic,5,Unmarried,5,1,3,0,3,Executive,25352
4859,204859,1,51,Company Invited,3,19,Salaried,Male,3,4,Deluxe,3,Single,5,1,3,1,2,Manager,35558
4860,204860,1,41,Self Enquiry,1,15,Small Business,Male,4,5,Basic,3,Unmarried,3,1,4,1,3,Executive,27772
4861,204861,1,53,Company Invited,3,14,Small Business,Female,4,4,Basic,3,Married,4,1,4,1,3,Executive,27124
4862,204862,1,31,Self Enquiry,1,9,Salaried,Male,4,4,Basic,4,Single,3,0,3,0,1,Executive,30594
4863,204863,1,40,Self Enquiry,3,14,Salaried,Male,4,4,Basic,3,Married,3,1,1,1,3,Executive,23212
4864,204864,1,32,Self Enquiry,2,29,Salaried,Male,3,6,Basic,3,Married,3,0,1,0,2,Executive,28530
4865,204865,1,42,Company Invited,3,16,Salaried,Male,3,6,Super Deluxe,3,Married,2,0,5,1,2,AVP,24829
4866,204866,1,32,Self Enquiry,3,20,Small Business,Male,4,5,Deluxe,5,Married,7,1,1,1,1,Manager,20980
4867,204867,1,45,Self Enquiry,3,8,Salaried,Male,3,6,Deluxe,4,Single,8,0,3,0,2,Manager,21040
4871,204871,1,41,Self Enquiry,3,23,Small Business,Male,4,4,Standard,3,Married,4,0,5,0,2,Senior Manager,22222
4872,204872,1,35,Company Invited,1,24,Large Business,Male,3,5,Basic,3,Married,2,1,5,1,2,Executive,27178
4873,204873,1,41,Self Enquiry,3,14,Small Business,Male,3,4,Basic,4,Unmarried,3,0,5,0,1,Executive,23339
4874,204874,1,42,Self Enquiry,1,15,Small Business,Female,4,4,Basic,5,Married,3,1,3,0,3,Executive,22781
4875,204875,1,36,Company Invited,1,8,Small Business,Male,4,4,Basic,4,Married,3,1,3,1,1,Executive,22927
4876,204876,1,52,Self Enquiry,3,34,Salaried,Male,3,4,Deluxe,3,Single,3,1,5,1,2,Manager,32704
4877,204877,1,39,Company Invited,1,16,Salaried,Male,4,4,Deluxe,5,Married,6,0,3,0,3,Manager,25571
4878,204878,1,35,Self Enquiry,1,17,Small Business,Male,3,4,Deluxe,5,Unmarried,3,0,4,0,1,Manager,24803
4879,204879,1,26,Self Enquiry,2,27,Small Business,Female,4,4,Basic,4,Married,2,1,3,0,2,Executive,22347
4880,204880,1,59,Self Enquiry,1,28,Small Business,Female,4,4,Deluxe,4,Married,6,0,3,1,2,Manager,28686
4881,204881,1,41,Self Enquiry,2,25,Salaried,Male,3,2,Basic,5,Married,2,0,1,1,2,Executive,21065
4882,204882,1,37,Self Enquiry,2,20,Salaried,Male,3,5,Basic,5,Married,6,1,5,1,2,Executive,23317
4883,204883,1,49,Self Enquiry,3,9,Small Business,Male,3,5,Deluxe,4,Unmarried,2,1,1,1,1,Manager,26576
4884,204884,1,28,Company Invited,1,31,Salaried,Male,4,5,Basic,3,Single,3,1,3,1,2,Executive,21212
4885,204885,1,52,Self Enquiry,3,17,Salaried,Female,4,4,Standard,4,Married,7,0,1,1,3,Senior Manager,31820
4886,204886,1,19,Self Enquiry,3,16,Small Business,Male,3,4,Basic,3,Single,3,0,5,0,2,Executive,20289
4887,204887,1,36,Self Enquiry,1,14,Salaried,Male,4,4,Basic,4,Unmarried,3,1,3,1,2,Executive,24041